[2025-12-05 08:45:00] laravel.EMERGENCY: Unable to create configured logger. Using emergency logger. {"exception":"[object] (ErrorException(code: 0): Undefined array key \"channels\" at /Users/appkey/Desktop/agungappkey/tugas-akhir/vendor/laravel/framework/src/Illuminate/Log/LogManager.php:260)
[stacktrace]
#0 /Users/appkey/Desktop/agungappkey/tugas-akhir/vendor/laravel/framework/src/Illuminate/Foundation/Bootstrap/HandleExceptions.php(255): Illuminate\\Foundation\\Bootstrap\\HandleExceptions->handleError(2, 'Undefined array...', '/Users/appkey/D...', 260)
#1 /Users/appkey/Desktop/agungappkey/tugas-akhir/vendor/laravel/framework/src/Illuminate/Log/LogManager.php(260): Illuminate\\Foundation\\Bootstrap\\HandleExceptions->Illuminate\\Foundation\\Bootstrap\\{closure}(2, 'Undefined array...', '/Users/appkey/D...', 260)
#2 /Users/appkey/Desktop/agungappkey/tugas-akhir/vendor/laravel/framework/src/Illuminate/Log/LogManager.php(222): Illuminate\\Log\\LogManager->createStackDriver(Array)
#3 /Users/appkey/Desktop/agungappkey/tugas-akhir/vendor/laravel/framework/src/Illuminate/Log/LogManager.php(137): Illuminate\\Log\\LogManager->resolve('stack', Array)
#4 /Users/appkey/Desktop/agungappkey/tugas-akhir/vendor/laravel/framework/src/Illuminate/Log/LogManager.php(124): Illuminate\\Log\\LogManager->get('stack')
#5 /Users/appkey/Desktop/agungappkey/tugas-akhir/vendor/laravel/framework/src/Illuminate/Log/LogManager.php(722): Illuminate\\Log\\LogManager->driver()
#6 /Users/appkey/Desktop/agungappkey/tugas-akhir/vendor/laravel/framework/src/Illuminate/Support/Facades/Facade.php(355): Illuminate\\Log\\LogManager->info('User registrati...', Array)
#7 /Users/appkey/Desktop/agungappkey/tugas-akhir/app/Http/Controllers/Auth/RegisteredUserController.php(34): Illuminate\\Support\\Facades\\Facade::__callStatic('info', Array)
#8 /Users/appkey/Desktop/agungappkey/tugas-akhir/vendor/laravel/framework/src/Illuminate/Routing/Controller.php(54): App\\Http\\Controllers\\Auth\\RegisteredUserController->store(Object(Illuminate\\Http\\Request))
#9 /Users/appkey/Desktop/agungappkey/tugas-akhir/vendor/laravel/framework/src/Illuminate/Routing/ControllerDispatcher.php(43): Illuminate\\Routing\\Controller->callAction('store', Array)
#10 /Users/appkey/Desktop/agungappkey/tugas-akhir/vendor/laravel/framework/src/Illuminate/Routing/Route.php(259): Illuminate\\Routing\\ControllerDispatcher->dispatch(Object(Illuminate\\Routing\\Route), Object(App\\Http\\Controllers\\Auth\\RegisteredUserController), 'store')
#11 /Users/appkey/Desktop/agungappkey/tugas-akhir/vendor/laravel/framework/src/Illuminate/Routing/Route.php(205): Illuminate\\Routing\\Route->runController()
#12 /Users/appkey/Desktop/agungappkey/tugas-akhir/vendor/laravel/framework/src/Illuminate/Routing/Router.php(806): Illuminate\\Routing\\Route->run()
#13 /Users/appkey/Desktop/agungappkey/tugas-akhir/vendor/laravel/framework/src/Illuminate/Pipeline/Pipeline.php(144): Illuminate\\Routing\\Router->Illuminate\\Routing\\{closure}(Object(Illuminate\\Http\\Request))
#14 /Users/appkey/Desktop/agungappkey/tugas-akhir/app/Http/Middleware/RedirectIfAuthenticated.php(27): Illuminate\\Pipeline\\Pipeline->Illuminate\\Pipeline\\{closure}(Object(Illuminate\\Http\\Request))
#15 /Users/appkey/Desktop/agungappkey/tugas-akhir/vendor/laravel/framework/src/Illuminate/Pipeline/Pipeline.php(183): App\\Http\\Middleware\\RedirectIfAuthenticated->handle(Object(Illuminate\\Http\\Request), Object(Closure))
#16 /Users/appkey/Desktop/agungappkey/tugas-akhir/app/Http/Middleware/SetLocale.php(36): Illuminate\\Pipeline\\Pipeline->Illuminate\\Pipeline\\{closure}(Object(Illuminate\\Http\\Request))
#17 /Users/appkey/Desktop/agungappkey/tugas-akhir/vendor/laravel/framework/src/Illuminate/Pipeline/Pipeline.php(183): App\\Http\\Middleware\\SetLocale->handle(Object(Illuminate\\Http\\Request), Object(Closure))
#18 /Users/appkey/Desktop/agungappkey/tugas-akhir/vendor/laravel/framework/src/Illuminate/Routing/Middleware/SubstituteBindings.php(50): Illuminate\\Pipeline\\Pipeline->Illuminate\\Pipeline\\{closure}(Object(Illuminate\\Http\\Request))
#19 /Users/appkey/Desktop/agungappkey/tugas-akhir/vendor/laravel/framework/src/Illuminate/Pipeline/Pipeline.php(183): Illuminate\\Routing\\Middleware\\SubstituteBindings->handle(Object(Illuminate\\Http\\Request), Object(Closure))
#20 /Users/appkey/Desktop/agungappkey/tugas-akhir/vendor/laravel/framework/src/Illuminate/Foundation/Http/Middleware/VerifyCsrfToken.php(78): Illuminate\\Pipeline\\Pipeline->Illuminate\\Pipeline\\{closure}(Object(Illuminate\\Http\\Request))
#21 /Users/appkey/Desktop/agungappkey/tugas-akhir/vendor/laravel/framework/src/Illuminate/Pipeline/Pipeline.php(183): Illuminate\\Foundation\\Http\\Middleware\\VerifyCsrfToken->handle(Object(Illuminate\\Http\\Request), Object(Closure))
#22 /Users/appkey/Desktop/agungappkey/tugas-akhir/vendor/laravel/framework/src/Illuminate/View/Middleware/ShareErrorsFromSession.php(49): Illuminate\\Pipeline\\Pipeline->Illuminate\\Pipeline\\{closure}(Object(Illuminate\\Http\\Request))
#23 /Users/appkey/Desktop/agungappkey/tugas-akhir/vendor/laravel/framework/src/Illuminate/Pipeline/Pipeline.php(183): Illuminate\\View\\Middleware\\ShareErrorsFromSession->handle(Object(Illuminate\\Http\\Request), Object(Closure))
#24 /Users/appkey/Desktop/agungappkey/tugas-akhir/vendor/laravel/framework/src/Illuminate/Session/Middleware/StartSession.php(121): Illuminate\\Pipeline\\Pipeline->Illuminate\\Pipeline\\{closure}(Object(Illuminate\\Http\\Request))
#25 /Users/appkey/Desktop/agungappkey/tugas-akhir/vendor/laravel/framework/src/Illuminate/Session/Middleware/StartSession.php(64): Illuminate\\Session\\Middleware\\StartSession->handleStatefulRequest(Object(Illuminate\\Http\\Request), Object(Illuminate\\Session\\Store), Object(Closure))
#26 /Users/appkey/Desktop/agungappkey/tugas-akhir/vendor/laravel/framework/src/Illuminate/Pipeline/Pipeline.php(183): Illuminate\\Session\\Middleware\\StartSession->handle(Object(Illuminate\\Http\\Request), Object(Closure))
#27 /Users/appkey/Desktop/agungappkey/tugas-akhir/vendor/laravel/framework/src/Illuminate/Cookie/Middleware/AddQueuedCookiesToResponse.php(37): Illuminate\\Pipeline\\Pipeline->Illuminate\\Pipeline\\{closure}(Object(Illuminate\\Http\\Request))
#28 /Users/appkey/Desktop/agungappkey/tugas-akhir/vendor/laravel/framework/src/Illuminate/Pipeline/Pipeline.php(183): Illuminate\\Cookie\\Middleware\\AddQueuedCookiesToResponse->handle(Object(Illuminate\\Http\\Request), Object(Closure))
#29 /Users/appkey/Desktop/agungappkey/tugas-akhir/vendor/laravel/framework/src/Illuminate/Cookie/Middleware/EncryptCookies.php(67): Illuminate\\Pipeline\\Pipeline->Illuminate\\Pipeline\\{closure}(Object(Illuminate\\Http\\Request))
#30 /Users/appkey/Desktop/agungappkey/tugas-akhir/vendor/laravel/framework/src/Illuminate/Pipeline/Pipeline.php(183): Illuminate\\Cookie\\Middleware\\EncryptCookies->handle(Object(Illuminate\\Http\\Request), Object(Closure))
#31 /Users/appkey/Desktop/agungappkey/tugas-akhir/vendor/laravel/framework/src/Illuminate/Pipeline/Pipeline.php(119): Illuminate\\Pipeline\\Pipeline->Illuminate\\Pipeline\\{closure}(Object(Illuminate\\Http\\Request))
#32 /Users/appkey/Desktop/agungappkey/tugas-akhir/vendor/laravel/framework/src/Illuminate/Routing/Router.php(805): Illuminate\\Pipeline\\Pipeline->then(Object(Closure))
#33 /Users/appkey/Desktop/agungappkey/tugas-akhir/vendor/laravel/framework/src/Illuminate/Routing/Router.php(784): Illuminate\\Routing\\Router->runRouteWithinStack(Object(Illuminate\\Routing\\Route), Object(Illuminate\\Http\\Request))
#34 /Users/appkey/Desktop/agungappkey/tugas-akhir/vendor/laravel/framework/src/Illuminate/Routing/Router.php(748): Illuminate\\Routing\\Router->runRoute(Object(Illuminate\\Http\\Request), Object(Illuminate\\Routing\\Route))
#35 /Users/appkey/Desktop/agungappkey/tugas-akhir/vendor/laravel/framework/src/Illuminate/Routing/Router.php(737): Illuminate\\Routing\\Router->dispatchToRoute(Object(Illuminate\\Http\\Request))
#36 /Users/appkey/Desktop/agungappkey/tugas-akhir/vendor/laravel/framework/src/Illuminate/Foundation/Http/Kernel.php(200): Illuminate\\Routing\\Router->dispatch(Object(Illuminate\\Http\\Request))
#37 /Users/appkey/Desktop/agungappkey/tugas-akhir/vendor/laravel/framework/src/Illuminate/Pipeline/Pipeline.php(144): Illuminate\\Foundation\\Http\\Kernel->Illuminate\\Foundation\\Http\\{closure}(Object(Illuminate\\Http\\Request))
#38 /Users/appkey/Desktop/agungappkey/tugas-akhir/vendor/laravel/framework/src/Illuminate/Foundation/Http/Middleware/TransformsRequest.php(21): Illuminate\\Pipeline\\Pipeline->Illuminate\\Pipeline\\{closure}(Object(Illuminate\\Http\\Request))
#39 /Users/appkey/Desktop/agungappkey/tugas-akhir/vendor/laravel/framework/src/Illuminate/Foundation/Http/Middleware/ConvertEmptyStringsToNull.php(31): Illuminate\\Foundation\\Http\\Middleware\\TransformsRequest->handle(Object(Illuminate\\Http\\Request), Object(Closure))
#40 /Users/appkey/Desktop/agungappkey/tugas-akhir/vendor/laravel/framework/src/Illuminate/Pipeline/Pipeline.php(183): Illuminate\\Foundation\\Http\\Middleware\\ConvertEmptyStringsToNull->handle(Object(Illuminate\\Http\\Request), Object(Closure))
#41 /Users/appkey/Desktop/agungappkey/tugas-akhir/vendor/laravel/framework/src/Illuminate/Foundation/Http/Middleware/TransformsRequest.php(21): Illuminate\\Pipeline\\Pipeline->Illuminate\\Pipeline\\{closure}(Object(Illuminate\\Http\\Request))
#42 /Users/appkey/Desktop/agungappkey/tugas-akhir/vendor/laravel/framework/src/Illuminate/Foundation/Http/Middleware/TrimStrings.php(40): Illuminate\\Foundation\\Http\\Middleware\\TransformsRequest->handle(Object(Illuminate\\Http\\Request), Object(Closure))
#43 /Users/appkey/Desktop/agungappkey/tugas-akhir/vendor/laravel/framework/src/Illuminate/Pipeline/Pipeline.php(183): Illuminate\\Foundation\\Http\\Middleware\\TrimStrings->handle(Object(Illuminate\\Http\\Request), Object(Closure))
#44 /Users/appkey/Desktop/agungappkey/tugas-akhir/vendor/laravel/framework/src/Illuminate/Foundation/Http/Middleware/ValidatePostSize.php(27): Illuminate\\Pipeline\\Pipeline->Illuminate\\Pipeline\\{closure}(Object(Illuminate\\Http\\Request))
#45 /Users/appkey/Desktop/agungappkey/tugas-akhir/vendor/laravel/framework/src/Illuminate/Pipeline/Pipeline.php(183): Illuminate\\Foundation\\Http\\Middleware\\ValidatePostSize->handle(Object(Illuminate\\Http\\Request), Object(Closure))
#46 /Users/appkey/Desktop/agungappkey/tugas-akhir/vendor/laravel/framework/src/Illuminate/Foundation/Http/Middleware/PreventRequestsDuringMaintenance.php(99): Illuminate\\Pipeline\\Pipeline->Illuminate\\Pipeline\\{closure}(Object(Illuminate\\Http\\Request))
#47 /Users/appkey/Desktop/agungappkey/tugas-akhir/vendor/laravel/framework/src/Illuminate/Pipeline/Pipeline.php(183): Illuminate\\Foundation\\Http\\Middleware\\PreventRequestsDuringMaintenance->handle(Object(Illuminate\\Http\\Request), Object(Closure))
#48 /Users/appkey/Desktop/agungappkey/tugas-akhir/vendor/laravel/framework/src/Illuminate/Http/Middleware/HandleCors.php(49): Illuminate\\Pipeline\\Pipeline->Illuminate\\Pipeline\\{closure}(Object(Illuminate\\Http\\Request))
#49 /Users/appkey/Desktop/agungappkey/tugas-akhir/vendor/laravel/framework/src/Illuminate/Pipeline/Pipeline.php(183): Illuminate\\Http\\Middleware\\HandleCors->handle(Object(Illuminate\\Http\\Request), Object(Closure))
#50 /Users/appkey/Desktop/agungappkey/tugas-akhir/vendor/laravel/framework/src/Illuminate/Http/Middleware/TrustProxies.php(39): Illuminate\\Pipeline\\Pipeline->Illuminate\\Pipeline\\{closure}(Object(Illuminate\\Http\\Request))
#51 /Users/appkey/Desktop/agungappkey/tugas-akhir/vendor/laravel/framework/src/Illuminate/Pipeline/Pipeline.php(183): Illuminate\\Http\\Middleware\\TrustProxies->handle(Object(Illuminate\\Http\\Request), Object(Closure))
#52 /Users/appkey/Desktop/agungappkey/tugas-akhir/vendor/laravel/framework/src/Illuminate/Pipeline/Pipeline.php(119): Illuminate\\Pipeline\\Pipeline->Illuminate\\Pipeline\\{closure}(Object(Illuminate\\Http\\Request))
#53 /Users/appkey/Desktop/agungappkey/tugas-akhir/vendor/laravel/framework/src/Illuminate/Foundation/Http/Kernel.php(175): Illuminate\\Pipeline\\Pipeline->then(Object(Closure))
#54 /Users/appkey/Desktop/agungappkey/tugas-akhir/vendor/laravel/framework/src/Illuminate/Foundation/Http/Kernel.php(144): Illuminate\\Foundation\\Http\\Kernel->sendRequestThroughRouter(Object(Illuminate\\Http\\Request))
#55 /Users/appkey/Desktop/agungappkey/tugas-akhir/public/index.php(51): Illuminate\\Foundation\\Http\\Kernel->handle(Object(Illuminate\\Http\\Request))
#56 /Users/appkey/Desktop/agungappkey/tugas-akhir/vendor/laravel/framework/src/Illuminate/Foundation/resources/server.php(16): require_once('/Users/appkey/D...')
#57 {main}
"} 
[2025-12-05 08:45:00] laravel.INFO: User registration attempt {"email":"faizal01.appkey@gmail.com","name":"Faizal","ip":"127.0.0.1","user_agent":"Mozilla/5.0 (Macintosh; Intel Mac OS X 10_15_7) AppleWebKit/537.36 (KHTML, like Gecko) Chrome/142.0.0.0 Safari/537.36"} 
[2025-12-05 08:45:00] laravel.EMERGENCY: Unable to create configured logger. Using emergency logger. {"exception":"[object] (ErrorException(code: 0): Undefined array key \"channels\" at /Users/appkey/Desktop/agungappkey/tugas-akhir/vendor/laravel/framework/src/Illuminate/Log/LogManager.php:260)
[stacktrace]
#0 /Users/appkey/Desktop/agungappkey/tugas-akhir/vendor/laravel/framework/src/Illuminate/Foundation/Bootstrap/HandleExceptions.php(255): Illuminate\\Foundation\\Bootstrap\\HandleExceptions->handleError(2, 'Undefined array...', '/Users/appkey/D...', 260)
#1 /Users/appkey/Desktop/agungappkey/tugas-akhir/vendor/laravel/framework/src/Illuminate/Log/LogManager.php(260): Illuminate\\Foundation\\Bootstrap\\HandleExceptions->Illuminate\\Foundation\\Bootstrap\\{closure}(2, 'Undefined array...', '/Users/appkey/D...', 260)
#2 /Users/appkey/Desktop/agungappkey/tugas-akhir/vendor/laravel/framework/src/Illuminate/Log/LogManager.php(222): Illuminate\\Log\\LogManager->createStackDriver(Array)
#3 /Users/appkey/Desktop/agungappkey/tugas-akhir/vendor/laravel/framework/src/Illuminate/Log/LogManager.php(137): Illuminate\\Log\\LogManager->resolve('stack', Array)
#4 /Users/appkey/Desktop/agungappkey/tugas-akhir/vendor/laravel/framework/src/Illuminate/Log/LogManager.php(124): Illuminate\\Log\\LogManager->get('stack')
#5 /Users/appkey/Desktop/agungappkey/tugas-akhir/vendor/laravel/framework/src/Illuminate/Log/LogManager.php(722): Illuminate\\Log\\LogManager->driver()
#6 /Users/appkey/Desktop/agungappkey/tugas-akhir/vendor/laravel/framework/src/Illuminate/Support/Facades/Facade.php(355): Illuminate\\Log\\LogManager->info('User registered...', Array)
#7 /Users/appkey/Desktop/agungappkey/tugas-akhir/app/Http/Controllers/Auth/RegisteredUserController.php(67): Illuminate\\Support\\Facades\\Facade::__callStatic('info', Array)
#8 /Users/appkey/Desktop/agungappkey/tugas-akhir/vendor/laravel/framework/src/Illuminate/Routing/Controller.php(54): App\\Http\\Controllers\\Auth\\RegisteredUserController->store(Object(Illuminate\\Http\\Request))
#9 /Users/appkey/Desktop/agungappkey/tugas-akhir/vendor/laravel/framework/src/Illuminate/Routing/ControllerDispatcher.php(43): Illuminate\\Routing\\Controller->callAction('store', Array)
#10 /Users/appkey/Desktop/agungappkey/tugas-akhir/vendor/laravel/framework/src/Illuminate/Routing/Route.php(259): Illuminate\\Routing\\ControllerDispatcher->dispatch(Object(Illuminate\\Routing\\Route), Object(App\\Http\\Controllers\\Auth\\RegisteredUserController), 'store')
#11 /Users/appkey/Desktop/agungappkey/tugas-akhir/vendor/laravel/framework/src/Illuminate/Routing/Route.php(205): Illuminate\\Routing\\Route->runController()
#12 /Users/appkey/Desktop/agungappkey/tugas-akhir/vendor/laravel/framework/src/Illuminate/Routing/Router.php(806): Illuminate\\Routing\\Route->run()
#13 /Users/appkey/Desktop/agungappkey/tugas-akhir/vendor/laravel/framework/src/Illuminate/Pipeline/Pipeline.php(144): Illuminate\\Routing\\Router->Illuminate\\Routing\\{closure}(Object(Illuminate\\Http\\Request))
#14 /Users/appkey/Desktop/agungappkey/tugas-akhir/app/Http/Middleware/RedirectIfAuthenticated.php(27): Illuminate\\Pipeline\\Pipeline->Illuminate\\Pipeline\\{closure}(Object(Illuminate\\Http\\Request))
#15 /Users/appkey/Desktop/agungappkey/tugas-akhir/vendor/laravel/framework/src/Illuminate/Pipeline/Pipeline.php(183): App\\Http\\Middleware\\RedirectIfAuthenticated->handle(Object(Illuminate\\Http\\Request), Object(Closure))
#16 /Users/appkey/Desktop/agungappkey/tugas-akhir/app/Http/Middleware/SetLocale.php(36): Illuminate\\Pipeline\\Pipeline->Illuminate\\Pipeline\\{closure}(Object(Illuminate\\Http\\Request))
#17 /Users/appkey/Desktop/agungappkey/tugas-akhir/vendor/laravel/framework/src/Illuminate/Pipeline/Pipeline.php(183): App\\Http\\Middleware\\SetLocale->handle(Object(Illuminate\\Http\\Request), Object(Closure))
#18 /Users/appkey/Desktop/agungappkey/tugas-akhir/vendor/laravel/framework/src/Illuminate/Routing/Middleware/SubstituteBindings.php(50): Illuminate\\Pipeline\\Pipeline->Illuminate\\Pipeline\\{closure}(Object(Illuminate\\Http\\Request))
#19 /Users/appkey/Desktop/agungappkey/tugas-akhir/vendor/laravel/framework/src/Illuminate/Pipeline/Pipeline.php(183): Illuminate\\Routing\\Middleware\\SubstituteBindings->handle(Object(Illuminate\\Http\\Request), Object(Closure))
#20 /Users/appkey/Desktop/agungappkey/tugas-akhir/vendor/laravel/framework/src/Illuminate/Foundation/Http/Middleware/VerifyCsrfToken.php(78): Illuminate\\Pipeline\\Pipeline->Illuminate\\Pipeline\\{closure}(Object(Illuminate\\Http\\Request))
#21 /Users/appkey/Desktop/agungappkey/tugas-akhir/vendor/laravel/framework/src/Illuminate/Pipeline/Pipeline.php(183): Illuminate\\Foundation\\Http\\Middleware\\VerifyCsrfToken->handle(Object(Illuminate\\Http\\Request), Object(Closure))
#22 /Users/appkey/Desktop/agungappkey/tugas-akhir/vendor/laravel/framework/src/Illuminate/View/Middleware/ShareErrorsFromSession.php(49): Illuminate\\Pipeline\\Pipeline->Illuminate\\Pipeline\\{closure}(Object(Illuminate\\Http\\Request))
#23 /Users/appkey/Desktop/agungappkey/tugas-akhir/vendor/laravel/framework/src/Illuminate/Pipeline/Pipeline.php(183): Illuminate\\View\\Middleware\\ShareErrorsFromSession->handle(Object(Illuminate\\Http\\Request), Object(Closure))
#24 /Users/appkey/Desktop/agungappkey/tugas-akhir/vendor/laravel/framework/src/Illuminate/Session/Middleware/StartSession.php(121): Illuminate\\Pipeline\\Pipeline->Illuminate\\Pipeline\\{closure}(Object(Illuminate\\Http\\Request))
#25 /Users/appkey/Desktop/agungappkey/tugas-akhir/vendor/laravel/framework/src/Illuminate/Session/Middleware/StartSession.php(64): Illuminate\\Session\\Middleware\\StartSession->handleStatefulRequest(Object(Illuminate\\Http\\Request), Object(Illuminate\\Session\\Store), Object(Closure))
#26 /Users/appkey/Desktop/agungappkey/tugas-akhir/vendor/laravel/framework/src/Illuminate/Pipeline/Pipeline.php(183): Illuminate\\Session\\Middleware\\StartSession->handle(Object(Illuminate\\Http\\Request), Object(Closure))
#27 /Users/appkey/Desktop/agungappkey/tugas-akhir/vendor/laravel/framework/src/Illuminate/Cookie/Middleware/AddQueuedCookiesToResponse.php(37): Illuminate\\Pipeline\\Pipeline->Illuminate\\Pipeline\\{closure}(Object(Illuminate\\Http\\Request))
#28 /Users/appkey/Desktop/agungappkey/tugas-akhir/vendor/laravel/framework/src/Illuminate/Pipeline/Pipeline.php(183): Illuminate\\Cookie\\Middleware\\AddQueuedCookiesToResponse->handle(Object(Illuminate\\Http\\Request), Object(Closure))
#29 /Users/appkey/Desktop/agungappkey/tugas-akhir/vendor/laravel/framework/src/Illuminate/Cookie/Middleware/EncryptCookies.php(67): Illuminate\\Pipeline\\Pipeline->Illuminate\\Pipeline\\{closure}(Object(Illuminate\\Http\\Request))
#30 /Users/appkey/Desktop/agungappkey/tugas-akhir/vendor/laravel/framework/src/Illuminate/Pipeline/Pipeline.php(183): Illuminate\\Cookie\\Middleware\\EncryptCookies->handle(Object(Illuminate\\Http\\Request), Object(Closure))
#31 /Users/appkey/Desktop/agungappkey/tugas-akhir/vendor/laravel/framework/src/Illuminate/Pipeline/Pipeline.php(119): Illuminate\\Pipeline\\Pipeline->Illuminate\\Pipeline\\{closure}(Object(Illuminate\\Http\\Request))
#32 /Users/appkey/Desktop/agungappkey/tugas-akhir/vendor/laravel/framework/src/Illuminate/Routing/Router.php(805): Illuminate\\Pipeline\\Pipeline->then(Object(Closure))
#33 /Users/appkey/Desktop/agungappkey/tugas-akhir/vendor/laravel/framework/src/Illuminate/Routing/Router.php(784): Illuminate\\Routing\\Router->runRouteWithinStack(Object(Illuminate\\Routing\\Route), Object(Illuminate\\Http\\Request))
#34 /Users/appkey/Desktop/agungappkey/tugas-akhir/vendor/laravel/framework/src/Illuminate/Routing/Router.php(748): Illuminate\\Routing\\Router->runRoute(Object(Illuminate\\Http\\Request), Object(Illuminate\\Routing\\Route))
#35 /Users/appkey/Desktop/agungappkey/tugas-akhir/vendor/laravel/framework/src/Illuminate/Routing/Router.php(737): Illuminate\\Routing\\Router->dispatchToRoute(Object(Illuminate\\Http\\Request))
#36 /Users/appkey/Desktop/agungappkey/tugas-akhir/vendor/laravel/framework/src/Illuminate/Foundation/Http/Kernel.php(200): Illuminate\\Routing\\Router->dispatch(Object(Illuminate\\Http\\Request))
#37 /Users/appkey/Desktop/agungappkey/tugas-akhir/vendor/laravel/framework/src/Illuminate/Pipeline/Pipeline.php(144): Illuminate\\Foundation\\Http\\Kernel->Illuminate\\Foundation\\Http\\{closure}(Object(Illuminate\\Http\\Request))
#38 /Users/appkey/Desktop/agungappkey/tugas-akhir/vendor/laravel/framework/src/Illuminate/Foundation/Http/Middleware/TransformsRequest.php(21): Illuminate\\Pipeline\\Pipeline->Illuminate\\Pipeline\\{closure}(Object(Illuminate\\Http\\Request))
#39 /Users/appkey/Desktop/agungappkey/tugas-akhir/vendor/laravel/framework/src/Illuminate/Foundation/Http/Middleware/ConvertEmptyStringsToNull.php(31): Illuminate\\Foundation\\Http\\Middleware\\TransformsRequest->handle(Object(Illuminate\\Http\\Request), Object(Closure))
#40 /Users/appkey/Desktop/agungappkey/tugas-akhir/vendor/laravel/framework/src/Illuminate/Pipeline/Pipeline.php(183): Illuminate\\Foundation\\Http\\Middleware\\ConvertEmptyStringsToNull->handle(Object(Illuminate\\Http\\Request), Object(Closure))
#41 /Users/appkey/Desktop/agungappkey/tugas-akhir/vendor/laravel/framework/src/Illuminate/Foundation/Http/Middleware/TransformsRequest.php(21): Illuminate\\Pipeline\\Pipeline->Illuminate\\Pipeline\\{closure}(Object(Illuminate\\Http\\Request))
#42 /Users/appkey/Desktop/agungappkey/tugas-akhir/vendor/laravel/framework/src/Illuminate/Foundation/Http/Middleware/TrimStrings.php(40): Illuminate\\Foundation\\Http\\Middleware\\TransformsRequest->handle(Object(Illuminate\\Http\\Request), Object(Closure))
#43 /Users/appkey/Desktop/agungappkey/tugas-akhir/vendor/laravel/framework/src/Illuminate/Pipeline/Pipeline.php(183): Illuminate\\Foundation\\Http\\Middleware\\TrimStrings->handle(Object(Illuminate\\Http\\Request), Object(Closure))
#44 /Users/appkey/Desktop/agungappkey/tugas-akhir/vendor/laravel/framework/src/Illuminate/Foundation/Http/Middleware/ValidatePostSize.php(27): Illuminate\\Pipeline\\Pipeline->Illuminate\\Pipeline\\{closure}(Object(Illuminate\\Http\\Request))
#45 /Users/appkey/Desktop/agungappkey/tugas-akhir/vendor/laravel/framework/src/Illuminate/Pipeline/Pipeline.php(183): Illuminate\\Foundation\\Http\\Middleware\\ValidatePostSize->handle(Object(Illuminate\\Http\\Request), Object(Closure))
#46 /Users/appkey/Desktop/agungappkey/tugas-akhir/vendor/laravel/framework/src/Illuminate/Foundation/Http/Middleware/PreventRequestsDuringMaintenance.php(99): Illuminate\\Pipeline\\Pipeline->Illuminate\\Pipeline\\{closure}(Object(Illuminate\\Http\\Request))
#47 /Users/appkey/Desktop/agungappkey/tugas-akhir/vendor/laravel/framework/src/Illuminate/Pipeline/Pipeline.php(183): Illuminate\\Foundation\\Http\\Middleware\\PreventRequestsDuringMaintenance->handle(Object(Illuminate\\Http\\Request), Object(Closure))
#48 /Users/appkey/Desktop/agungappkey/tugas-akhir/vendor/laravel/framework/src/Illuminate/Http/Middleware/HandleCors.php(49): Illuminate\\Pipeline\\Pipeline->Illuminate\\Pipeline\\{closure}(Object(Illuminate\\Http\\Request))
#49 /Users/appkey/Desktop/agungappkey/tugas-akhir/vendor/laravel/framework/src/Illuminate/Pipeline/Pipeline.php(183): Illuminate\\Http\\Middleware\\HandleCors->handle(Object(Illuminate\\Http\\Request), Object(Closure))
#50 /Users/appkey/Desktop/agungappkey/tugas-akhir/vendor/laravel/framework/src/Illuminate/Http/Middleware/TrustProxies.php(39): Illuminate\\Pipeline\\Pipeline->Illuminate\\Pipeline\\{closure}(Object(Illuminate\\Http\\Request))
#51 /Users/appkey/Desktop/agungappkey/tugas-akhir/vendor/laravel/framework/src/Illuminate/Pipeline/Pipeline.php(183): Illuminate\\Http\\Middleware\\TrustProxies->handle(Object(Illuminate\\Http\\Request), Object(Closure))
#52 /Users/appkey/Desktop/agungappkey/tugas-akhir/vendor/laravel/framework/src/Illuminate/Pipeline/Pipeline.php(119): Illuminate\\Pipeline\\Pipeline->Illuminate\\Pipeline\\{closure}(Object(Illuminate\\Http\\Request))
#53 /Users/appkey/Desktop/agungappkey/tugas-akhir/vendor/laravel/framework/src/Illuminate/Foundation/Http/Kernel.php(175): Illuminate\\Pipeline\\Pipeline->then(Object(Closure))
#54 /Users/appkey/Desktop/agungappkey/tugas-akhir/vendor/laravel/framework/src/Illuminate/Foundation/Http/Kernel.php(144): Illuminate\\Foundation\\Http\\Kernel->sendRequestThroughRouter(Object(Illuminate\\Http\\Request))
#55 /Users/appkey/Desktop/agungappkey/tugas-akhir/public/index.php(51): Illuminate\\Foundation\\Http\\Kernel->handle(Object(Illuminate\\Http\\Request))
#56 /Users/appkey/Desktop/agungappkey/tugas-akhir/vendor/laravel/framework/src/Illuminate/Foundation/resources/server.php(16): require_once('/Users/appkey/D...')
#57 {main}
"} 
[2025-12-05 08:45:00] laravel.INFO: User registered successfully {"user_id":103,"email":"faizal01.appkey@gmail.com","name":"Faizal","role":"pelanggan","is_active":true,"verification_required":true,"ip":"127.0.0.1"} 
[2025-12-05 08:48:25] laravel.EMERGENCY: Unable to create configured logger. Using emergency logger. {"exception":"[object] (ErrorException(code: 0): Undefined array key \"channels\" at /Users/appkey/Desktop/agungappkey/tugas-akhir/vendor/laravel/framework/src/Illuminate/Log/LogManager.php:260)
[stacktrace]
#0 /Users/appkey/Desktop/agungappkey/tugas-akhir/vendor/laravel/framework/src/Illuminate/Foundation/Bootstrap/HandleExceptions.php(255): Illuminate\\Foundation\\Bootstrap\\HandleExceptions->handleError(2, 'Undefined array...', '/Users/appkey/D...', 260)
#1 /Users/appkey/Desktop/agungappkey/tugas-akhir/vendor/laravel/framework/src/Illuminate/Log/LogManager.php(260): Illuminate\\Foundation\\Bootstrap\\HandleExceptions->Illuminate\\Foundation\\Bootstrap\\{closure}(2, 'Undefined array...', '/Users/appkey/D...', 260)
#2 /Users/appkey/Desktop/agungappkey/tugas-akhir/vendor/laravel/framework/src/Illuminate/Log/LogManager.php(222): Illuminate\\Log\\LogManager->createStackDriver(Array)
#3 /Users/appkey/Desktop/agungappkey/tugas-akhir/vendor/laravel/framework/src/Illuminate/Log/LogManager.php(137): Illuminate\\Log\\LogManager->resolve('stack', Array)
#4 /Users/appkey/Desktop/agungappkey/tugas-akhir/vendor/laravel/framework/src/Illuminate/Log/LogManager.php(124): Illuminate\\Log\\LogManager->get('stack')
#5 /Users/appkey/Desktop/agungappkey/tugas-akhir/vendor/laravel/framework/src/Illuminate/Log/LogManager.php(681): Illuminate\\Log\\LogManager->driver()
#6 /Users/appkey/Desktop/agungappkey/tugas-akhir/vendor/laravel/framework/src/Illuminate/Support/Facades/Facade.php(355): Illuminate\\Log\\LogManager->error('Unhandled excep...', Array)
#7 /Users/appkey/Desktop/agungappkey/tugas-akhir/app/Exceptions/Handler.php(73): Illuminate\\Support\\Facades\\Facade::__callStatic('error', Array)
#8 /Users/appkey/Desktop/agungappkey/tugas-akhir/app/Exceptions/Handler.php(32): App\\Exceptions\\Handler->logException(Object(Symfony\\Component\\Mime\\Exception\\LogicException))
#9 [internal function]: App\\Exceptions\\Handler->App\\Exceptions\\{closure}(Object(Symfony\\Component\\Mime\\Exception\\LogicException))
#10 /Users/appkey/Desktop/agungappkey/tugas-akhir/vendor/laravel/framework/src/Illuminate/Foundation/Exceptions/ReportableHandler.php(45): call_user_func(Object(Closure), Object(Symfony\\Component\\Mime\\Exception\\LogicException))
#11 /Users/appkey/Desktop/agungappkey/tugas-akhir/vendor/laravel/framework/src/Illuminate/Foundation/Exceptions/Handler.php(299): Illuminate\\Foundation\\Exceptions\\ReportableHandler->__invoke(Object(Symfony\\Component\\Mime\\Exception\\LogicException))
#12 /Users/appkey/Desktop/agungappkey/tugas-akhir/vendor/laravel/framework/src/Illuminate/Foundation/Exceptions/Handler.php(278): Illuminate\\Foundation\\Exceptions\\Handler->reportThrowable(Object(Symfony\\Component\\Mime\\Exception\\LogicException))
#13 /Users/appkey/Desktop/agungappkey/tugas-akhir/vendor/laravel/framework/src/Illuminate/Routing/Pipeline.php(49): Illuminate\\Foundation\\Exceptions\\Handler->report(Object(Symfony\\Component\\Mime\\Exception\\LogicException))
#14 /Users/appkey/Desktop/agungappkey/tugas-akhir/vendor/laravel/framework/src/Illuminate/Pipeline/Pipeline.php(146): Illuminate\\Routing\\Pipeline->handleException(Object(Illuminate\\Http\\Request), Object(Symfony\\Component\\Mime\\Exception\\LogicException))
#15 /Users/appkey/Desktop/agungappkey/tugas-akhir/app/Http/Middleware/RedirectIfAuthenticated.php(27): Illuminate\\Pipeline\\Pipeline->Illuminate\\Pipeline\\{closure}(Object(Illuminate\\Http\\Request))
#16 /Users/appkey/Desktop/agungappkey/tugas-akhir/vendor/laravel/framework/src/Illuminate/Pipeline/Pipeline.php(183): App\\Http\\Middleware\\RedirectIfAuthenticated->handle(Object(Illuminate\\Http\\Request), Object(Closure))
#17 /Users/appkey/Desktop/agungappkey/tugas-akhir/app/Http/Middleware/SetLocale.php(36): Illuminate\\Pipeline\\Pipeline->Illuminate\\Pipeline\\{closure}(Object(Illuminate\\Http\\Request))
#18 /Users/appkey/Desktop/agungappkey/tugas-akhir/vendor/laravel/framework/src/Illuminate/Pipeline/Pipeline.php(183): App\\Http\\Middleware\\SetLocale->handle(Object(Illuminate\\Http\\Request), Object(Closure))
#19 /Users/appkey/Desktop/agungappkey/tugas-akhir/vendor/laravel/framework/src/Illuminate/Routing/Middleware/SubstituteBindings.php(50): Illuminate\\Pipeline\\Pipeline->Illuminate\\Pipeline\\{closure}(Object(Illuminate\\Http\\Request))
#20 /Users/appkey/Desktop/agungappkey/tugas-akhir/vendor/laravel/framework/src/Illuminate/Pipeline/Pipeline.php(183): Illuminate\\Routing\\Middleware\\SubstituteBindings->handle(Object(Illuminate\\Http\\Request), Object(Closure))
#21 /Users/appkey/Desktop/agungappkey/tugas-akhir/vendor/laravel/framework/src/Illuminate/Foundation/Http/Middleware/VerifyCsrfToken.php(78): Illuminate\\Pipeline\\Pipeline->Illuminate\\Pipeline\\{closure}(Object(Illuminate\\Http\\Request))
#22 /Users/appkey/Desktop/agungappkey/tugas-akhir/vendor/laravel/framework/src/Illuminate/Pipeline/Pipeline.php(183): Illuminate\\Foundation\\Http\\Middleware\\VerifyCsrfToken->handle(Object(Illuminate\\Http\\Request), Object(Closure))
#23 /Users/appkey/Desktop/agungappkey/tugas-akhir/vendor/laravel/framework/src/Illuminate/View/Middleware/ShareErrorsFromSession.php(49): Illuminate\\Pipeline\\Pipeline->Illuminate\\Pipeline\\{closure}(Object(Illuminate\\Http\\Request))
#24 /Users/appkey/Desktop/agungappkey/tugas-akhir/vendor/laravel/framework/src/Illuminate/Pipeline/Pipeline.php(183): Illuminate\\View\\Middleware\\ShareErrorsFromSession->handle(Object(Illuminate\\Http\\Request), Object(Closure))
#25 /Users/appkey/Desktop/agungappkey/tugas-akhir/vendor/laravel/framework/src/Illuminate/Session/Middleware/StartSession.php(121): Illuminate\\Pipeline\\Pipeline->Illuminate\\Pipeline\\{closure}(Object(Illuminate\\Http\\Request))
#26 /Users/appkey/Desktop/agungappkey/tugas-akhir/vendor/laravel/framework/src/Illuminate/Session/Middleware/StartSession.php(64): Illuminate\\Session\\Middleware\\StartSession->handleStatefulRequest(Object(Illuminate\\Http\\Request), Object(Illuminate\\Session\\Store), Object(Closure))
#27 /Users/appkey/Desktop/agungappkey/tugas-akhir/vendor/laravel/framework/src/Illuminate/Pipeline/Pipeline.php(183): Illuminate\\Session\\Middleware\\StartSession->handle(Object(Illuminate\\Http\\Request), Object(Closure))
#28 /Users/appkey/Desktop/agungappkey/tugas-akhir/vendor/laravel/framework/src/Illuminate/Cookie/Middleware/AddQueuedCookiesToResponse.php(37): Illuminate\\Pipeline\\Pipeline->Illuminate\\Pipeline\\{closure}(Object(Illuminate\\Http\\Request))
#29 /Users/appkey/Desktop/agungappkey/tugas-akhir/vendor/laravel/framework/src/Illuminate/Pipeline/Pipeline.php(183): Illuminate\\Cookie\\Middleware\\AddQueuedCookiesToResponse->handle(Object(Illuminate\\Http\\Request), Object(Closure))
#30 /Users/appkey/Desktop/agungappkey/tugas-akhir/vendor/laravel/framework/src/Illuminate/Cookie/Middleware/EncryptCookies.php(67): Illuminate\\Pipeline\\Pipeline->Illuminate\\Pipeline\\{closure}(Object(Illuminate\\Http\\Request))
#31 /Users/appkey/Desktop/agungappkey/tugas-akhir/vendor/laravel/framework/src/Illuminate/Pipeline/Pipeline.php(183): Illuminate\\Cookie\\Middleware\\EncryptCookies->handle(Object(Illuminate\\Http\\Request), Object(Closure))
#32 /Users/appkey/Desktop/agungappkey/tugas-akhir/vendor/laravel/framework/src/Illuminate/Pipeline/Pipeline.php(119): Illuminate\\Pipeline\\Pipeline->Illuminate\\Pipeline\\{closure}(Object(Illuminate\\Http\\Request))
#33 /Users/appkey/Desktop/agungappkey/tugas-akhir/vendor/laravel/framework/src/Illuminate/Routing/Router.php(805): Illuminate\\Pipeline\\Pipeline->then(Object(Closure))
#34 /Users/appkey/Desktop/agungappkey/tugas-akhir/vendor/laravel/framework/src/Illuminate/Routing/Router.php(784): Illuminate\\Routing\\Router->runRouteWithinStack(Object(Illuminate\\Routing\\Route), Object(Illuminate\\Http\\Request))
#35 /Users/appkey/Desktop/agungappkey/tugas-akhir/vendor/laravel/framework/src/Illuminate/Routing/Router.php(748): Illuminate\\Routing\\Router->runRoute(Object(Illuminate\\Http\\Request), Object(Illuminate\\Routing\\Route))
#36 /Users/appkey/Desktop/agungappkey/tugas-akhir/vendor/laravel/framework/src/Illuminate/Routing/Router.php(737): Illuminate\\Routing\\Router->dispatchToRoute(Object(Illuminate\\Http\\Request))
#37 /Users/appkey/Desktop/agungappkey/tugas-akhir/vendor/laravel/framework/src/Illuminate/Foundation/Http/Kernel.php(200): Illuminate\\Routing\\Router->dispatch(Object(Illuminate\\Http\\Request))
#38 /Users/appkey/Desktop/agungappkey/tugas-akhir/vendor/laravel/framework/src/Illuminate/Pipeline/Pipeline.php(144): Illuminate\\Foundation\\Http\\Kernel->Illuminate\\Foundation\\Http\\{closure}(Object(Illuminate\\Http\\Request))
#39 /Users/appkey/Desktop/agungappkey/tugas-akhir/vendor/laravel/framework/src/Illuminate/Foundation/Http/Middleware/TransformsRequest.php(21): Illuminate\\Pipeline\\Pipeline->Illuminate\\Pipeline\\{closure}(Object(Illuminate\\Http\\Request))
#40 /Users/appkey/Desktop/agungappkey/tugas-akhir/vendor/laravel/framework/src/Illuminate/Foundation/Http/Middleware/ConvertEmptyStringsToNull.php(31): Illuminate\\Foundation\\Http\\Middleware\\TransformsRequest->handle(Object(Illuminate\\Http\\Request), Object(Closure))
#41 /Users/appkey/Desktop/agungappkey/tugas-akhir/vendor/laravel/framework/src/Illuminate/Pipeline/Pipeline.php(183): Illuminate\\Foundation\\Http\\Middleware\\ConvertEmptyStringsToNull->handle(Object(Illuminate\\Http\\Request), Object(Closure))
#42 /Users/appkey/Desktop/agungappkey/tugas-akhir/vendor/laravel/framework/src/Illuminate/Foundation/Http/Middleware/TransformsRequest.php(21): Illuminate\\Pipeline\\Pipeline->Illuminate\\Pipeline\\{closure}(Object(Illuminate\\Http\\Request))
#43 /Users/appkey/Desktop/agungappkey/tugas-akhir/vendor/laravel/framework/src/Illuminate/Foundation/Http/Middleware/TrimStrings.php(40): Illuminate\\Foundation\\Http\\Middleware\\TransformsRequest->handle(Object(Illuminate\\Http\\Request), Object(Closure))
#44 /Users/appkey/Desktop/agungappkey/tugas-akhir/vendor/laravel/framework/src/Illuminate/Pipeline/Pipeline.php(183): Illuminate\\Foundation\\Http\\Middleware\\TrimStrings->handle(Object(Illuminate\\Http\\Request), Object(Closure))
#45 /Users/appkey/Desktop/agungappkey/tugas-akhir/vendor/laravel/framework/src/Illuminate/Foundation/Http/Middleware/ValidatePostSize.php(27): Illuminate\\Pipeline\\Pipeline->Illuminate\\Pipeline\\{closure}(Object(Illuminate\\Http\\Request))
#46 /Users/appkey/Desktop/agungappkey/tugas-akhir/vendor/laravel/framework/src/Illuminate/Pipeline/Pipeline.php(183): Illuminate\\Foundation\\Http\\Middleware\\ValidatePostSize->handle(Object(Illuminate\\Http\\Request), Object(Closure))
#47 /Users/appkey/Desktop/agungappkey/tugas-akhir/vendor/laravel/framework/src/Illuminate/Foundation/Http/Middleware/PreventRequestsDuringMaintenance.php(99): Illuminate\\Pipeline\\Pipeline->Illuminate\\Pipeline\\{closure}(Object(Illuminate\\Http\\Request))
#48 /Users/appkey/Desktop/agungappkey/tugas-akhir/vendor/laravel/framework/src/Illuminate/Pipeline/Pipeline.php(183): Illuminate\\Foundation\\Http\\Middleware\\PreventRequestsDuringMaintenance->handle(Object(Illuminate\\Http\\Request), Object(Closure))
#49 /Users/appkey/Desktop/agungappkey/tugas-akhir/vendor/laravel/framework/src/Illuminate/Http/Middleware/HandleCors.php(49): Illuminate\\Pipeline\\Pipeline->Illuminate\\Pipeline\\{closure}(Object(Illuminate\\Http\\Request))
#50 /Users/appkey/Desktop/agungappkey/tugas-akhir/vendor/laravel/framework/src/Illuminate/Pipeline/Pipeline.php(183): Illuminate\\Http\\Middleware\\HandleCors->handle(Object(Illuminate\\Http\\Request), Object(Closure))
#51 /Users/appkey/Desktop/agungappkey/tugas-akhir/vendor/laravel/framework/src/Illuminate/Http/Middleware/TrustProxies.php(39): Illuminate\\Pipeline\\Pipeline->Illuminate\\Pipeline\\{closure}(Object(Illuminate\\Http\\Request))
#52 /Users/appkey/Desktop/agungappkey/tugas-akhir/vendor/laravel/framework/src/Illuminate/Pipeline/Pipeline.php(183): Illuminate\\Http\\Middleware\\TrustProxies->handle(Object(Illuminate\\Http\\Request), Object(Closure))
#53 /Users/appkey/Desktop/agungappkey/tugas-akhir/vendor/laravel/framework/src/Illuminate/Pipeline/Pipeline.php(119): Illuminate\\Pipeline\\Pipeline->Illuminate\\Pipeline\\{closure}(Object(Illuminate\\Http\\Request))
#54 /Users/appkey/Desktop/agungappkey/tugas-akhir/vendor/laravel/framework/src/Illuminate/Foundation/Http/Kernel.php(175): Illuminate\\Pipeline\\Pipeline->then(Object(Closure))
#55 /Users/appkey/Desktop/agungappkey/tugas-akhir/vendor/laravel/framework/src/Illuminate/Foundation/Http/Kernel.php(144): Illuminate\\Foundation\\Http\\Kernel->sendRequestThroughRouter(Object(Illuminate\\Http\\Request))
#56 /Users/appkey/Desktop/agungappkey/tugas-akhir/public/index.php(51): Illuminate\\Foundation\\Http\\Kernel->handle(Object(Illuminate\\Http\\Request))
#57 /Users/appkey/Desktop/agungappkey/tugas-akhir/vendor/laravel/framework/src/Illuminate/Foundation/resources/server.php(16): require_once('/Users/appkey/D...')
#58 {main}
"} 
[2025-12-05 08:48:25] laravel.ERROR: Unhandled exception {"exception":"Symfony\\Component\\Mime\\Exception\\LogicException","message":"An email must have a \"From\" or a \"Sender\" header.","file":"/Users/appkey/Desktop/agungappkey/tugas-akhir/vendor/symfony/mime/Message.php","line":138,"trace":"#0 /Users/appkey/Desktop/agungappkey/tugas-akhir/vendor/symfony/mime/Email.php(414): Symfony\\Component\\Mime\\Message->ensureValidity()
#1 /Users/appkey/Desktop/agungappkey/tugas-akhir/vendor/symfony/mailer/SentMessage.php(33): Symfony\\Component\\Mime\\Email->ensureValidity()
#2 /Users/appkey/Desktop/agungappkey/tugas-akhir/vendor/symfony/mailer/Transport/AbstractTransport.php(68): Symfony\\Component\\Mailer\\SentMessage->__construct(Object(Symfony\\Component\\Mime\\Email), Object(Symfony\\Component\\Mailer\\DelayedEnvelope))
#3 /Users/appkey/Desktop/agungappkey/tugas-akhir/vendor/symfony/mailer/Transport/Smtp/SmtpTransport.php(137): Symfony\\Component\\Mailer\\Transport\\AbstractTransport->send(Object(Symfony\\Component\\Mime\\Email), Object(Symfony\\Component\\Mailer\\DelayedEnvelope))
#4 /Users/appkey/Desktop/agungappkey/tugas-akhir/vendor/laravel/framework/src/Illuminate/Mail/Mailer.php(573): Symfony\\Component\\Mailer\\Transport\\Smtp\\SmtpTransport->send(Object(Symfony\\Component\\Mime\\Email), Object(Symfony\\Component\\Mailer\\DelayedEnvelope))
#5 /Users/appkey/Desktop/agungappkey/tugas-akhir/vendor/laravel/framework/src/Illuminate/Mail/Mailer.php(335): Illuminate\\Mail\\Mailer->sendSymfonyMessage(Object(Symfony\\Component\\Mime\\Email))
#6 /Users/appkey/Desktop/agungappkey/tugas-akhir/vendor/laravel/framework/src/Illuminate/Notifications/Channels/MailChannel.php(66): Illuminate\\Mail\\Mailer->send(Object(Closure), Array, Object(Closure))
#7 /Users/appkey/Desktop/agungappkey/tugas-akhir/vendor/laravel/framework/src/Illuminate/Notifications/NotificationSender.php(148): Illuminate\\Notifications\\Channels\\MailChannel->send(Object(App\\Models\\User), Object(Illuminate\\Auth\\Notifications\\ResetPassword))
#8 /Users/appkey/Desktop/agungappkey/tugas-akhir/vendor/laravel/framework/src/Illuminate/Notifications/NotificationSender.php(106): Illuminate\\Notifications\\NotificationSender->sendToNotifiable(Object(App\\Models\\User), '9fd71916-7981-4...', Object(Illuminate\\Auth\\Notifications\\ResetPassword), 'mail')
#9 /Users/appkey/Desktop/agungappkey/tugas-akhir/vendor/laravel/framework/src/Illuminate/Support/Traits/Localizable.php(19): Illuminate\\Notifications\\NotificationSender->Illuminate\\Notifications\\{closure}()
#10 /Users/appkey/Desktop/agungappkey/tugas-akhir/vendor/laravel/framework/src/Illuminate/Notifications/NotificationSender.php(101): Illuminate\\Notifications\\NotificationSender->withLocale(NULL, Object(Closure))
#11 /Users/appkey/Desktop/agungappkey/tugas-akhir/vendor/laravel/framework/src/Illuminate/Notifications/NotificationSender.php(79): Illuminate\\Notifications\\NotificationSender->sendNow(Object(Illuminate\\Database\\Eloquent\\Collection), Object(Illuminate\\Auth\\Notifications\\ResetPassword))
#12 /Users/appkey/Desktop/agungappkey/tugas-akhir/vendor/laravel/framework/src/Illuminate/Notifications/ChannelManager.php(39): Illuminate\\Notifications\\NotificationSender->send(Object(Illuminate\\Database\\Eloquent\\Collection), Object(Illuminate\\Auth\\Notifications\\ResetPassword))
#13 /Users/appkey/Desktop/agungappkey/tugas-akhir/vendor/laravel/framework/src/Illuminate/Notifications/RoutesNotifications.php(18): Illuminate\\Notifications\\ChannelManager->send(Object(App\\Models\\User), Object(Illuminate\\Auth\\Notifications\\ResetPassword))
#14 /Users/appkey/Desktop/agungappkey/tugas-akhir/vendor/laravel/framework/src/Illuminate/Auth/Passwords/CanResetPassword.php(27): App\\Models\\User->notify(Object(Illuminate\\Auth\\Notifications\\ResetPassword))
#15 /Users/appkey/Desktop/agungappkey/tugas-akhir/vendor/laravel/framework/src/Illuminate/Auth/Passwords/PasswordBroker.php(72): Illuminate\\Foundation\\Auth\\User->sendPasswordResetNotification('cadfa1a752eacc3...')
#16 /Users/appkey/Desktop/agungappkey/tugas-akhir/vendor/laravel/framework/src/Illuminate/Auth/Passwords/PasswordBrokerManager.php(143): Illuminate\\Auth\\Passwords\\PasswordBroker->sendResetLink(Array)
#17 /Users/appkey/Desktop/agungappkey/tugas-akhir/vendor/laravel/framework/src/Illuminate/Support/Facades/Facade.php(355): Illuminate\\Auth\\Passwords\\PasswordBrokerManager->__call('sendResetLink', Array)
#18 /Users/appkey/Desktop/agungappkey/tugas-akhir/app/Http/Controllers/Auth/PasswordResetLinkController.php(35): Illuminate\\Support\\Facades\\Facade::__callStatic('sendResetLink', Array)
#19 /Users/appkey/Desktop/agungappkey/tugas-akhir/vendor/laravel/framework/src/Illuminate/Routing/Controller.php(54): App\\Http\\Controllers\\Auth\\PasswordResetLinkController->store(Object(Illuminate\\Http\\Request))
#20 /Users/appkey/Desktop/agungappkey/tugas-akhir/vendor/laravel/framework/src/Illuminate/Routing/ControllerDispatcher.php(43): Illuminate\\Routing\\Controller->callAction('store', Array)
#21 /Users/appkey/Desktop/agungappkey/tugas-akhir/vendor/laravel/framework/src/Illuminate/Routing/Route.php(259): Illuminate\\Routing\\ControllerDispatcher->dispatch(Object(Illuminate\\Routing\\Route), Object(App\\Http\\Controllers\\Auth\\PasswordResetLinkController), 'store')
#22 /Users/appkey/Desktop/agungappkey/tugas-akhir/vendor/laravel/framework/src/Illuminate/Routing/Route.php(205): Illuminate\\Routing\\Route->runController()
#23 /Users/appkey/Desktop/agungappkey/tugas-akhir/vendor/laravel/framework/src/Illuminate/Routing/Router.php(806): Illuminate\\Routing\\Route->run()
#24 /Users/appkey/Desktop/agungappkey/tugas-akhir/vendor/laravel/framework/src/Illuminate/Pipeline/Pipeline.php(144): Illuminate\\Routing\\Router->Illuminate\\Routing\\{closure}(Object(Illuminate\\Http\\Request))
#25 /Users/appkey/Desktop/agungappkey/tugas-akhir/app/Http/Middleware/RedirectIfAuthenticated.php(27): Illuminate\\Pipeline\\Pipeline->Illuminate\\Pipeline\\{closure}(Object(Illuminate\\Http\\Request))
#26 /Users/appkey/Desktop/agungappkey/tugas-akhir/vendor/laravel/framework/src/Illuminate/Pipeline/Pipeline.php(183): App\\Http\\Middleware\\RedirectIfAuthenticated->handle(Object(Illuminate\\Http\\Request), Object(Closure))
#27 /Users/appkey/Desktop/agungappkey/tugas-akhir/app/Http/Middleware/SetLocale.php(36): Illuminate\\Pipeline\\Pipeline->Illuminate\\Pipeline\\{closure}(Object(Illuminate\\Http\\Request))
#28 /Users/appkey/Desktop/agungappkey/tugas-akhir/vendor/laravel/framework/src/Illuminate/Pipeline/Pipeline.php(183): App\\Http\\Middleware\\SetLocale->handle(Object(Illuminate\\Http\\Request), Object(Closure))
#29 /Users/appkey/Desktop/agungappkey/tugas-akhir/vendor/laravel/framework/src/Illuminate/Routing/Middleware/SubstituteBindings.php(50): Illuminate\\Pipeline\\Pipeline->Illuminate\\Pipeline\\{closure}(Object(Illuminate\\Http\\Request))
#30 /Users/appkey/Desktop/agungappkey/tugas-akhir/vendor/laravel/framework/src/Illuminate/Pipeline/Pipeline.php(183): Illuminate\\Routing\\Middleware\\SubstituteBindings->handle(Object(Illuminate\\Http\\Request), Object(Closure))
#31 /Users/appkey/Desktop/agungappkey/tugas-akhir/vendor/laravel/framework/src/Illuminate/Foundation/Http/Middleware/VerifyCsrfToken.php(78): Illuminate\\Pipeline\\Pipeline->Illuminate\\Pipeline\\{closure}(Object(Illuminate\\Http\\Request))
#32 /Users/appkey/Desktop/agungappkey/tugas-akhir/vendor/laravel/framework/src/Illuminate/Pipeline/Pipeline.php(183): Illuminate\\Foundation\\Http\\Middleware\\VerifyCsrfToken->handle(Object(Illuminate\\Http\\Request), Object(Closure))
#33 /Users/appkey/Desktop/agungappkey/tugas-akhir/vendor/laravel/framework/src/Illuminate/View/Middleware/ShareErrorsFromSession.php(49): Illuminate\\Pipeline\\Pipeline->Illuminate\\Pipeline\\{closure}(Object(Illuminate\\Http\\Request))
#34 /Users/appkey/Desktop/agungappkey/tugas-akhir/vendor/laravel/framework/src/Illuminate/Pipeline/Pipeline.php(183): Illuminate\\View\\Middleware\\ShareErrorsFromSession->handle(Object(Illuminate\\Http\\Request), Object(Closure))
#35 /Users/appkey/Desktop/agungappkey/tugas-akhir/vendor/laravel/framework/src/Illuminate/Session/Middleware/StartSession.php(121): Illuminate\\Pipeline\\Pipeline->Illuminate\\Pipeline\\{closure}(Object(Illuminate\\Http\\Request))
#36 /Users/appkey/Desktop/agungappkey/tugas-akhir/vendor/laravel/framework/src/Illuminate/Session/Middleware/StartSession.php(64): Illuminate\\Session\\Middleware\\StartSession->handleStatefulRequest(Object(Illuminate\\Http\\Request), Object(Illuminate\\Session\\Store), Object(Closure))
#37 /Users/appkey/Desktop/agungappkey/tugas-akhir/vendor/laravel/framework/src/Illuminate/Pipeline/Pipeline.php(183): Illuminate\\Session\\Middleware\\StartSession->handle(Object(Illuminate\\Http\\Request), Object(Closure))
#38 /Users/appkey/Desktop/agungappkey/tugas-akhir/vendor/laravel/framework/src/Illuminate/Cookie/Middleware/AddQueuedCookiesToResponse.php(37): Illuminate\\Pipeline\\Pipeline->Illuminate\\Pipeline\\{closure}(Object(Illuminate\\Http\\Request))
#39 /Users/appkey/Desktop/agungappkey/tugas-akhir/vendor/laravel/framework/src/Illuminate/Pipeline/Pipeline.php(183): Illuminate\\Cookie\\Middleware\\AddQueuedCookiesToResponse->handle(Object(Illuminate\\Http\\Request), Object(Closure))
#40 /Users/appkey/Desktop/agungappkey/tugas-akhir/vendor/laravel/framework/src/Illuminate/Cookie/Middleware/EncryptCookies.php(67): Illuminate\\Pipeline\\Pipeline->Illuminate\\Pipeline\\{closure}(Object(Illuminate\\Http\\Request))
#41 /Users/appkey/Desktop/agungappkey/tugas-akhir/vendor/laravel/framework/src/Illuminate/Pipeline/Pipeline.php(183): Illuminate\\Cookie\\Middleware\\EncryptCookies->handle(Object(Illuminate\\Http\\Request), Object(Closure))
#42 /Users/appkey/Desktop/agungappkey/tugas-akhir/vendor/laravel/framework/src/Illuminate/Pipeline/Pipeline.php(119): Illuminate\\Pipeline\\Pipeline->Illuminate\\Pipeline\\{closure}(Object(Illuminate\\Http\\Request))
#43 /Users/appkey/Desktop/agungappkey/tugas-akhir/vendor/laravel/framework/src/Illuminate/Routing/Router.php(805): Illuminate\\Pipeline\\Pipeline->then(Object(Closure))
#44 /Users/appkey/Desktop/agungappkey/tugas-akhir/vendor/laravel/framework/src/Illuminate/Routing/Router.php(784): Illuminate\\Routing\\Router->runRouteWithinStack(Object(Illuminate\\Routing\\Route), Object(Illuminate\\Http\\Request))
#45 /Users/appkey/Desktop/agungappkey/tugas-akhir/vendor/laravel/framework/src/Illuminate/Routing/Router.php(748): Illuminate\\Routing\\Router->runRoute(Object(Illuminate\\Http\\Request), Object(Illuminate\\Routing\\Route))
#46 /Users/appkey/Desktop/agungappkey/tugas-akhir/vendor/laravel/framework/src/Illuminate/Routing/Router.php(737): Illuminate\\Routing\\Router->dispatchToRoute(Object(Illuminate\\Http\\Request))
#47 /Users/appkey/Desktop/agungappkey/tugas-akhir/vendor/laravel/framework/src/Illuminate/Foundation/Http/Kernel.php(200): Illuminate\\Routing\\Router->dispatch(Object(Illuminate\\Http\\Request))
#48 /Users/appkey/Desktop/agungappkey/tugas-akhir/vendor/laravel/framework/src/Illuminate/Pipeline/Pipeline.php(144): Illuminate\\Foundation\\Http\\Kernel->Illuminate\\Foundation\\Http\\{closure}(Object(Illuminate\\Http\\Request))
#49 /Users/appkey/Desktop/agungappkey/tugas-akhir/vendor/laravel/framework/src/Illuminate/Foundation/Http/Middleware/TransformsRequest.php(21): Illuminate\\Pipeline\\Pipeline->Illuminate\\Pipeline\\{closure}(Object(Illuminate\\Http\\Request))
#50 /Users/appkey/Desktop/agungappkey/tugas-akhir/vendor/laravel/framework/src/Illuminate/Foundation/Http/Middleware/ConvertEmptyStringsToNull.php(31): Illuminate\\Foundation\\Http\\Middleware\\TransformsRequest->handle(Object(Illuminate\\Http\\Request), Object(Closure))
#51 /Users/appkey/Desktop/agungappkey/tugas-akhir/vendor/laravel/framework/src/Illuminate/Pipeline/Pipeline.php(183): Illuminate\\Foundation\\Http\\Middleware\\ConvertEmptyStringsToNull->handle(Object(Illuminate\\Http\\Request), Object(Closure))
#52 /Users/appkey/Desktop/agungappkey/tugas-akhir/vendor/laravel/framework/src/Illuminate/Foundation/Http/Middleware/TransformsRequest.php(21): Illuminate\\Pipeline\\Pipeline->Illuminate\\Pipeline\\{closure}(Object(Illuminate\\Http\\Request))
#53 /Users/appkey/Desktop/agungappkey/tugas-akhir/vendor/laravel/framework/src/Illuminate/Foundation/Http/Middleware/TrimStrings.php(40): Illuminate\\Foundation\\Http\\Middleware\\TransformsRequest->handle(Object(Illuminate\\Http\\Request), Object(Closure))
#54 /Users/appkey/Desktop/agungappkey/tugas-akhir/vendor/laravel/framework/src/Illuminate/Pipeline/Pipeline.php(183): Illuminate\\Foundation\\Http\\Middleware\\TrimStrings->handle(Object(Illuminate\\Http\\Request), Object(Closure))
#55 /Users/appkey/Desktop/agungappkey/tugas-akhir/vendor/laravel/framework/src/Illuminate/Foundation/Http/Middleware/ValidatePostSize.php(27): Illuminate\\Pipeline\\Pipeline->Illuminate\\Pipeline\\{closure}(Object(Illuminate\\Http\\Request))
#56 /Users/appkey/Desktop/agungappkey/tugas-akhir/vendor/laravel/framework/src/Illuminate/Pipeline/Pipeline.php(183): Illuminate\\Foundation\\Http\\Middleware\\ValidatePostSize->handle(Object(Illuminate\\Http\\Request), Object(Closure))
#57 /Users/appkey/Desktop/agungappkey/tugas-akhir/vendor/laravel/framework/src/Illuminate/Foundation/Http/Middleware/PreventRequestsDuringMaintenance.php(99): Illuminate\\Pipeline\\Pipeline->Illuminate\\Pipeline\\{closure}(Object(Illuminate\\Http\\Request))
#58 /Users/appkey/Desktop/agungappkey/tugas-akhir/vendor/laravel/framework/src/Illuminate/Pipeline/Pipeline.php(183): Illuminate\\Foundation\\Http\\Middleware\\PreventRequestsDuringMaintenance->handle(Object(Illuminate\\Http\\Request), Object(Closure))
#59 /Users/appkey/Desktop/agungappkey/tugas-akhir/vendor/laravel/framework/src/Illuminate/Http/Middleware/HandleCors.php(49): Illuminate\\Pipeline\\Pipeline->Illuminate\\Pipeline\\{closure}(Object(Illuminate\\Http\\Request))
#60 /Users/appkey/Desktop/agungappkey/tugas-akhir/vendor/laravel/framework/src/Illuminate/Pipeline/Pipeline.php(183): Illuminate\\Http\\Middleware\\HandleCors->handle(Object(Illuminate\\Http\\Request), Object(Closure))
#61 /Users/appkey/Desktop/agungappkey/tugas-akhir/vendor/laravel/framework/src/Illuminate/Http/Middleware/TrustProxies.php(39): Illuminate\\Pipeline\\Pipeline->Illuminate\\Pipeline\\{closure}(Object(Illuminate\\Http\\Request))
#62 /Users/appkey/Desktop/agungappkey/tugas-akhir/vendor/laravel/framework/src/Illuminate/Pipeline/Pipeline.php(183): Illuminate\\Http\\Middleware\\TrustProxies->handle(Object(Illuminate\\Http\\Request), Object(Closure))
#63 /Users/appkey/Desktop/agungappkey/tugas-akhir/vendor/laravel/framework/src/Illuminate/Pipeline/Pipeline.php(119): Illuminate\\Pipeline\\Pipeline->Illuminate\\Pipeline\\{closure}(Object(Illuminate\\Http\\Request))
#64 /Users/appkey/Desktop/agungappkey/tugas-akhir/vendor/laravel/framework/src/Illuminate/Foundation/Http/Kernel.php(175): Illuminate\\Pipeline\\Pipeline->then(Object(Closure))
#65 /Users/appkey/Desktop/agungappkey/tugas-akhir/vendor/laravel/framework/src/Illuminate/Foundation/Http/Kernel.php(144): Illuminate\\Foundation\\Http\\Kernel->sendRequestThroughRouter(Object(Illuminate\\Http\\Request))
#66 /Users/appkey/Desktop/agungappkey/tugas-akhir/public/index.php(51): Illuminate\\Foundation\\Http\\Kernel->handle(Object(Illuminate\\Http\\Request))
#67 /Users/appkey/Desktop/agungappkey/tugas-akhir/vendor/laravel/framework/src/Illuminate/Foundation/resources/server.php(16): require_once('/Users/appkey/D...')
#68 {main}","url":"http://127.0.0.1:8000/forgot-password","method":"POST","ip":"127.0.0.1","user_agent":"Mozilla/5.0 (Macintosh; Intel Mac OS X 10_15_7) AppleWebKit/537.36 (KHTML, like Gecko) Chrome/142.0.0.0 Safari/537.36","user_id":null} 
[2025-12-05 08:48:25] laravel.EMERGENCY: Unable to create configured logger. Using emergency logger. {"exception":"[object] (ErrorException(code: 0): Undefined array key \"channels\" at /Users/appkey/Desktop/agungappkey/tugas-akhir/vendor/laravel/framework/src/Illuminate/Log/LogManager.php:260)
[stacktrace]
#0 /Users/appkey/Desktop/agungappkey/tugas-akhir/vendor/laravel/framework/src/Illuminate/Foundation/Bootstrap/HandleExceptions.php(255): Illuminate\\Foundation\\Bootstrap\\HandleExceptions->handleError(2, 'Undefined array...', '/Users/appkey/D...', 260)
#1 /Users/appkey/Desktop/agungappkey/tugas-akhir/vendor/laravel/framework/src/Illuminate/Log/LogManager.php(260): Illuminate\\Foundation\\Bootstrap\\HandleExceptions->Illuminate\\Foundation\\Bootstrap\\{closure}(2, 'Undefined array...', '/Users/appkey/D...', 260)
#2 /Users/appkey/Desktop/agungappkey/tugas-akhir/vendor/laravel/framework/src/Illuminate/Log/LogManager.php(222): Illuminate\\Log\\LogManager->createStackDriver(Array)
#3 /Users/appkey/Desktop/agungappkey/tugas-akhir/vendor/laravel/framework/src/Illuminate/Log/LogManager.php(137): Illuminate\\Log\\LogManager->resolve('stack', Array)
#4 /Users/appkey/Desktop/agungappkey/tugas-akhir/vendor/laravel/framework/src/Illuminate/Log/LogManager.php(124): Illuminate\\Log\\LogManager->get('stack')
#5 /Users/appkey/Desktop/agungappkey/tugas-akhir/vendor/laravel/framework/src/Illuminate/Log/LogManager.php(681): Illuminate\\Log\\LogManager->driver()
#6 /Users/appkey/Desktop/agungappkey/tugas-akhir/vendor/laravel/framework/src/Illuminate/Foundation/Exceptions/Handler.php(317): Illuminate\\Log\\LogManager->error('An email must h...', Array)
#7 /Users/appkey/Desktop/agungappkey/tugas-akhir/vendor/laravel/framework/src/Illuminate/Foundation/Exceptions/Handler.php(278): Illuminate\\Foundation\\Exceptions\\Handler->reportThrowable(Object(Symfony\\Component\\Mime\\Exception\\LogicException))
#8 /Users/appkey/Desktop/agungappkey/tugas-akhir/vendor/laravel/framework/src/Illuminate/Routing/Pipeline.php(49): Illuminate\\Foundation\\Exceptions\\Handler->report(Object(Symfony\\Component\\Mime\\Exception\\LogicException))
#9 /Users/appkey/Desktop/agungappkey/tugas-akhir/vendor/laravel/framework/src/Illuminate/Pipeline/Pipeline.php(146): Illuminate\\Routing\\Pipeline->handleException(Object(Illuminate\\Http\\Request), Object(Symfony\\Component\\Mime\\Exception\\LogicException))
#10 /Users/appkey/Desktop/agungappkey/tugas-akhir/app/Http/Middleware/RedirectIfAuthenticated.php(27): Illuminate\\Pipeline\\Pipeline->Illuminate\\Pipeline\\{closure}(Object(Illuminate\\Http\\Request))
#11 /Users/appkey/Desktop/agungappkey/tugas-akhir/vendor/laravel/framework/src/Illuminate/Pipeline/Pipeline.php(183): App\\Http\\Middleware\\RedirectIfAuthenticated->handle(Object(Illuminate\\Http\\Request), Object(Closure))
#12 /Users/appkey/Desktop/agungappkey/tugas-akhir/app/Http/Middleware/SetLocale.php(36): Illuminate\\Pipeline\\Pipeline->Illuminate\\Pipeline\\{closure}(Object(Illuminate\\Http\\Request))
#13 /Users/appkey/Desktop/agungappkey/tugas-akhir/vendor/laravel/framework/src/Illuminate/Pipeline/Pipeline.php(183): App\\Http\\Middleware\\SetLocale->handle(Object(Illuminate\\Http\\Request), Object(Closure))
#14 /Users/appkey/Desktop/agungappkey/tugas-akhir/vendor/laravel/framework/src/Illuminate/Routing/Middleware/SubstituteBindings.php(50): Illuminate\\Pipeline\\Pipeline->Illuminate\\Pipeline\\{closure}(Object(Illuminate\\Http\\Request))
#15 /Users/appkey/Desktop/agungappkey/tugas-akhir/vendor/laravel/framework/src/Illuminate/Pipeline/Pipeline.php(183): Illuminate\\Routing\\Middleware\\SubstituteBindings->handle(Object(Illuminate\\Http\\Request), Object(Closure))
#16 /Users/appkey/Desktop/agungappkey/tugas-akhir/vendor/laravel/framework/src/Illuminate/Foundation/Http/Middleware/VerifyCsrfToken.php(78): Illuminate\\Pipeline\\Pipeline->Illuminate\\Pipeline\\{closure}(Object(Illuminate\\Http\\Request))
#17 /Users/appkey/Desktop/agungappkey/tugas-akhir/vendor/laravel/framework/src/Illuminate/Pipeline/Pipeline.php(183): Illuminate\\Foundation\\Http\\Middleware\\VerifyCsrfToken->handle(Object(Illuminate\\Http\\Request), Object(Closure))
#18 /Users/appkey/Desktop/agungappkey/tugas-akhir/vendor/laravel/framework/src/Illuminate/View/Middleware/ShareErrorsFromSession.php(49): Illuminate\\Pipeline\\Pipeline->Illuminate\\Pipeline\\{closure}(Object(Illuminate\\Http\\Request))
#19 /Users/appkey/Desktop/agungappkey/tugas-akhir/vendor/laravel/framework/src/Illuminate/Pipeline/Pipeline.php(183): Illuminate\\View\\Middleware\\ShareErrorsFromSession->handle(Object(Illuminate\\Http\\Request), Object(Closure))
#20 /Users/appkey/Desktop/agungappkey/tugas-akhir/vendor/laravel/framework/src/Illuminate/Session/Middleware/StartSession.php(121): Illuminate\\Pipeline\\Pipeline->Illuminate\\Pipeline\\{closure}(Object(Illuminate\\Http\\Request))
#21 /Users/appkey/Desktop/agungappkey/tugas-akhir/vendor/laravel/framework/src/Illuminate/Session/Middleware/StartSession.php(64): Illuminate\\Session\\Middleware\\StartSession->handleStatefulRequest(Object(Illuminate\\Http\\Request), Object(Illuminate\\Session\\Store), Object(Closure))
#22 /Users/appkey/Desktop/agungappkey/tugas-akhir/vendor/laravel/framework/src/Illuminate/Pipeline/Pipeline.php(183): Illuminate\\Session\\Middleware\\StartSession->handle(Object(Illuminate\\Http\\Request), Object(Closure))
#23 /Users/appkey/Desktop/agungappkey/tugas-akhir/vendor/laravel/framework/src/Illuminate/Cookie/Middleware/AddQueuedCookiesToResponse.php(37): Illuminate\\Pipeline\\Pipeline->Illuminate\\Pipeline\\{closure}(Object(Illuminate\\Http\\Request))
#24 /Users/appkey/Desktop/agungappkey/tugas-akhir/vendor/laravel/framework/src/Illuminate/Pipeline/Pipeline.php(183): Illuminate\\Cookie\\Middleware\\AddQueuedCookiesToResponse->handle(Object(Illuminate\\Http\\Request), Object(Closure))
#25 /Users/appkey/Desktop/agungappkey/tugas-akhir/vendor/laravel/framework/src/Illuminate/Cookie/Middleware/EncryptCookies.php(67): Illuminate\\Pipeline\\Pipeline->Illuminate\\Pipeline\\{closure}(Object(Illuminate\\Http\\Request))
#26 /Users/appkey/Desktop/agungappkey/tugas-akhir/vendor/laravel/framework/src/Illuminate/Pipeline/Pipeline.php(183): Illuminate\\Cookie\\Middleware\\EncryptCookies->handle(Object(Illuminate\\Http\\Request), Object(Closure))
#27 /Users/appkey/Desktop/agungappkey/tugas-akhir/vendor/laravel/framework/src/Illuminate/Pipeline/Pipeline.php(119): Illuminate\\Pipeline\\Pipeline->Illuminate\\Pipeline\\{closure}(Object(Illuminate\\Http\\Request))
#28 /Users/appkey/Desktop/agungappkey/tugas-akhir/vendor/laravel/framework/src/Illuminate/Routing/Router.php(805): Illuminate\\Pipeline\\Pipeline->then(Object(Closure))
#29 /Users/appkey/Desktop/agungappkey/tugas-akhir/vendor/laravel/framework/src/Illuminate/Routing/Router.php(784): Illuminate\\Routing\\Router->runRouteWithinStack(Object(Illuminate\\Routing\\Route), Object(Illuminate\\Http\\Request))
#30 /Users/appkey/Desktop/agungappkey/tugas-akhir/vendor/laravel/framework/src/Illuminate/Routing/Router.php(748): Illuminate\\Routing\\Router->runRoute(Object(Illuminate\\Http\\Request), Object(Illuminate\\Routing\\Route))
#31 /Users/appkey/Desktop/agungappkey/tugas-akhir/vendor/laravel/framework/src/Illuminate/Routing/Router.php(737): Illuminate\\Routing\\Router->dispatchToRoute(Object(Illuminate\\Http\\Request))
#32 /Users/appkey/Desktop/agungappkey/tugas-akhir/vendor/laravel/framework/src/Illuminate/Foundation/Http/Kernel.php(200): Illuminate\\Routing\\Router->dispatch(Object(Illuminate\\Http\\Request))
#33 /Users/appkey/Desktop/agungappkey/tugas-akhir/vendor/laravel/framework/src/Illuminate/Pipeline/Pipeline.php(144): Illuminate\\Foundation\\Http\\Kernel->Illuminate\\Foundation\\Http\\{closure}(Object(Illuminate\\Http\\Request))
#34 /Users/appkey/Desktop/agungappkey/tugas-akhir/vendor/laravel/framework/src/Illuminate/Foundation/Http/Middleware/TransformsRequest.php(21): Illuminate\\Pipeline\\Pipeline->Illuminate\\Pipeline\\{closure}(Object(Illuminate\\Http\\Request))
#35 /Users/appkey/Desktop/agungappkey/tugas-akhir/vendor/laravel/framework/src/Illuminate/Foundation/Http/Middleware/ConvertEmptyStringsToNull.php(31): Illuminate\\Foundation\\Http\\Middleware\\TransformsRequest->handle(Object(Illuminate\\Http\\Request), Object(Closure))
#36 /Users/appkey/Desktop/agungappkey/tugas-akhir/vendor/laravel/framework/src/Illuminate/Pipeline/Pipeline.php(183): Illuminate\\Foundation\\Http\\Middleware\\ConvertEmptyStringsToNull->handle(Object(Illuminate\\Http\\Request), Object(Closure))
#37 /Users/appkey/Desktop/agungappkey/tugas-akhir/vendor/laravel/framework/src/Illuminate/Foundation/Http/Middleware/TransformsRequest.php(21): Illuminate\\Pipeline\\Pipeline->Illuminate\\Pipeline\\{closure}(Object(Illuminate\\Http\\Request))
#38 /Users/appkey/Desktop/agungappkey/tugas-akhir/vendor/laravel/framework/src/Illuminate/Foundation/Http/Middleware/TrimStrings.php(40): Illuminate\\Foundation\\Http\\Middleware\\TransformsRequest->handle(Object(Illuminate\\Http\\Request), Object(Closure))
#39 /Users/appkey/Desktop/agungappkey/tugas-akhir/vendor/laravel/framework/src/Illuminate/Pipeline/Pipeline.php(183): Illuminate\\Foundation\\Http\\Middleware\\TrimStrings->handle(Object(Illuminate\\Http\\Request), Object(Closure))
#40 /Users/appkey/Desktop/agungappkey/tugas-akhir/vendor/laravel/framework/src/Illuminate/Foundation/Http/Middleware/ValidatePostSize.php(27): Illuminate\\Pipeline\\Pipeline->Illuminate\\Pipeline\\{closure}(Object(Illuminate\\Http\\Request))
#41 /Users/appkey/Desktop/agungappkey/tugas-akhir/vendor/laravel/framework/src/Illuminate/Pipeline/Pipeline.php(183): Illuminate\\Foundation\\Http\\Middleware\\ValidatePostSize->handle(Object(Illuminate\\Http\\Request), Object(Closure))
#42 /Users/appkey/Desktop/agungappkey/tugas-akhir/vendor/laravel/framework/src/Illuminate/Foundation/Http/Middleware/PreventRequestsDuringMaintenance.php(99): Illuminate\\Pipeline\\Pipeline->Illuminate\\Pipeline\\{closure}(Object(Illuminate\\Http\\Request))
#43 /Users/appkey/Desktop/agungappkey/tugas-akhir/vendor/laravel/framework/src/Illuminate/Pipeline/Pipeline.php(183): Illuminate\\Foundation\\Http\\Middleware\\PreventRequestsDuringMaintenance->handle(Object(Illuminate\\Http\\Request), Object(Closure))
#44 /Users/appkey/Desktop/agungappkey/tugas-akhir/vendor/laravel/framework/src/Illuminate/Http/Middleware/HandleCors.php(49): Illuminate\\Pipeline\\Pipeline->Illuminate\\Pipeline\\{closure}(Object(Illuminate\\Http\\Request))
#45 /Users/appkey/Desktop/agungappkey/tugas-akhir/vendor/laravel/framework/src/Illuminate/Pipeline/Pipeline.php(183): Illuminate\\Http\\Middleware\\HandleCors->handle(Object(Illuminate\\Http\\Request), Object(Closure))
#46 /Users/appkey/Desktop/agungappkey/tugas-akhir/vendor/laravel/framework/src/Illuminate/Http/Middleware/TrustProxies.php(39): Illuminate\\Pipeline\\Pipeline->Illuminate\\Pipeline\\{closure}(Object(Illuminate\\Http\\Request))
#47 /Users/appkey/Desktop/agungappkey/tugas-akhir/vendor/laravel/framework/src/Illuminate/Pipeline/Pipeline.php(183): Illuminate\\Http\\Middleware\\TrustProxies->handle(Object(Illuminate\\Http\\Request), Object(Closure))
#48 /Users/appkey/Desktop/agungappkey/tugas-akhir/vendor/laravel/framework/src/Illuminate/Pipeline/Pipeline.php(119): Illuminate\\Pipeline\\Pipeline->Illuminate\\Pipeline\\{closure}(Object(Illuminate\\Http\\Request))
#49 /Users/appkey/Desktop/agungappkey/tugas-akhir/vendor/laravel/framework/src/Illuminate/Foundation/Http/Kernel.php(175): Illuminate\\Pipeline\\Pipeline->then(Object(Closure))
#50 /Users/appkey/Desktop/agungappkey/tugas-akhir/vendor/laravel/framework/src/Illuminate/Foundation/Http/Kernel.php(144): Illuminate\\Foundation\\Http\\Kernel->sendRequestThroughRouter(Object(Illuminate\\Http\\Request))
#51 /Users/appkey/Desktop/agungappkey/tugas-akhir/public/index.php(51): Illuminate\\Foundation\\Http\\Kernel->handle(Object(Illuminate\\Http\\Request))
#52 /Users/appkey/Desktop/agungappkey/tugas-akhir/vendor/laravel/framework/src/Illuminate/Foundation/resources/server.php(16): require_once('/Users/appkey/D...')
#53 {main}
"} 
[2025-12-05 08:48:25] laravel.ERROR: An email must have a "From" or a "Sender" header. {"exception":"[object] (Symfony\\Component\\Mime\\Exception\\LogicException(code: 0): An email must have a \"From\" or a \"Sender\" header. at /Users/appkey/Desktop/agungappkey/tugas-akhir/vendor/symfony/mime/Message.php:138)
[stacktrace]
#0 /Users/appkey/Desktop/agungappkey/tugas-akhir/vendor/symfony/mime/Email.php(414): Symfony\\Component\\Mime\\Message->ensureValidity()
#1 /Users/appkey/Desktop/agungappkey/tugas-akhir/vendor/symfony/mailer/SentMessage.php(33): Symfony\\Component\\Mime\\Email->ensureValidity()
#2 /Users/appkey/Desktop/agungappkey/tugas-akhir/vendor/symfony/mailer/Transport/AbstractTransport.php(68): Symfony\\Component\\Mailer\\SentMessage->__construct(Object(Symfony\\Component\\Mime\\Email), Object(Symfony\\Component\\Mailer\\DelayedEnvelope))
#3 /Users/appkey/Desktop/agungappkey/tugas-akhir/vendor/symfony/mailer/Transport/Smtp/SmtpTransport.php(137): Symfony\\Component\\Mailer\\Transport\\AbstractTransport->send(Object(Symfony\\Component\\Mime\\Email), Object(Symfony\\Component\\Mailer\\DelayedEnvelope))
#4 /Users/appkey/Desktop/agungappkey/tugas-akhir/vendor/laravel/framework/src/Illuminate/Mail/Mailer.php(573): Symfony\\Component\\Mailer\\Transport\\Smtp\\SmtpTransport->send(Object(Symfony\\Component\\Mime\\Email), Object(Symfony\\Component\\Mailer\\DelayedEnvelope))
#5 /Users/appkey/Desktop/agungappkey/tugas-akhir/vendor/laravel/framework/src/Illuminate/Mail/Mailer.php(335): Illuminate\\Mail\\Mailer->sendSymfonyMessage(Object(Symfony\\Component\\Mime\\Email))
#6 /Users/appkey/Desktop/agungappkey/tugas-akhir/vendor/laravel/framework/src/Illuminate/Notifications/Channels/MailChannel.php(66): Illuminate\\Mail\\Mailer->send(Object(Closure), Array, Object(Closure))
#7 /Users/appkey/Desktop/agungappkey/tugas-akhir/vendor/laravel/framework/src/Illuminate/Notifications/NotificationSender.php(148): Illuminate\\Notifications\\Channels\\MailChannel->send(Object(App\\Models\\User), Object(Illuminate\\Auth\\Notifications\\ResetPassword))
#8 /Users/appkey/Desktop/agungappkey/tugas-akhir/vendor/laravel/framework/src/Illuminate/Notifications/NotificationSender.php(106): Illuminate\\Notifications\\NotificationSender->sendToNotifiable(Object(App\\Models\\User), '9fd71916-7981-4...', Object(Illuminate\\Auth\\Notifications\\ResetPassword), 'mail')
#9 /Users/appkey/Desktop/agungappkey/tugas-akhir/vendor/laravel/framework/src/Illuminate/Support/Traits/Localizable.php(19): Illuminate\\Notifications\\NotificationSender->Illuminate\\Notifications\\{closure}()
#10 /Users/appkey/Desktop/agungappkey/tugas-akhir/vendor/laravel/framework/src/Illuminate/Notifications/NotificationSender.php(101): Illuminate\\Notifications\\NotificationSender->withLocale(NULL, Object(Closure))
#11 /Users/appkey/Desktop/agungappkey/tugas-akhir/vendor/laravel/framework/src/Illuminate/Notifications/NotificationSender.php(79): Illuminate\\Notifications\\NotificationSender->sendNow(Object(Illuminate\\Database\\Eloquent\\Collection), Object(Illuminate\\Auth\\Notifications\\ResetPassword))
#12 /Users/appkey/Desktop/agungappkey/tugas-akhir/vendor/laravel/framework/src/Illuminate/Notifications/ChannelManager.php(39): Illuminate\\Notifications\\NotificationSender->send(Object(Illuminate\\Database\\Eloquent\\Collection), Object(Illuminate\\Auth\\Notifications\\ResetPassword))
#13 /Users/appkey/Desktop/agungappkey/tugas-akhir/vendor/laravel/framework/src/Illuminate/Notifications/RoutesNotifications.php(18): Illuminate\\Notifications\\ChannelManager->send(Object(App\\Models\\User), Object(Illuminate\\Auth\\Notifications\\ResetPassword))
#14 /Users/appkey/Desktop/agungappkey/tugas-akhir/vendor/laravel/framework/src/Illuminate/Auth/Passwords/CanResetPassword.php(27): App\\Models\\User->notify(Object(Illuminate\\Auth\\Notifications\\ResetPassword))
#15 /Users/appkey/Desktop/agungappkey/tugas-akhir/vendor/laravel/framework/src/Illuminate/Auth/Passwords/PasswordBroker.php(72): Illuminate\\Foundation\\Auth\\User->sendPasswordResetNotification('cadfa1a752eacc3...')
#16 /Users/appkey/Desktop/agungappkey/tugas-akhir/vendor/laravel/framework/src/Illuminate/Auth/Passwords/PasswordBrokerManager.php(143): Illuminate\\Auth\\Passwords\\PasswordBroker->sendResetLink(Array)
#17 /Users/appkey/Desktop/agungappkey/tugas-akhir/vendor/laravel/framework/src/Illuminate/Support/Facades/Facade.php(355): Illuminate\\Auth\\Passwords\\PasswordBrokerManager->__call('sendResetLink', Array)
#18 /Users/appkey/Desktop/agungappkey/tugas-akhir/app/Http/Controllers/Auth/PasswordResetLinkController.php(35): Illuminate\\Support\\Facades\\Facade::__callStatic('sendResetLink', Array)
#19 /Users/appkey/Desktop/agungappkey/tugas-akhir/vendor/laravel/framework/src/Illuminate/Routing/Controller.php(54): App\\Http\\Controllers\\Auth\\PasswordResetLinkController->store(Object(Illuminate\\Http\\Request))
#20 /Users/appkey/Desktop/agungappkey/tugas-akhir/vendor/laravel/framework/src/Illuminate/Routing/ControllerDispatcher.php(43): Illuminate\\Routing\\Controller->callAction('store', Array)
#21 /Users/appkey/Desktop/agungappkey/tugas-akhir/vendor/laravel/framework/src/Illuminate/Routing/Route.php(259): Illuminate\\Routing\\ControllerDispatcher->dispatch(Object(Illuminate\\Routing\\Route), Object(App\\Http\\Controllers\\Auth\\PasswordResetLinkController), 'store')
#22 /Users/appkey/Desktop/agungappkey/tugas-akhir/vendor/laravel/framework/src/Illuminate/Routing/Route.php(205): Illuminate\\Routing\\Route->runController()
#23 /Users/appkey/Desktop/agungappkey/tugas-akhir/vendor/laravel/framework/src/Illuminate/Routing/Router.php(806): Illuminate\\Routing\\Route->run()
#24 /Users/appkey/Desktop/agungappkey/tugas-akhir/vendor/laravel/framework/src/Illuminate/Pipeline/Pipeline.php(144): Illuminate\\Routing\\Router->Illuminate\\Routing\\{closure}(Object(Illuminate\\Http\\Request))
#25 /Users/appkey/Desktop/agungappkey/tugas-akhir/app/Http/Middleware/RedirectIfAuthenticated.php(27): Illuminate\\Pipeline\\Pipeline->Illuminate\\Pipeline\\{closure}(Object(Illuminate\\Http\\Request))
#26 /Users/appkey/Desktop/agungappkey/tugas-akhir/vendor/laravel/framework/src/Illuminate/Pipeline/Pipeline.php(183): App\\Http\\Middleware\\RedirectIfAuthenticated->handle(Object(Illuminate\\Http\\Request), Object(Closure))
#27 /Users/appkey/Desktop/agungappkey/tugas-akhir/app/Http/Middleware/SetLocale.php(36): Illuminate\\Pipeline\\Pipeline->Illuminate\\Pipeline\\{closure}(Object(Illuminate\\Http\\Request))
#28 /Users/appkey/Desktop/agungappkey/tugas-akhir/vendor/laravel/framework/src/Illuminate/Pipeline/Pipeline.php(183): App\\Http\\Middleware\\SetLocale->handle(Object(Illuminate\\Http\\Request), Object(Closure))
#29 /Users/appkey/Desktop/agungappkey/tugas-akhir/vendor/laravel/framework/src/Illuminate/Routing/Middleware/SubstituteBindings.php(50): Illuminate\\Pipeline\\Pipeline->Illuminate\\Pipeline\\{closure}(Object(Illuminate\\Http\\Request))
#30 /Users/appkey/Desktop/agungappkey/tugas-akhir/vendor/laravel/framework/src/Illuminate/Pipeline/Pipeline.php(183): Illuminate\\Routing\\Middleware\\SubstituteBindings->handle(Object(Illuminate\\Http\\Request), Object(Closure))
#31 /Users/appkey/Desktop/agungappkey/tugas-akhir/vendor/laravel/framework/src/Illuminate/Foundation/Http/Middleware/VerifyCsrfToken.php(78): Illuminate\\Pipeline\\Pipeline->Illuminate\\Pipeline\\{closure}(Object(Illuminate\\Http\\Request))
#32 /Users/appkey/Desktop/agungappkey/tugas-akhir/vendor/laravel/framework/src/Illuminate/Pipeline/Pipeline.php(183): Illuminate\\Foundation\\Http\\Middleware\\VerifyCsrfToken->handle(Object(Illuminate\\Http\\Request), Object(Closure))
#33 /Users/appkey/Desktop/agungappkey/tugas-akhir/vendor/laravel/framework/src/Illuminate/View/Middleware/ShareErrorsFromSession.php(49): Illuminate\\Pipeline\\Pipeline->Illuminate\\Pipeline\\{closure}(Object(Illuminate\\Http\\Request))
#34 /Users/appkey/Desktop/agungappkey/tugas-akhir/vendor/laravel/framework/src/Illuminate/Pipeline/Pipeline.php(183): Illuminate\\View\\Middleware\\ShareErrorsFromSession->handle(Object(Illuminate\\Http\\Request), Object(Closure))
#35 /Users/appkey/Desktop/agungappkey/tugas-akhir/vendor/laravel/framework/src/Illuminate/Session/Middleware/StartSession.php(121): Illuminate\\Pipeline\\Pipeline->Illuminate\\Pipeline\\{closure}(Object(Illuminate\\Http\\Request))
#36 /Users/appkey/Desktop/agungappkey/tugas-akhir/vendor/laravel/framework/src/Illuminate/Session/Middleware/StartSession.php(64): Illuminate\\Session\\Middleware\\StartSession->handleStatefulRequest(Object(Illuminate\\Http\\Request), Object(Illuminate\\Session\\Store), Object(Closure))
#37 /Users/appkey/Desktop/agungappkey/tugas-akhir/vendor/laravel/framework/src/Illuminate/Pipeline/Pipeline.php(183): Illuminate\\Session\\Middleware\\StartSession->handle(Object(Illuminate\\Http\\Request), Object(Closure))
#38 /Users/appkey/Desktop/agungappkey/tugas-akhir/vendor/laravel/framework/src/Illuminate/Cookie/Middleware/AddQueuedCookiesToResponse.php(37): Illuminate\\Pipeline\\Pipeline->Illuminate\\Pipeline\\{closure}(Object(Illuminate\\Http\\Request))
#39 /Users/appkey/Desktop/agungappkey/tugas-akhir/vendor/laravel/framework/src/Illuminate/Pipeline/Pipeline.php(183): Illuminate\\Cookie\\Middleware\\AddQueuedCookiesToResponse->handle(Object(Illuminate\\Http\\Request), Object(Closure))
#40 /Users/appkey/Desktop/agungappkey/tugas-akhir/vendor/laravel/framework/src/Illuminate/Cookie/Middleware/EncryptCookies.php(67): Illuminate\\Pipeline\\Pipeline->Illuminate\\Pipeline\\{closure}(Object(Illuminate\\Http\\Request))
#41 /Users/appkey/Desktop/agungappkey/tugas-akhir/vendor/laravel/framework/src/Illuminate/Pipeline/Pipeline.php(183): Illuminate\\Cookie\\Middleware\\EncryptCookies->handle(Object(Illuminate\\Http\\Request), Object(Closure))
#42 /Users/appkey/Desktop/agungappkey/tugas-akhir/vendor/laravel/framework/src/Illuminate/Pipeline/Pipeline.php(119): Illuminate\\Pipeline\\Pipeline->Illuminate\\Pipeline\\{closure}(Object(Illuminate\\Http\\Request))
#43 /Users/appkey/Desktop/agungappkey/tugas-akhir/vendor/laravel/framework/src/Illuminate/Routing/Router.php(805): Illuminate\\Pipeline\\Pipeline->then(Object(Closure))
#44 /Users/appkey/Desktop/agungappkey/tugas-akhir/vendor/laravel/framework/src/Illuminate/Routing/Router.php(784): Illuminate\\Routing\\Router->runRouteWithinStack(Object(Illuminate\\Routing\\Route), Object(Illuminate\\Http\\Request))
#45 /Users/appkey/Desktop/agungappkey/tugas-akhir/vendor/laravel/framework/src/Illuminate/Routing/Router.php(748): Illuminate\\Routing\\Router->runRoute(Object(Illuminate\\Http\\Request), Object(Illuminate\\Routing\\Route))
#46 /Users/appkey/Desktop/agungappkey/tugas-akhir/vendor/laravel/framework/src/Illuminate/Routing/Router.php(737): Illuminate\\Routing\\Router->dispatchToRoute(Object(Illuminate\\Http\\Request))
#47 /Users/appkey/Desktop/agungappkey/tugas-akhir/vendor/laravel/framework/src/Illuminate/Foundation/Http/Kernel.php(200): Illuminate\\Routing\\Router->dispatch(Object(Illuminate\\Http\\Request))
#48 /Users/appkey/Desktop/agungappkey/tugas-akhir/vendor/laravel/framework/src/Illuminate/Pipeline/Pipeline.php(144): Illuminate\\Foundation\\Http\\Kernel->Illuminate\\Foundation\\Http\\{closure}(Object(Illuminate\\Http\\Request))
#49 /Users/appkey/Desktop/agungappkey/tugas-akhir/vendor/laravel/framework/src/Illuminate/Foundation/Http/Middleware/TransformsRequest.php(21): Illuminate\\Pipeline\\Pipeline->Illuminate\\Pipeline\\{closure}(Object(Illuminate\\Http\\Request))
#50 /Users/appkey/Desktop/agungappkey/tugas-akhir/vendor/laravel/framework/src/Illuminate/Foundation/Http/Middleware/ConvertEmptyStringsToNull.php(31): Illuminate\\Foundation\\Http\\Middleware\\TransformsRequest->handle(Object(Illuminate\\Http\\Request), Object(Closure))
#51 /Users/appkey/Desktop/agungappkey/tugas-akhir/vendor/laravel/framework/src/Illuminate/Pipeline/Pipeline.php(183): Illuminate\\Foundation\\Http\\Middleware\\ConvertEmptyStringsToNull->handle(Object(Illuminate\\Http\\Request), Object(Closure))
#52 /Users/appkey/Desktop/agungappkey/tugas-akhir/vendor/laravel/framework/src/Illuminate/Foundation/Http/Middleware/TransformsRequest.php(21): Illuminate\\Pipeline\\Pipeline->Illuminate\\Pipeline\\{closure}(Object(Illuminate\\Http\\Request))
#53 /Users/appkey/Desktop/agungappkey/tugas-akhir/vendor/laravel/framework/src/Illuminate/Foundation/Http/Middleware/TrimStrings.php(40): Illuminate\\Foundation\\Http\\Middleware\\TransformsRequest->handle(Object(Illuminate\\Http\\Request), Object(Closure))
#54 /Users/appkey/Desktop/agungappkey/tugas-akhir/vendor/laravel/framework/src/Illuminate/Pipeline/Pipeline.php(183): Illuminate\\Foundation\\Http\\Middleware\\TrimStrings->handle(Object(Illuminate\\Http\\Request), Object(Closure))
#55 /Users/appkey/Desktop/agungappkey/tugas-akhir/vendor/laravel/framework/src/Illuminate/Foundation/Http/Middleware/ValidatePostSize.php(27): Illuminate\\Pipeline\\Pipeline->Illuminate\\Pipeline\\{closure}(Object(Illuminate\\Http\\Request))
#56 /Users/appkey/Desktop/agungappkey/tugas-akhir/vendor/laravel/framework/src/Illuminate/Pipeline/Pipeline.php(183): Illuminate\\Foundation\\Http\\Middleware\\ValidatePostSize->handle(Object(Illuminate\\Http\\Request), Object(Closure))
#57 /Users/appkey/Desktop/agungappkey/tugas-akhir/vendor/laravel/framework/src/Illuminate/Foundation/Http/Middleware/PreventRequestsDuringMaintenance.php(99): Illuminate\\Pipeline\\Pipeline->Illuminate\\Pipeline\\{closure}(Object(Illuminate\\Http\\Request))
#58 /Users/appkey/Desktop/agungappkey/tugas-akhir/vendor/laravel/framework/src/Illuminate/Pipeline/Pipeline.php(183): Illuminate\\Foundation\\Http\\Middleware\\PreventRequestsDuringMaintenance->handle(Object(Illuminate\\Http\\Request), Object(Closure))
#59 /Users/appkey/Desktop/agungappkey/tugas-akhir/vendor/laravel/framework/src/Illuminate/Http/Middleware/HandleCors.php(49): Illuminate\\Pipeline\\Pipeline->Illuminate\\Pipeline\\{closure}(Object(Illuminate\\Http\\Request))
#60 /Users/appkey/Desktop/agungappkey/tugas-akhir/vendor/laravel/framework/src/Illuminate/Pipeline/Pipeline.php(183): Illuminate\\Http\\Middleware\\HandleCors->handle(Object(Illuminate\\Http\\Request), Object(Closure))
#61 /Users/appkey/Desktop/agungappkey/tugas-akhir/vendor/laravel/framework/src/Illuminate/Http/Middleware/TrustProxies.php(39): Illuminate\\Pipeline\\Pipeline->Illuminate\\Pipeline\\{closure}(Object(Illuminate\\Http\\Request))
#62 /Users/appkey/Desktop/agungappkey/tugas-akhir/vendor/laravel/framework/src/Illuminate/Pipeline/Pipeline.php(183): Illuminate\\Http\\Middleware\\TrustProxies->handle(Object(Illuminate\\Http\\Request), Object(Closure))
#63 /Users/appkey/Desktop/agungappkey/tugas-akhir/vendor/laravel/framework/src/Illuminate/Pipeline/Pipeline.php(119): Illuminate\\Pipeline\\Pipeline->Illuminate\\Pipeline\\{closure}(Object(Illuminate\\Http\\Request))
#64 /Users/appkey/Desktop/agungappkey/tugas-akhir/vendor/laravel/framework/src/Illuminate/Foundation/Http/Kernel.php(175): Illuminate\\Pipeline\\Pipeline->then(Object(Closure))
#65 /Users/appkey/Desktop/agungappkey/tugas-akhir/vendor/laravel/framework/src/Illuminate/Foundation/Http/Kernel.php(144): Illuminate\\Foundation\\Http\\Kernel->sendRequestThroughRouter(Object(Illuminate\\Http\\Request))
#66 /Users/appkey/Desktop/agungappkey/tugas-akhir/public/index.php(51): Illuminate\\Foundation\\Http\\Kernel->handle(Object(Illuminate\\Http\\Request))
#67 /Users/appkey/Desktop/agungappkey/tugas-akhir/vendor/laravel/framework/src/Illuminate/Foundation/resources/server.php(16): require_once('/Users/appkey/D...')
#68 {main}
"} 
[2025-12-06 08:46:31] laravel.EMERGENCY: Unable to create configured logger. Using emergency logger. {"exception":"[object] (ErrorException(code: 0): Undefined array key \"channels\" at /Users/appkey/Desktop/agungappkey/tugas-akhir/vendor/laravel/framework/src/Illuminate/Log/LogManager.php:260)
[stacktrace]
#0 /Users/appkey/Desktop/agungappkey/tugas-akhir/vendor/laravel/framework/src/Illuminate/Foundation/Bootstrap/HandleExceptions.php(255): Illuminate\\Foundation\\Bootstrap\\HandleExceptions->handleError(2, 'Undefined array...', '/Users/appkey/D...', 260)
#1 /Users/appkey/Desktop/agungappkey/tugas-akhir/vendor/laravel/framework/src/Illuminate/Log/LogManager.php(260): Illuminate\\Foundation\\Bootstrap\\HandleExceptions->Illuminate\\Foundation\\Bootstrap\\{closure}(2, 'Undefined array...', '/Users/appkey/D...', 260)
#2 /Users/appkey/Desktop/agungappkey/tugas-akhir/vendor/laravel/framework/src/Illuminate/Log/LogManager.php(222): Illuminate\\Log\\LogManager->createStackDriver(Array)
#3 /Users/appkey/Desktop/agungappkey/tugas-akhir/vendor/laravel/framework/src/Illuminate/Log/LogManager.php(137): Illuminate\\Log\\LogManager->resolve('stack', Array)
#4 /Users/appkey/Desktop/agungappkey/tugas-akhir/vendor/laravel/framework/src/Illuminate/Log/LogManager.php(124): Illuminate\\Log\\LogManager->get('stack')
#5 /Users/appkey/Desktop/agungappkey/tugas-akhir/vendor/laravel/framework/src/Illuminate/Log/LogManager.php(722): Illuminate\\Log\\LogManager->driver()
#6 /Users/appkey/Desktop/agungappkey/tugas-akhir/vendor/laravel/framework/src/Illuminate/Support/Facades/Facade.php(355): Illuminate\\Log\\LogManager->info('User registrati...', Array)
#7 /Users/appkey/Desktop/agungappkey/tugas-akhir/app/Http/Controllers/Auth/RegisteredUserController.php(34): Illuminate\\Support\\Facades\\Facade::__callStatic('info', Array)
#8 /Users/appkey/Desktop/agungappkey/tugas-akhir/vendor/laravel/framework/src/Illuminate/Routing/Controller.php(54): App\\Http\\Controllers\\Auth\\RegisteredUserController->store(Object(Illuminate\\Http\\Request))
#9 /Users/appkey/Desktop/agungappkey/tugas-akhir/vendor/laravel/framework/src/Illuminate/Routing/ControllerDispatcher.php(43): Illuminate\\Routing\\Controller->callAction('store', Array)
#10 /Users/appkey/Desktop/agungappkey/tugas-akhir/vendor/laravel/framework/src/Illuminate/Routing/Route.php(259): Illuminate\\Routing\\ControllerDispatcher->dispatch(Object(Illuminate\\Routing\\Route), Object(App\\Http\\Controllers\\Auth\\RegisteredUserController), 'store')
#11 /Users/appkey/Desktop/agungappkey/tugas-akhir/vendor/laravel/framework/src/Illuminate/Routing/Route.php(205): Illuminate\\Routing\\Route->runController()
#12 /Users/appkey/Desktop/agungappkey/tugas-akhir/vendor/laravel/framework/src/Illuminate/Routing/Router.php(806): Illuminate\\Routing\\Route->run()
#13 /Users/appkey/Desktop/agungappkey/tugas-akhir/vendor/laravel/framework/src/Illuminate/Pipeline/Pipeline.php(144): Illuminate\\Routing\\Router->Illuminate\\Routing\\{closure}(Object(Illuminate\\Http\\Request))
#14 /Users/appkey/Desktop/agungappkey/tugas-akhir/app/Http/Middleware/RedirectIfAuthenticated.php(27): Illuminate\\Pipeline\\Pipeline->Illuminate\\Pipeline\\{closure}(Object(Illuminate\\Http\\Request))
#15 /Users/appkey/Desktop/agungappkey/tugas-akhir/vendor/laravel/framework/src/Illuminate/Pipeline/Pipeline.php(183): App\\Http\\Middleware\\RedirectIfAuthenticated->handle(Object(Illuminate\\Http\\Request), Object(Closure))
#16 /Users/appkey/Desktop/agungappkey/tugas-akhir/app/Http/Middleware/SetLocale.php(36): Illuminate\\Pipeline\\Pipeline->Illuminate\\Pipeline\\{closure}(Object(Illuminate\\Http\\Request))
#17 /Users/appkey/Desktop/agungappkey/tugas-akhir/vendor/laravel/framework/src/Illuminate/Pipeline/Pipeline.php(183): App\\Http\\Middleware\\SetLocale->handle(Object(Illuminate\\Http\\Request), Object(Closure))
#18 /Users/appkey/Desktop/agungappkey/tugas-akhir/vendor/laravel/framework/src/Illuminate/Routing/Middleware/SubstituteBindings.php(50): Illuminate\\Pipeline\\Pipeline->Illuminate\\Pipeline\\{closure}(Object(Illuminate\\Http\\Request))
#19 /Users/appkey/Desktop/agungappkey/tugas-akhir/vendor/laravel/framework/src/Illuminate/Pipeline/Pipeline.php(183): Illuminate\\Routing\\Middleware\\SubstituteBindings->handle(Object(Illuminate\\Http\\Request), Object(Closure))
#20 /Users/appkey/Desktop/agungappkey/tugas-akhir/vendor/laravel/framework/src/Illuminate/Foundation/Http/Middleware/VerifyCsrfToken.php(78): Illuminate\\Pipeline\\Pipeline->Illuminate\\Pipeline\\{closure}(Object(Illuminate\\Http\\Request))
#21 /Users/appkey/Desktop/agungappkey/tugas-akhir/vendor/laravel/framework/src/Illuminate/Pipeline/Pipeline.php(183): Illuminate\\Foundation\\Http\\Middleware\\VerifyCsrfToken->handle(Object(Illuminate\\Http\\Request), Object(Closure))
#22 /Users/appkey/Desktop/agungappkey/tugas-akhir/vendor/laravel/framework/src/Illuminate/View/Middleware/ShareErrorsFromSession.php(49): Illuminate\\Pipeline\\Pipeline->Illuminate\\Pipeline\\{closure}(Object(Illuminate\\Http\\Request))
#23 /Users/appkey/Desktop/agungappkey/tugas-akhir/vendor/laravel/framework/src/Illuminate/Pipeline/Pipeline.php(183): Illuminate\\View\\Middleware\\ShareErrorsFromSession->handle(Object(Illuminate\\Http\\Request), Object(Closure))
#24 /Users/appkey/Desktop/agungappkey/tugas-akhir/vendor/laravel/framework/src/Illuminate/Session/Middleware/StartSession.php(121): Illuminate\\Pipeline\\Pipeline->Illuminate\\Pipeline\\{closure}(Object(Illuminate\\Http\\Request))
#25 /Users/appkey/Desktop/agungappkey/tugas-akhir/vendor/laravel/framework/src/Illuminate/Session/Middleware/StartSession.php(64): Illuminate\\Session\\Middleware\\StartSession->handleStatefulRequest(Object(Illuminate\\Http\\Request), Object(Illuminate\\Session\\Store), Object(Closure))
#26 /Users/appkey/Desktop/agungappkey/tugas-akhir/vendor/laravel/framework/src/Illuminate/Pipeline/Pipeline.php(183): Illuminate\\Session\\Middleware\\StartSession->handle(Object(Illuminate\\Http\\Request), Object(Closure))
#27 /Users/appkey/Desktop/agungappkey/tugas-akhir/vendor/laravel/framework/src/Illuminate/Cookie/Middleware/AddQueuedCookiesToResponse.php(37): Illuminate\\Pipeline\\Pipeline->Illuminate\\Pipeline\\{closure}(Object(Illuminate\\Http\\Request))
#28 /Users/appkey/Desktop/agungappkey/tugas-akhir/vendor/laravel/framework/src/Illuminate/Pipeline/Pipeline.php(183): Illuminate\\Cookie\\Middleware\\AddQueuedCookiesToResponse->handle(Object(Illuminate\\Http\\Request), Object(Closure))
#29 /Users/appkey/Desktop/agungappkey/tugas-akhir/vendor/laravel/framework/src/Illuminate/Cookie/Middleware/EncryptCookies.php(67): Illuminate\\Pipeline\\Pipeline->Illuminate\\Pipeline\\{closure}(Object(Illuminate\\Http\\Request))
#30 /Users/appkey/Desktop/agungappkey/tugas-akhir/vendor/laravel/framework/src/Illuminate/Pipeline/Pipeline.php(183): Illuminate\\Cookie\\Middleware\\EncryptCookies->handle(Object(Illuminate\\Http\\Request), Object(Closure))
#31 /Users/appkey/Desktop/agungappkey/tugas-akhir/vendor/laravel/framework/src/Illuminate/Pipeline/Pipeline.php(119): Illuminate\\Pipeline\\Pipeline->Illuminate\\Pipeline\\{closure}(Object(Illuminate\\Http\\Request))
#32 /Users/appkey/Desktop/agungappkey/tugas-akhir/vendor/laravel/framework/src/Illuminate/Routing/Router.php(805): Illuminate\\Pipeline\\Pipeline->then(Object(Closure))
#33 /Users/appkey/Desktop/agungappkey/tugas-akhir/vendor/laravel/framework/src/Illuminate/Routing/Router.php(784): Illuminate\\Routing\\Router->runRouteWithinStack(Object(Illuminate\\Routing\\Route), Object(Illuminate\\Http\\Request))
#34 /Users/appkey/Desktop/agungappkey/tugas-akhir/vendor/laravel/framework/src/Illuminate/Routing/Router.php(748): Illuminate\\Routing\\Router->runRoute(Object(Illuminate\\Http\\Request), Object(Illuminate\\Routing\\Route))
#35 /Users/appkey/Desktop/agungappkey/tugas-akhir/vendor/laravel/framework/src/Illuminate/Routing/Router.php(737): Illuminate\\Routing\\Router->dispatchToRoute(Object(Illuminate\\Http\\Request))
#36 /Users/appkey/Desktop/agungappkey/tugas-akhir/vendor/laravel/framework/src/Illuminate/Foundation/Http/Kernel.php(200): Illuminate\\Routing\\Router->dispatch(Object(Illuminate\\Http\\Request))
#37 /Users/appkey/Desktop/agungappkey/tugas-akhir/vendor/laravel/framework/src/Illuminate/Pipeline/Pipeline.php(144): Illuminate\\Foundation\\Http\\Kernel->Illuminate\\Foundation\\Http\\{closure}(Object(Illuminate\\Http\\Request))
#38 /Users/appkey/Desktop/agungappkey/tugas-akhir/vendor/laravel/framework/src/Illuminate/Foundation/Http/Middleware/TransformsRequest.php(21): Illuminate\\Pipeline\\Pipeline->Illuminate\\Pipeline\\{closure}(Object(Illuminate\\Http\\Request))
#39 /Users/appkey/Desktop/agungappkey/tugas-akhir/vendor/laravel/framework/src/Illuminate/Foundation/Http/Middleware/ConvertEmptyStringsToNull.php(31): Illuminate\\Foundation\\Http\\Middleware\\TransformsRequest->handle(Object(Illuminate\\Http\\Request), Object(Closure))
#40 /Users/appkey/Desktop/agungappkey/tugas-akhir/vendor/laravel/framework/src/Illuminate/Pipeline/Pipeline.php(183): Illuminate\\Foundation\\Http\\Middleware\\ConvertEmptyStringsToNull->handle(Object(Illuminate\\Http\\Request), Object(Closure))
#41 /Users/appkey/Desktop/agungappkey/tugas-akhir/vendor/laravel/framework/src/Illuminate/Foundation/Http/Middleware/TransformsRequest.php(21): Illuminate\\Pipeline\\Pipeline->Illuminate\\Pipeline\\{closure}(Object(Illuminate\\Http\\Request))
#42 /Users/appkey/Desktop/agungappkey/tugas-akhir/vendor/laravel/framework/src/Illuminate/Foundation/Http/Middleware/TrimStrings.php(40): Illuminate\\Foundation\\Http\\Middleware\\TransformsRequest->handle(Object(Illuminate\\Http\\Request), Object(Closure))
#43 /Users/appkey/Desktop/agungappkey/tugas-akhir/vendor/laravel/framework/src/Illuminate/Pipeline/Pipeline.php(183): Illuminate\\Foundation\\Http\\Middleware\\TrimStrings->handle(Object(Illuminate\\Http\\Request), Object(Closure))
#44 /Users/appkey/Desktop/agungappkey/tugas-akhir/vendor/laravel/framework/src/Illuminate/Foundation/Http/Middleware/ValidatePostSize.php(27): Illuminate\\Pipeline\\Pipeline->Illuminate\\Pipeline\\{closure}(Object(Illuminate\\Http\\Request))
#45 /Users/appkey/Desktop/agungappkey/tugas-akhir/vendor/laravel/framework/src/Illuminate/Pipeline/Pipeline.php(183): Illuminate\\Foundation\\Http\\Middleware\\ValidatePostSize->handle(Object(Illuminate\\Http\\Request), Object(Closure))
#46 /Users/appkey/Desktop/agungappkey/tugas-akhir/vendor/laravel/framework/src/Illuminate/Foundation/Http/Middleware/PreventRequestsDuringMaintenance.php(99): Illuminate\\Pipeline\\Pipeline->Illuminate\\Pipeline\\{closure}(Object(Illuminate\\Http\\Request))
#47 /Users/appkey/Desktop/agungappkey/tugas-akhir/vendor/laravel/framework/src/Illuminate/Pipeline/Pipeline.php(183): Illuminate\\Foundation\\Http\\Middleware\\PreventRequestsDuringMaintenance->handle(Object(Illuminate\\Http\\Request), Object(Closure))
#48 /Users/appkey/Desktop/agungappkey/tugas-akhir/vendor/laravel/framework/src/Illuminate/Http/Middleware/HandleCors.php(49): Illuminate\\Pipeline\\Pipeline->Illuminate\\Pipeline\\{closure}(Object(Illuminate\\Http\\Request))
#49 /Users/appkey/Desktop/agungappkey/tugas-akhir/vendor/laravel/framework/src/Illuminate/Pipeline/Pipeline.php(183): Illuminate\\Http\\Middleware\\HandleCors->handle(Object(Illuminate\\Http\\Request), Object(Closure))
#50 /Users/appkey/Desktop/agungappkey/tugas-akhir/vendor/laravel/framework/src/Illuminate/Http/Middleware/TrustProxies.php(39): Illuminate\\Pipeline\\Pipeline->Illuminate\\Pipeline\\{closure}(Object(Illuminate\\Http\\Request))
#51 /Users/appkey/Desktop/agungappkey/tugas-akhir/vendor/laravel/framework/src/Illuminate/Pipeline/Pipeline.php(183): Illuminate\\Http\\Middleware\\TrustProxies->handle(Object(Illuminate\\Http\\Request), Object(Closure))
#52 /Users/appkey/Desktop/agungappkey/tugas-akhir/vendor/laravel/framework/src/Illuminate/Pipeline/Pipeline.php(119): Illuminate\\Pipeline\\Pipeline->Illuminate\\Pipeline\\{closure}(Object(Illuminate\\Http\\Request))
#53 /Users/appkey/Desktop/agungappkey/tugas-akhir/vendor/laravel/framework/src/Illuminate/Foundation/Http/Kernel.php(175): Illuminate\\Pipeline\\Pipeline->then(Object(Closure))
#54 /Users/appkey/Desktop/agungappkey/tugas-akhir/vendor/laravel/framework/src/Illuminate/Foundation/Http/Kernel.php(144): Illuminate\\Foundation\\Http\\Kernel->sendRequestThroughRouter(Object(Illuminate\\Http\\Request))
#55 /Users/appkey/Desktop/agungappkey/tugas-akhir/public/index.php(51): Illuminate\\Foundation\\Http\\Kernel->handle(Object(Illuminate\\Http\\Request))
#56 /Users/appkey/Desktop/agungappkey/tugas-akhir/vendor/laravel/framework/src/Illuminate/Foundation/resources/server.php(16): require_once('/Users/appkey/D...')
#57 {main}
"} 
[2025-12-06 08:46:31] laravel.INFO: User registration attempt {"email":"jodi.appkey@gmail.com","name":"jodi","ip":"127.0.0.1","user_agent":"Mozilla/5.0 (Macintosh; Intel Mac OS X 10_15_7) AppleWebKit/537.36 (KHTML, like Gecko) Chrome/142.0.0.0 Safari/537.36"} 
[2025-12-06 08:46:32] laravel.EMERGENCY: Unable to create configured logger. Using emergency logger. {"exception":"[object] (ErrorException(code: 0): Undefined array key \"channels\" at /Users/appkey/Desktop/agungappkey/tugas-akhir/vendor/laravel/framework/src/Illuminate/Log/LogManager.php:260)
[stacktrace]
#0 /Users/appkey/Desktop/agungappkey/tugas-akhir/vendor/laravel/framework/src/Illuminate/Foundation/Bootstrap/HandleExceptions.php(255): Illuminate\\Foundation\\Bootstrap\\HandleExceptions->handleError(2, 'Undefined array...', '/Users/appkey/D...', 260)
#1 /Users/appkey/Desktop/agungappkey/tugas-akhir/vendor/laravel/framework/src/Illuminate/Log/LogManager.php(260): Illuminate\\Foundation\\Bootstrap\\HandleExceptions->Illuminate\\Foundation\\Bootstrap\\{closure}(2, 'Undefined array...', '/Users/appkey/D...', 260)
#2 /Users/appkey/Desktop/agungappkey/tugas-akhir/vendor/laravel/framework/src/Illuminate/Log/LogManager.php(222): Illuminate\\Log\\LogManager->createStackDriver(Array)
#3 /Users/appkey/Desktop/agungappkey/tugas-akhir/vendor/laravel/framework/src/Illuminate/Log/LogManager.php(137): Illuminate\\Log\\LogManager->resolve('stack', Array)
#4 /Users/appkey/Desktop/agungappkey/tugas-akhir/vendor/laravel/framework/src/Illuminate/Log/LogManager.php(124): Illuminate\\Log\\LogManager->get('stack')
#5 /Users/appkey/Desktop/agungappkey/tugas-akhir/vendor/laravel/framework/src/Illuminate/Log/LogManager.php(722): Illuminate\\Log\\LogManager->driver()
#6 /Users/appkey/Desktop/agungappkey/tugas-akhir/vendor/laravel/framework/src/Illuminate/Support/Facades/Facade.php(355): Illuminate\\Log\\LogManager->info('User registered...', Array)
#7 /Users/appkey/Desktop/agungappkey/tugas-akhir/app/Http/Controllers/Auth/RegisteredUserController.php(67): Illuminate\\Support\\Facades\\Facade::__callStatic('info', Array)
#8 /Users/appkey/Desktop/agungappkey/tugas-akhir/vendor/laravel/framework/src/Illuminate/Routing/Controller.php(54): App\\Http\\Controllers\\Auth\\RegisteredUserController->store(Object(Illuminate\\Http\\Request))
#9 /Users/appkey/Desktop/agungappkey/tugas-akhir/vendor/laravel/framework/src/Illuminate/Routing/ControllerDispatcher.php(43): Illuminate\\Routing\\Controller->callAction('store', Array)
#10 /Users/appkey/Desktop/agungappkey/tugas-akhir/vendor/laravel/framework/src/Illuminate/Routing/Route.php(259): Illuminate\\Routing\\ControllerDispatcher->dispatch(Object(Illuminate\\Routing\\Route), Object(App\\Http\\Controllers\\Auth\\RegisteredUserController), 'store')
#11 /Users/appkey/Desktop/agungappkey/tugas-akhir/vendor/laravel/framework/src/Illuminate/Routing/Route.php(205): Illuminate\\Routing\\Route->runController()
#12 /Users/appkey/Desktop/agungappkey/tugas-akhir/vendor/laravel/framework/src/Illuminate/Routing/Router.php(806): Illuminate\\Routing\\Route->run()
#13 /Users/appkey/Desktop/agungappkey/tugas-akhir/vendor/laravel/framework/src/Illuminate/Pipeline/Pipeline.php(144): Illuminate\\Routing\\Router->Illuminate\\Routing\\{closure}(Object(Illuminate\\Http\\Request))
#14 /Users/appkey/Desktop/agungappkey/tugas-akhir/app/Http/Middleware/RedirectIfAuthenticated.php(27): Illuminate\\Pipeline\\Pipeline->Illuminate\\Pipeline\\{closure}(Object(Illuminate\\Http\\Request))
#15 /Users/appkey/Desktop/agungappkey/tugas-akhir/vendor/laravel/framework/src/Illuminate/Pipeline/Pipeline.php(183): App\\Http\\Middleware\\RedirectIfAuthenticated->handle(Object(Illuminate\\Http\\Request), Object(Closure))
#16 /Users/appkey/Desktop/agungappkey/tugas-akhir/app/Http/Middleware/SetLocale.php(36): Illuminate\\Pipeline\\Pipeline->Illuminate\\Pipeline\\{closure}(Object(Illuminate\\Http\\Request))
#17 /Users/appkey/Desktop/agungappkey/tugas-akhir/vendor/laravel/framework/src/Illuminate/Pipeline/Pipeline.php(183): App\\Http\\Middleware\\SetLocale->handle(Object(Illuminate\\Http\\Request), Object(Closure))
#18 /Users/appkey/Desktop/agungappkey/tugas-akhir/vendor/laravel/framework/src/Illuminate/Routing/Middleware/SubstituteBindings.php(50): Illuminate\\Pipeline\\Pipeline->Illuminate\\Pipeline\\{closure}(Object(Illuminate\\Http\\Request))
#19 /Users/appkey/Desktop/agungappkey/tugas-akhir/vendor/laravel/framework/src/Illuminate/Pipeline/Pipeline.php(183): Illuminate\\Routing\\Middleware\\SubstituteBindings->handle(Object(Illuminate\\Http\\Request), Object(Closure))
#20 /Users/appkey/Desktop/agungappkey/tugas-akhir/vendor/laravel/framework/src/Illuminate/Foundation/Http/Middleware/VerifyCsrfToken.php(78): Illuminate\\Pipeline\\Pipeline->Illuminate\\Pipeline\\{closure}(Object(Illuminate\\Http\\Request))
#21 /Users/appkey/Desktop/agungappkey/tugas-akhir/vendor/laravel/framework/src/Illuminate/Pipeline/Pipeline.php(183): Illuminate\\Foundation\\Http\\Middleware\\VerifyCsrfToken->handle(Object(Illuminate\\Http\\Request), Object(Closure))
#22 /Users/appkey/Desktop/agungappkey/tugas-akhir/vendor/laravel/framework/src/Illuminate/View/Middleware/ShareErrorsFromSession.php(49): Illuminate\\Pipeline\\Pipeline->Illuminate\\Pipeline\\{closure}(Object(Illuminate\\Http\\Request))
#23 /Users/appkey/Desktop/agungappkey/tugas-akhir/vendor/laravel/framework/src/Illuminate/Pipeline/Pipeline.php(183): Illuminate\\View\\Middleware\\ShareErrorsFromSession->handle(Object(Illuminate\\Http\\Request), Object(Closure))
#24 /Users/appkey/Desktop/agungappkey/tugas-akhir/vendor/laravel/framework/src/Illuminate/Session/Middleware/StartSession.php(121): Illuminate\\Pipeline\\Pipeline->Illuminate\\Pipeline\\{closure}(Object(Illuminate\\Http\\Request))
#25 /Users/appkey/Desktop/agungappkey/tugas-akhir/vendor/laravel/framework/src/Illuminate/Session/Middleware/StartSession.php(64): Illuminate\\Session\\Middleware\\StartSession->handleStatefulRequest(Object(Illuminate\\Http\\Request), Object(Illuminate\\Session\\Store), Object(Closure))
#26 /Users/appkey/Desktop/agungappkey/tugas-akhir/vendor/laravel/framework/src/Illuminate/Pipeline/Pipeline.php(183): Illuminate\\Session\\Middleware\\StartSession->handle(Object(Illuminate\\Http\\Request), Object(Closure))
#27 /Users/appkey/Desktop/agungappkey/tugas-akhir/vendor/laravel/framework/src/Illuminate/Cookie/Middleware/AddQueuedCookiesToResponse.php(37): Illuminate\\Pipeline\\Pipeline->Illuminate\\Pipeline\\{closure}(Object(Illuminate\\Http\\Request))
#28 /Users/appkey/Desktop/agungappkey/tugas-akhir/vendor/laravel/framework/src/Illuminate/Pipeline/Pipeline.php(183): Illuminate\\Cookie\\Middleware\\AddQueuedCookiesToResponse->handle(Object(Illuminate\\Http\\Request), Object(Closure))
#29 /Users/appkey/Desktop/agungappkey/tugas-akhir/vendor/laravel/framework/src/Illuminate/Cookie/Middleware/EncryptCookies.php(67): Illuminate\\Pipeline\\Pipeline->Illuminate\\Pipeline\\{closure}(Object(Illuminate\\Http\\Request))
#30 /Users/appkey/Desktop/agungappkey/tugas-akhir/vendor/laravel/framework/src/Illuminate/Pipeline/Pipeline.php(183): Illuminate\\Cookie\\Middleware\\EncryptCookies->handle(Object(Illuminate\\Http\\Request), Object(Closure))
#31 /Users/appkey/Desktop/agungappkey/tugas-akhir/vendor/laravel/framework/src/Illuminate/Pipeline/Pipeline.php(119): Illuminate\\Pipeline\\Pipeline->Illuminate\\Pipeline\\{closure}(Object(Illuminate\\Http\\Request))
#32 /Users/appkey/Desktop/agungappkey/tugas-akhir/vendor/laravel/framework/src/Illuminate/Routing/Router.php(805): Illuminate\\Pipeline\\Pipeline->then(Object(Closure))
#33 /Users/appkey/Desktop/agungappkey/tugas-akhir/vendor/laravel/framework/src/Illuminate/Routing/Router.php(784): Illuminate\\Routing\\Router->runRouteWithinStack(Object(Illuminate\\Routing\\Route), Object(Illuminate\\Http\\Request))
#34 /Users/appkey/Desktop/agungappkey/tugas-akhir/vendor/laravel/framework/src/Illuminate/Routing/Router.php(748): Illuminate\\Routing\\Router->runRoute(Object(Illuminate\\Http\\Request), Object(Illuminate\\Routing\\Route))
#35 /Users/appkey/Desktop/agungappkey/tugas-akhir/vendor/laravel/framework/src/Illuminate/Routing/Router.php(737): Illuminate\\Routing\\Router->dispatchToRoute(Object(Illuminate\\Http\\Request))
#36 /Users/appkey/Desktop/agungappkey/tugas-akhir/vendor/laravel/framework/src/Illuminate/Foundation/Http/Kernel.php(200): Illuminate\\Routing\\Router->dispatch(Object(Illuminate\\Http\\Request))
#37 /Users/appkey/Desktop/agungappkey/tugas-akhir/vendor/laravel/framework/src/Illuminate/Pipeline/Pipeline.php(144): Illuminate\\Foundation\\Http\\Kernel->Illuminate\\Foundation\\Http\\{closure}(Object(Illuminate\\Http\\Request))
#38 /Users/appkey/Desktop/agungappkey/tugas-akhir/vendor/laravel/framework/src/Illuminate/Foundation/Http/Middleware/TransformsRequest.php(21): Illuminate\\Pipeline\\Pipeline->Illuminate\\Pipeline\\{closure}(Object(Illuminate\\Http\\Request))
#39 /Users/appkey/Desktop/agungappkey/tugas-akhir/vendor/laravel/framework/src/Illuminate/Foundation/Http/Middleware/ConvertEmptyStringsToNull.php(31): Illuminate\\Foundation\\Http\\Middleware\\TransformsRequest->handle(Object(Illuminate\\Http\\Request), Object(Closure))
#40 /Users/appkey/Desktop/agungappkey/tugas-akhir/vendor/laravel/framework/src/Illuminate/Pipeline/Pipeline.php(183): Illuminate\\Foundation\\Http\\Middleware\\ConvertEmptyStringsToNull->handle(Object(Illuminate\\Http\\Request), Object(Closure))
#41 /Users/appkey/Desktop/agungappkey/tugas-akhir/vendor/laravel/framework/src/Illuminate/Foundation/Http/Middleware/TransformsRequest.php(21): Illuminate\\Pipeline\\Pipeline->Illuminate\\Pipeline\\{closure}(Object(Illuminate\\Http\\Request))
#42 /Users/appkey/Desktop/agungappkey/tugas-akhir/vendor/laravel/framework/src/Illuminate/Foundation/Http/Middleware/TrimStrings.php(40): Illuminate\\Foundation\\Http\\Middleware\\TransformsRequest->handle(Object(Illuminate\\Http\\Request), Object(Closure))
#43 /Users/appkey/Desktop/agungappkey/tugas-akhir/vendor/laravel/framework/src/Illuminate/Pipeline/Pipeline.php(183): Illuminate\\Foundation\\Http\\Middleware\\TrimStrings->handle(Object(Illuminate\\Http\\Request), Object(Closure))
#44 /Users/appkey/Desktop/agungappkey/tugas-akhir/vendor/laravel/framework/src/Illuminate/Foundation/Http/Middleware/ValidatePostSize.php(27): Illuminate\\Pipeline\\Pipeline->Illuminate\\Pipeline\\{closure}(Object(Illuminate\\Http\\Request))
#45 /Users/appkey/Desktop/agungappkey/tugas-akhir/vendor/laravel/framework/src/Illuminate/Pipeline/Pipeline.php(183): Illuminate\\Foundation\\Http\\Middleware\\ValidatePostSize->handle(Object(Illuminate\\Http\\Request), Object(Closure))
#46 /Users/appkey/Desktop/agungappkey/tugas-akhir/vendor/laravel/framework/src/Illuminate/Foundation/Http/Middleware/PreventRequestsDuringMaintenance.php(99): Illuminate\\Pipeline\\Pipeline->Illuminate\\Pipeline\\{closure}(Object(Illuminate\\Http\\Request))
#47 /Users/appkey/Desktop/agungappkey/tugas-akhir/vendor/laravel/framework/src/Illuminate/Pipeline/Pipeline.php(183): Illuminate\\Foundation\\Http\\Middleware\\PreventRequestsDuringMaintenance->handle(Object(Illuminate\\Http\\Request), Object(Closure))
#48 /Users/appkey/Desktop/agungappkey/tugas-akhir/vendor/laravel/framework/src/Illuminate/Http/Middleware/HandleCors.php(49): Illuminate\\Pipeline\\Pipeline->Illuminate\\Pipeline\\{closure}(Object(Illuminate\\Http\\Request))
#49 /Users/appkey/Desktop/agungappkey/tugas-akhir/vendor/laravel/framework/src/Illuminate/Pipeline/Pipeline.php(183): Illuminate\\Http\\Middleware\\HandleCors->handle(Object(Illuminate\\Http\\Request), Object(Closure))
#50 /Users/appkey/Desktop/agungappkey/tugas-akhir/vendor/laravel/framework/src/Illuminate/Http/Middleware/TrustProxies.php(39): Illuminate\\Pipeline\\Pipeline->Illuminate\\Pipeline\\{closure}(Object(Illuminate\\Http\\Request))
#51 /Users/appkey/Desktop/agungappkey/tugas-akhir/vendor/laravel/framework/src/Illuminate/Pipeline/Pipeline.php(183): Illuminate\\Http\\Middleware\\TrustProxies->handle(Object(Illuminate\\Http\\Request), Object(Closure))
#52 /Users/appkey/Desktop/agungappkey/tugas-akhir/vendor/laravel/framework/src/Illuminate/Pipeline/Pipeline.php(119): Illuminate\\Pipeline\\Pipeline->Illuminate\\Pipeline\\{closure}(Object(Illuminate\\Http\\Request))
#53 /Users/appkey/Desktop/agungappkey/tugas-akhir/vendor/laravel/framework/src/Illuminate/Foundation/Http/Kernel.php(175): Illuminate\\Pipeline\\Pipeline->then(Object(Closure))
#54 /Users/appkey/Desktop/agungappkey/tugas-akhir/vendor/laravel/framework/src/Illuminate/Foundation/Http/Kernel.php(144): Illuminate\\Foundation\\Http\\Kernel->sendRequestThroughRouter(Object(Illuminate\\Http\\Request))
#55 /Users/appkey/Desktop/agungappkey/tugas-akhir/public/index.php(51): Illuminate\\Foundation\\Http\\Kernel->handle(Object(Illuminate\\Http\\Request))
#56 /Users/appkey/Desktop/agungappkey/tugas-akhir/vendor/laravel/framework/src/Illuminate/Foundation/resources/server.php(16): require_once('/Users/appkey/D...')
#57 {main}
"} 
[2025-12-06 08:46:32] laravel.INFO: User registered successfully {"user_id":104,"email":"jodi.appkey@gmail.com","name":"jodi","role":"pelanggan","is_active":true,"verification_required":true,"ip":"127.0.0.1"} 
[2025-12-06 08:48:57] laravel.EMERGENCY: Unable to create configured logger. Using emergency logger. {"exception":"[object] (ErrorException(code: 0): Undefined array key \"channels\" at /Users/appkey/Desktop/agungappkey/tugas-akhir/vendor/laravel/framework/src/Illuminate/Log/LogManager.php:260)
[stacktrace]
#0 /Users/appkey/Desktop/agungappkey/tugas-akhir/vendor/laravel/framework/src/Illuminate/Foundation/Bootstrap/HandleExceptions.php(255): Illuminate\\Foundation\\Bootstrap\\HandleExceptions->handleError(2, 'Undefined array...', '/Users/appkey/D...', 260)
#1 /Users/appkey/Desktop/agungappkey/tugas-akhir/vendor/laravel/framework/src/Illuminate/Log/LogManager.php(260): Illuminate\\Foundation\\Bootstrap\\HandleExceptions->Illuminate\\Foundation\\Bootstrap\\{closure}(2, 'Undefined array...', '/Users/appkey/D...', 260)
#2 /Users/appkey/Desktop/agungappkey/tugas-akhir/vendor/laravel/framework/src/Illuminate/Log/LogManager.php(222): Illuminate\\Log\\LogManager->createStackDriver(Array)
#3 /Users/appkey/Desktop/agungappkey/tugas-akhir/vendor/laravel/framework/src/Illuminate/Log/LogManager.php(137): Illuminate\\Log\\LogManager->resolve('stack', Array)
#4 /Users/appkey/Desktop/agungappkey/tugas-akhir/vendor/laravel/framework/src/Illuminate/Log/LogManager.php(124): Illuminate\\Log\\LogManager->get('stack')
#5 /Users/appkey/Desktop/agungappkey/tugas-akhir/vendor/laravel/framework/src/Illuminate/Log/LogManager.php(722): Illuminate\\Log\\LogManager->driver()
#6 /Users/appkey/Desktop/agungappkey/tugas-akhir/vendor/laravel/framework/src/Illuminate/Support/Facades/Facade.php(355): Illuminate\\Log\\LogManager->info('User registrati...', Array)
#7 /Users/appkey/Desktop/agungappkey/tugas-akhir/app/Http/Controllers/Auth/RegisteredUserController.php(34): Illuminate\\Support\\Facades\\Facade::__callStatic('info', Array)
#8 /Users/appkey/Desktop/agungappkey/tugas-akhir/vendor/laravel/framework/src/Illuminate/Routing/Controller.php(54): App\\Http\\Controllers\\Auth\\RegisteredUserController->store(Object(Illuminate\\Http\\Request))
#9 /Users/appkey/Desktop/agungappkey/tugas-akhir/vendor/laravel/framework/src/Illuminate/Routing/ControllerDispatcher.php(43): Illuminate\\Routing\\Controller->callAction('store', Array)
#10 /Users/appkey/Desktop/agungappkey/tugas-akhir/vendor/laravel/framework/src/Illuminate/Routing/Route.php(259): Illuminate\\Routing\\ControllerDispatcher->dispatch(Object(Illuminate\\Routing\\Route), Object(App\\Http\\Controllers\\Auth\\RegisteredUserController), 'store')
#11 /Users/appkey/Desktop/agungappkey/tugas-akhir/vendor/laravel/framework/src/Illuminate/Routing/Route.php(205): Illuminate\\Routing\\Route->runController()
#12 /Users/appkey/Desktop/agungappkey/tugas-akhir/vendor/laravel/framework/src/Illuminate/Routing/Router.php(806): Illuminate\\Routing\\Route->run()
#13 /Users/appkey/Desktop/agungappkey/tugas-akhir/vendor/laravel/framework/src/Illuminate/Pipeline/Pipeline.php(144): Illuminate\\Routing\\Router->Illuminate\\Routing\\{closure}(Object(Illuminate\\Http\\Request))
#14 /Users/appkey/Desktop/agungappkey/tugas-akhir/app/Http/Middleware/RedirectIfAuthenticated.php(27): Illuminate\\Pipeline\\Pipeline->Illuminate\\Pipeline\\{closure}(Object(Illuminate\\Http\\Request))
#15 /Users/appkey/Desktop/agungappkey/tugas-akhir/vendor/laravel/framework/src/Illuminate/Pipeline/Pipeline.php(183): App\\Http\\Middleware\\RedirectIfAuthenticated->handle(Object(Illuminate\\Http\\Request), Object(Closure))
#16 /Users/appkey/Desktop/agungappkey/tugas-akhir/app/Http/Middleware/SetLocale.php(36): Illuminate\\Pipeline\\Pipeline->Illuminate\\Pipeline\\{closure}(Object(Illuminate\\Http\\Request))
#17 /Users/appkey/Desktop/agungappkey/tugas-akhir/vendor/laravel/framework/src/Illuminate/Pipeline/Pipeline.php(183): App\\Http\\Middleware\\SetLocale->handle(Object(Illuminate\\Http\\Request), Object(Closure))
#18 /Users/appkey/Desktop/agungappkey/tugas-akhir/vendor/laravel/framework/src/Illuminate/Routing/Middleware/SubstituteBindings.php(50): Illuminate\\Pipeline\\Pipeline->Illuminate\\Pipeline\\{closure}(Object(Illuminate\\Http\\Request))
#19 /Users/appkey/Desktop/agungappkey/tugas-akhir/vendor/laravel/framework/src/Illuminate/Pipeline/Pipeline.php(183): Illuminate\\Routing\\Middleware\\SubstituteBindings->handle(Object(Illuminate\\Http\\Request), Object(Closure))
#20 /Users/appkey/Desktop/agungappkey/tugas-akhir/vendor/laravel/framework/src/Illuminate/Foundation/Http/Middleware/VerifyCsrfToken.php(78): Illuminate\\Pipeline\\Pipeline->Illuminate\\Pipeline\\{closure}(Object(Illuminate\\Http\\Request))
#21 /Users/appkey/Desktop/agungappkey/tugas-akhir/vendor/laravel/framework/src/Illuminate/Pipeline/Pipeline.php(183): Illuminate\\Foundation\\Http\\Middleware\\VerifyCsrfToken->handle(Object(Illuminate\\Http\\Request), Object(Closure))
#22 /Users/appkey/Desktop/agungappkey/tugas-akhir/vendor/laravel/framework/src/Illuminate/View/Middleware/ShareErrorsFromSession.php(49): Illuminate\\Pipeline\\Pipeline->Illuminate\\Pipeline\\{closure}(Object(Illuminate\\Http\\Request))
#23 /Users/appkey/Desktop/agungappkey/tugas-akhir/vendor/laravel/framework/src/Illuminate/Pipeline/Pipeline.php(183): Illuminate\\View\\Middleware\\ShareErrorsFromSession->handle(Object(Illuminate\\Http\\Request), Object(Closure))
#24 /Users/appkey/Desktop/agungappkey/tugas-akhir/vendor/laravel/framework/src/Illuminate/Session/Middleware/StartSession.php(121): Illuminate\\Pipeline\\Pipeline->Illuminate\\Pipeline\\{closure}(Object(Illuminate\\Http\\Request))
#25 /Users/appkey/Desktop/agungappkey/tugas-akhir/vendor/laravel/framework/src/Illuminate/Session/Middleware/StartSession.php(64): Illuminate\\Session\\Middleware\\StartSession->handleStatefulRequest(Object(Illuminate\\Http\\Request), Object(Illuminate\\Session\\Store), Object(Closure))
#26 /Users/appkey/Desktop/agungappkey/tugas-akhir/vendor/laravel/framework/src/Illuminate/Pipeline/Pipeline.php(183): Illuminate\\Session\\Middleware\\StartSession->handle(Object(Illuminate\\Http\\Request), Object(Closure))
#27 /Users/appkey/Desktop/agungappkey/tugas-akhir/vendor/laravel/framework/src/Illuminate/Cookie/Middleware/AddQueuedCookiesToResponse.php(37): Illuminate\\Pipeline\\Pipeline->Illuminate\\Pipeline\\{closure}(Object(Illuminate\\Http\\Request))
#28 /Users/appkey/Desktop/agungappkey/tugas-akhir/vendor/laravel/framework/src/Illuminate/Pipeline/Pipeline.php(183): Illuminate\\Cookie\\Middleware\\AddQueuedCookiesToResponse->handle(Object(Illuminate\\Http\\Request), Object(Closure))
#29 /Users/appkey/Desktop/agungappkey/tugas-akhir/vendor/laravel/framework/src/Illuminate/Cookie/Middleware/EncryptCookies.php(67): Illuminate\\Pipeline\\Pipeline->Illuminate\\Pipeline\\{closure}(Object(Illuminate\\Http\\Request))
#30 /Users/appkey/Desktop/agungappkey/tugas-akhir/vendor/laravel/framework/src/Illuminate/Pipeline/Pipeline.php(183): Illuminate\\Cookie\\Middleware\\EncryptCookies->handle(Object(Illuminate\\Http\\Request), Object(Closure))
#31 /Users/appkey/Desktop/agungappkey/tugas-akhir/vendor/laravel/framework/src/Illuminate/Pipeline/Pipeline.php(119): Illuminate\\Pipeline\\Pipeline->Illuminate\\Pipeline\\{closure}(Object(Illuminate\\Http\\Request))
#32 /Users/appkey/Desktop/agungappkey/tugas-akhir/vendor/laravel/framework/src/Illuminate/Routing/Router.php(805): Illuminate\\Pipeline\\Pipeline->then(Object(Closure))
#33 /Users/appkey/Desktop/agungappkey/tugas-akhir/vendor/laravel/framework/src/Illuminate/Routing/Router.php(784): Illuminate\\Routing\\Router->runRouteWithinStack(Object(Illuminate\\Routing\\Route), Object(Illuminate\\Http\\Request))
#34 /Users/appkey/Desktop/agungappkey/tugas-akhir/vendor/laravel/framework/src/Illuminate/Routing/Router.php(748): Illuminate\\Routing\\Router->runRoute(Object(Illuminate\\Http\\Request), Object(Illuminate\\Routing\\Route))
#35 /Users/appkey/Desktop/agungappkey/tugas-akhir/vendor/laravel/framework/src/Illuminate/Routing/Router.php(737): Illuminate\\Routing\\Router->dispatchToRoute(Object(Illuminate\\Http\\Request))
#36 /Users/appkey/Desktop/agungappkey/tugas-akhir/vendor/laravel/framework/src/Illuminate/Foundation/Http/Kernel.php(200): Illuminate\\Routing\\Router->dispatch(Object(Illuminate\\Http\\Request))
#37 /Users/appkey/Desktop/agungappkey/tugas-akhir/vendor/laravel/framework/src/Illuminate/Pipeline/Pipeline.php(144): Illuminate\\Foundation\\Http\\Kernel->Illuminate\\Foundation\\Http\\{closure}(Object(Illuminate\\Http\\Request))
#38 /Users/appkey/Desktop/agungappkey/tugas-akhir/vendor/laravel/framework/src/Illuminate/Foundation/Http/Middleware/TransformsRequest.php(21): Illuminate\\Pipeline\\Pipeline->Illuminate\\Pipeline\\{closure}(Object(Illuminate\\Http\\Request))
#39 /Users/appkey/Desktop/agungappkey/tugas-akhir/vendor/laravel/framework/src/Illuminate/Foundation/Http/Middleware/ConvertEmptyStringsToNull.php(31): Illuminate\\Foundation\\Http\\Middleware\\TransformsRequest->handle(Object(Illuminate\\Http\\Request), Object(Closure))
#40 /Users/appkey/Desktop/agungappkey/tugas-akhir/vendor/laravel/framework/src/Illuminate/Pipeline/Pipeline.php(183): Illuminate\\Foundation\\Http\\Middleware\\ConvertEmptyStringsToNull->handle(Object(Illuminate\\Http\\Request), Object(Closure))
#41 /Users/appkey/Desktop/agungappkey/tugas-akhir/vendor/laravel/framework/src/Illuminate/Foundation/Http/Middleware/TransformsRequest.php(21): Illuminate\\Pipeline\\Pipeline->Illuminate\\Pipeline\\{closure}(Object(Illuminate\\Http\\Request))
#42 /Users/appkey/Desktop/agungappkey/tugas-akhir/vendor/laravel/framework/src/Illuminate/Foundation/Http/Middleware/TrimStrings.php(40): Illuminate\\Foundation\\Http\\Middleware\\TransformsRequest->handle(Object(Illuminate\\Http\\Request), Object(Closure))
#43 /Users/appkey/Desktop/agungappkey/tugas-akhir/vendor/laravel/framework/src/Illuminate/Pipeline/Pipeline.php(183): Illuminate\\Foundation\\Http\\Middleware\\TrimStrings->handle(Object(Illuminate\\Http\\Request), Object(Closure))
#44 /Users/appkey/Desktop/agungappkey/tugas-akhir/vendor/laravel/framework/src/Illuminate/Foundation/Http/Middleware/ValidatePostSize.php(27): Illuminate\\Pipeline\\Pipeline->Illuminate\\Pipeline\\{closure}(Object(Illuminate\\Http\\Request))
#45 /Users/appkey/Desktop/agungappkey/tugas-akhir/vendor/laravel/framework/src/Illuminate/Pipeline/Pipeline.php(183): Illuminate\\Foundation\\Http\\Middleware\\ValidatePostSize->handle(Object(Illuminate\\Http\\Request), Object(Closure))
#46 /Users/appkey/Desktop/agungappkey/tugas-akhir/vendor/laravel/framework/src/Illuminate/Foundation/Http/Middleware/PreventRequestsDuringMaintenance.php(99): Illuminate\\Pipeline\\Pipeline->Illuminate\\Pipeline\\{closure}(Object(Illuminate\\Http\\Request))
#47 /Users/appkey/Desktop/agungappkey/tugas-akhir/vendor/laravel/framework/src/Illuminate/Pipeline/Pipeline.php(183): Illuminate\\Foundation\\Http\\Middleware\\PreventRequestsDuringMaintenance->handle(Object(Illuminate\\Http\\Request), Object(Closure))
#48 /Users/appkey/Desktop/agungappkey/tugas-akhir/vendor/laravel/framework/src/Illuminate/Http/Middleware/HandleCors.php(49): Illuminate\\Pipeline\\Pipeline->Illuminate\\Pipeline\\{closure}(Object(Illuminate\\Http\\Request))
#49 /Users/appkey/Desktop/agungappkey/tugas-akhir/vendor/laravel/framework/src/Illuminate/Pipeline/Pipeline.php(183): Illuminate\\Http\\Middleware\\HandleCors->handle(Object(Illuminate\\Http\\Request), Object(Closure))
#50 /Users/appkey/Desktop/agungappkey/tugas-akhir/vendor/laravel/framework/src/Illuminate/Http/Middleware/TrustProxies.php(39): Illuminate\\Pipeline\\Pipeline->Illuminate\\Pipeline\\{closure}(Object(Illuminate\\Http\\Request))
#51 /Users/appkey/Desktop/agungappkey/tugas-akhir/vendor/laravel/framework/src/Illuminate/Pipeline/Pipeline.php(183): Illuminate\\Http\\Middleware\\TrustProxies->handle(Object(Illuminate\\Http\\Request), Object(Closure))
#52 /Users/appkey/Desktop/agungappkey/tugas-akhir/vendor/laravel/framework/src/Illuminate/Pipeline/Pipeline.php(119): Illuminate\\Pipeline\\Pipeline->Illuminate\\Pipeline\\{closure}(Object(Illuminate\\Http\\Request))
#53 /Users/appkey/Desktop/agungappkey/tugas-akhir/vendor/laravel/framework/src/Illuminate/Foundation/Http/Kernel.php(175): Illuminate\\Pipeline\\Pipeline->then(Object(Closure))
#54 /Users/appkey/Desktop/agungappkey/tugas-akhir/vendor/laravel/framework/src/Illuminate/Foundation/Http/Kernel.php(144): Illuminate\\Foundation\\Http\\Kernel->sendRequestThroughRouter(Object(Illuminate\\Http\\Request))
#55 /Users/appkey/Desktop/agungappkey/tugas-akhir/public/index.php(51): Illuminate\\Foundation\\Http\\Kernel->handle(Object(Illuminate\\Http\\Request))
#56 /Users/appkey/Desktop/agungappkey/tugas-akhir/vendor/laravel/framework/src/Illuminate/Foundation/resources/server.php(16): require_once('/Users/appkey/D...')
#57 {main}
"} 
[2025-12-06 08:48:57] laravel.INFO: User registration attempt {"email":"jodi.appkey@gmail.com","name":"jodi","ip":"127.0.0.1","user_agent":"Mozilla/5.0 (Macintosh; Intel Mac OS X 10_15_7) AppleWebKit/537.36 (KHTML, like Gecko) Chrome/142.0.0.0 Safari/537.36"} 
[2025-12-06 08:48:57] laravel.EMERGENCY: Unable to create configured logger. Using emergency logger. {"exception":"[object] (ErrorException(code: 0): Undefined array key \"channels\" at /Users/appkey/Desktop/agungappkey/tugas-akhir/vendor/laravel/framework/src/Illuminate/Log/LogManager.php:260)
[stacktrace]
#0 /Users/appkey/Desktop/agungappkey/tugas-akhir/vendor/laravel/framework/src/Illuminate/Foundation/Bootstrap/HandleExceptions.php(255): Illuminate\\Foundation\\Bootstrap\\HandleExceptions->handleError(2, 'Undefined array...', '/Users/appkey/D...', 260)
#1 /Users/appkey/Desktop/agungappkey/tugas-akhir/vendor/laravel/framework/src/Illuminate/Log/LogManager.php(260): Illuminate\\Foundation\\Bootstrap\\HandleExceptions->Illuminate\\Foundation\\Bootstrap\\{closure}(2, 'Undefined array...', '/Users/appkey/D...', 260)
#2 /Users/appkey/Desktop/agungappkey/tugas-akhir/vendor/laravel/framework/src/Illuminate/Log/LogManager.php(222): Illuminate\\Log\\LogManager->createStackDriver(Array)
#3 /Users/appkey/Desktop/agungappkey/tugas-akhir/vendor/laravel/framework/src/Illuminate/Log/LogManager.php(137): Illuminate\\Log\\LogManager->resolve('stack', Array)
#4 /Users/appkey/Desktop/agungappkey/tugas-akhir/vendor/laravel/framework/src/Illuminate/Log/LogManager.php(124): Illuminate\\Log\\LogManager->get('stack')
#5 /Users/appkey/Desktop/agungappkey/tugas-akhir/vendor/laravel/framework/src/Illuminate/Log/LogManager.php(696): Illuminate\\Log\\LogManager->driver()
#6 /Users/appkey/Desktop/agungappkey/tugas-akhir/vendor/laravel/framework/src/Illuminate/Support/Facades/Facade.php(355): Illuminate\\Log\\LogManager->warning('Registration va...', Array)
#7 /Users/appkey/Desktop/agungappkey/tugas-akhir/app/Http/Controllers/Auth/RegisteredUserController.php(83): Illuminate\\Support\\Facades\\Facade::__callStatic('warning', Array)
#8 /Users/appkey/Desktop/agungappkey/tugas-akhir/vendor/laravel/framework/src/Illuminate/Routing/Controller.php(54): App\\Http\\Controllers\\Auth\\RegisteredUserController->store(Object(Illuminate\\Http\\Request))
#9 /Users/appkey/Desktop/agungappkey/tugas-akhir/vendor/laravel/framework/src/Illuminate/Routing/ControllerDispatcher.php(43): Illuminate\\Routing\\Controller->callAction('store', Array)
#10 /Users/appkey/Desktop/agungappkey/tugas-akhir/vendor/laravel/framework/src/Illuminate/Routing/Route.php(259): Illuminate\\Routing\\ControllerDispatcher->dispatch(Object(Illuminate\\Routing\\Route), Object(App\\Http\\Controllers\\Auth\\RegisteredUserController), 'store')
#11 /Users/appkey/Desktop/agungappkey/tugas-akhir/vendor/laravel/framework/src/Illuminate/Routing/Route.php(205): Illuminate\\Routing\\Route->runController()
#12 /Users/appkey/Desktop/agungappkey/tugas-akhir/vendor/laravel/framework/src/Illuminate/Routing/Router.php(806): Illuminate\\Routing\\Route->run()
#13 /Users/appkey/Desktop/agungappkey/tugas-akhir/vendor/laravel/framework/src/Illuminate/Pipeline/Pipeline.php(144): Illuminate\\Routing\\Router->Illuminate\\Routing\\{closure}(Object(Illuminate\\Http\\Request))
#14 /Users/appkey/Desktop/agungappkey/tugas-akhir/app/Http/Middleware/RedirectIfAuthenticated.php(27): Illuminate\\Pipeline\\Pipeline->Illuminate\\Pipeline\\{closure}(Object(Illuminate\\Http\\Request))
#15 /Users/appkey/Desktop/agungappkey/tugas-akhir/vendor/laravel/framework/src/Illuminate/Pipeline/Pipeline.php(183): App\\Http\\Middleware\\RedirectIfAuthenticated->handle(Object(Illuminate\\Http\\Request), Object(Closure))
#16 /Users/appkey/Desktop/agungappkey/tugas-akhir/app/Http/Middleware/SetLocale.php(36): Illuminate\\Pipeline\\Pipeline->Illuminate\\Pipeline\\{closure}(Object(Illuminate\\Http\\Request))
#17 /Users/appkey/Desktop/agungappkey/tugas-akhir/vendor/laravel/framework/src/Illuminate/Pipeline/Pipeline.php(183): App\\Http\\Middleware\\SetLocale->handle(Object(Illuminate\\Http\\Request), Object(Closure))
#18 /Users/appkey/Desktop/agungappkey/tugas-akhir/vendor/laravel/framework/src/Illuminate/Routing/Middleware/SubstituteBindings.php(50): Illuminate\\Pipeline\\Pipeline->Illuminate\\Pipeline\\{closure}(Object(Illuminate\\Http\\Request))
#19 /Users/appkey/Desktop/agungappkey/tugas-akhir/vendor/laravel/framework/src/Illuminate/Pipeline/Pipeline.php(183): Illuminate\\Routing\\Middleware\\SubstituteBindings->handle(Object(Illuminate\\Http\\Request), Object(Closure))
#20 /Users/appkey/Desktop/agungappkey/tugas-akhir/vendor/laravel/framework/src/Illuminate/Foundation/Http/Middleware/VerifyCsrfToken.php(78): Illuminate\\Pipeline\\Pipeline->Illuminate\\Pipeline\\{closure}(Object(Illuminate\\Http\\Request))
#21 /Users/appkey/Desktop/agungappkey/tugas-akhir/vendor/laravel/framework/src/Illuminate/Pipeline/Pipeline.php(183): Illuminate\\Foundation\\Http\\Middleware\\VerifyCsrfToken->handle(Object(Illuminate\\Http\\Request), Object(Closure))
#22 /Users/appkey/Desktop/agungappkey/tugas-akhir/vendor/laravel/framework/src/Illuminate/View/Middleware/ShareErrorsFromSession.php(49): Illuminate\\Pipeline\\Pipeline->Illuminate\\Pipeline\\{closure}(Object(Illuminate\\Http\\Request))
#23 /Users/appkey/Desktop/agungappkey/tugas-akhir/vendor/laravel/framework/src/Illuminate/Pipeline/Pipeline.php(183): Illuminate\\View\\Middleware\\ShareErrorsFromSession->handle(Object(Illuminate\\Http\\Request), Object(Closure))
#24 /Users/appkey/Desktop/agungappkey/tugas-akhir/vendor/laravel/framework/src/Illuminate/Session/Middleware/StartSession.php(121): Illuminate\\Pipeline\\Pipeline->Illuminate\\Pipeline\\{closure}(Object(Illuminate\\Http\\Request))
#25 /Users/appkey/Desktop/agungappkey/tugas-akhir/vendor/laravel/framework/src/Illuminate/Session/Middleware/StartSession.php(64): Illuminate\\Session\\Middleware\\StartSession->handleStatefulRequest(Object(Illuminate\\Http\\Request), Object(Illuminate\\Session\\Store), Object(Closure))
#26 /Users/appkey/Desktop/agungappkey/tugas-akhir/vendor/laravel/framework/src/Illuminate/Pipeline/Pipeline.php(183): Illuminate\\Session\\Middleware\\StartSession->handle(Object(Illuminate\\Http\\Request), Object(Closure))
#27 /Users/appkey/Desktop/agungappkey/tugas-akhir/vendor/laravel/framework/src/Illuminate/Cookie/Middleware/AddQueuedCookiesToResponse.php(37): Illuminate\\Pipeline\\Pipeline->Illuminate\\Pipeline\\{closure}(Object(Illuminate\\Http\\Request))
#28 /Users/appkey/Desktop/agungappkey/tugas-akhir/vendor/laravel/framework/src/Illuminate/Pipeline/Pipeline.php(183): Illuminate\\Cookie\\Middleware\\AddQueuedCookiesToResponse->handle(Object(Illuminate\\Http\\Request), Object(Closure))
#29 /Users/appkey/Desktop/agungappkey/tugas-akhir/vendor/laravel/framework/src/Illuminate/Cookie/Middleware/EncryptCookies.php(67): Illuminate\\Pipeline\\Pipeline->Illuminate\\Pipeline\\{closure}(Object(Illuminate\\Http\\Request))
#30 /Users/appkey/Desktop/agungappkey/tugas-akhir/vendor/laravel/framework/src/Illuminate/Pipeline/Pipeline.php(183): Illuminate\\Cookie\\Middleware\\EncryptCookies->handle(Object(Illuminate\\Http\\Request), Object(Closure))
#31 /Users/appkey/Desktop/agungappkey/tugas-akhir/vendor/laravel/framework/src/Illuminate/Pipeline/Pipeline.php(119): Illuminate\\Pipeline\\Pipeline->Illuminate\\Pipeline\\{closure}(Object(Illuminate\\Http\\Request))
#32 /Users/appkey/Desktop/agungappkey/tugas-akhir/vendor/laravel/framework/src/Illuminate/Routing/Router.php(805): Illuminate\\Pipeline\\Pipeline->then(Object(Closure))
#33 /Users/appkey/Desktop/agungappkey/tugas-akhir/vendor/laravel/framework/src/Illuminate/Routing/Router.php(784): Illuminate\\Routing\\Router->runRouteWithinStack(Object(Illuminate\\Routing\\Route), Object(Illuminate\\Http\\Request))
#34 /Users/appkey/Desktop/agungappkey/tugas-akhir/vendor/laravel/framework/src/Illuminate/Routing/Router.php(748): Illuminate\\Routing\\Router->runRoute(Object(Illuminate\\Http\\Request), Object(Illuminate\\Routing\\Route))
#35 /Users/appkey/Desktop/agungappkey/tugas-akhir/vendor/laravel/framework/src/Illuminate/Routing/Router.php(737): Illuminate\\Routing\\Router->dispatchToRoute(Object(Illuminate\\Http\\Request))
#36 /Users/appkey/Desktop/agungappkey/tugas-akhir/vendor/laravel/framework/src/Illuminate/Foundation/Http/Kernel.php(200): Illuminate\\Routing\\Router->dispatch(Object(Illuminate\\Http\\Request))
#37 /Users/appkey/Desktop/agungappkey/tugas-akhir/vendor/laravel/framework/src/Illuminate/Pipeline/Pipeline.php(144): Illuminate\\Foundation\\Http\\Kernel->Illuminate\\Foundation\\Http\\{closure}(Object(Illuminate\\Http\\Request))
#38 /Users/appkey/Desktop/agungappkey/tugas-akhir/vendor/laravel/framework/src/Illuminate/Foundation/Http/Middleware/TransformsRequest.php(21): Illuminate\\Pipeline\\Pipeline->Illuminate\\Pipeline\\{closure}(Object(Illuminate\\Http\\Request))
#39 /Users/appkey/Desktop/agungappkey/tugas-akhir/vendor/laravel/framework/src/Illuminate/Foundation/Http/Middleware/ConvertEmptyStringsToNull.php(31): Illuminate\\Foundation\\Http\\Middleware\\TransformsRequest->handle(Object(Illuminate\\Http\\Request), Object(Closure))
#40 /Users/appkey/Desktop/agungappkey/tugas-akhir/vendor/laravel/framework/src/Illuminate/Pipeline/Pipeline.php(183): Illuminate\\Foundation\\Http\\Middleware\\ConvertEmptyStringsToNull->handle(Object(Illuminate\\Http\\Request), Object(Closure))
#41 /Users/appkey/Desktop/agungappkey/tugas-akhir/vendor/laravel/framework/src/Illuminate/Foundation/Http/Middleware/TransformsRequest.php(21): Illuminate\\Pipeline\\Pipeline->Illuminate\\Pipeline\\{closure}(Object(Illuminate\\Http\\Request))
#42 /Users/appkey/Desktop/agungappkey/tugas-akhir/vendor/laravel/framework/src/Illuminate/Foundation/Http/Middleware/TrimStrings.php(40): Illuminate\\Foundation\\Http\\Middleware\\TransformsRequest->handle(Object(Illuminate\\Http\\Request), Object(Closure))
#43 /Users/appkey/Desktop/agungappkey/tugas-akhir/vendor/laravel/framework/src/Illuminate/Pipeline/Pipeline.php(183): Illuminate\\Foundation\\Http\\Middleware\\TrimStrings->handle(Object(Illuminate\\Http\\Request), Object(Closure))
#44 /Users/appkey/Desktop/agungappkey/tugas-akhir/vendor/laravel/framework/src/Illuminate/Foundation/Http/Middleware/ValidatePostSize.php(27): Illuminate\\Pipeline\\Pipeline->Illuminate\\Pipeline\\{closure}(Object(Illuminate\\Http\\Request))
#45 /Users/appkey/Desktop/agungappkey/tugas-akhir/vendor/laravel/framework/src/Illuminate/Pipeline/Pipeline.php(183): Illuminate\\Foundation\\Http\\Middleware\\ValidatePostSize->handle(Object(Illuminate\\Http\\Request), Object(Closure))
#46 /Users/appkey/Desktop/agungappkey/tugas-akhir/vendor/laravel/framework/src/Illuminate/Foundation/Http/Middleware/PreventRequestsDuringMaintenance.php(99): Illuminate\\Pipeline\\Pipeline->Illuminate\\Pipeline\\{closure}(Object(Illuminate\\Http\\Request))
#47 /Users/appkey/Desktop/agungappkey/tugas-akhir/vendor/laravel/framework/src/Illuminate/Pipeline/Pipeline.php(183): Illuminate\\Foundation\\Http\\Middleware\\PreventRequestsDuringMaintenance->handle(Object(Illuminate\\Http\\Request), Object(Closure))
#48 /Users/appkey/Desktop/agungappkey/tugas-akhir/vendor/laravel/framework/src/Illuminate/Http/Middleware/HandleCors.php(49): Illuminate\\Pipeline\\Pipeline->Illuminate\\Pipeline\\{closure}(Object(Illuminate\\Http\\Request))
#49 /Users/appkey/Desktop/agungappkey/tugas-akhir/vendor/laravel/framework/src/Illuminate/Pipeline/Pipeline.php(183): Illuminate\\Http\\Middleware\\HandleCors->handle(Object(Illuminate\\Http\\Request), Object(Closure))
#50 /Users/appkey/Desktop/agungappkey/tugas-akhir/vendor/laravel/framework/src/Illuminate/Http/Middleware/TrustProxies.php(39): Illuminate\\Pipeline\\Pipeline->Illuminate\\Pipeline\\{closure}(Object(Illuminate\\Http\\Request))
#51 /Users/appkey/Desktop/agungappkey/tugas-akhir/vendor/laravel/framework/src/Illuminate/Pipeline/Pipeline.php(183): Illuminate\\Http\\Middleware\\TrustProxies->handle(Object(Illuminate\\Http\\Request), Object(Closure))
#52 /Users/appkey/Desktop/agungappkey/tugas-akhir/vendor/laravel/framework/src/Illuminate/Pipeline/Pipeline.php(119): Illuminate\\Pipeline\\Pipeline->Illuminate\\Pipeline\\{closure}(Object(Illuminate\\Http\\Request))
#53 /Users/appkey/Desktop/agungappkey/tugas-akhir/vendor/laravel/framework/src/Illuminate/Foundation/Http/Kernel.php(175): Illuminate\\Pipeline\\Pipeline->then(Object(Closure))
#54 /Users/appkey/Desktop/agungappkey/tugas-akhir/vendor/laravel/framework/src/Illuminate/Foundation/Http/Kernel.php(144): Illuminate\\Foundation\\Http\\Kernel->sendRequestThroughRouter(Object(Illuminate\\Http\\Request))
#55 /Users/appkey/Desktop/agungappkey/tugas-akhir/public/index.php(51): Illuminate\\Foundation\\Http\\Kernel->handle(Object(Illuminate\\Http\\Request))
#56 /Users/appkey/Desktop/agungappkey/tugas-akhir/vendor/laravel/framework/src/Illuminate/Foundation/resources/server.php(16): require_once('/Users/appkey/D...')
#57 {main}
"} 
[2025-12-06 08:48:57] laravel.WARNING: Registration validation failed {"email":"jodi.appkey@gmail.com","errors":{"password":["Konfirmasi kata sandi tidak cocok."]},"ip":"127.0.0.1"} 
[2025-12-06 08:49:06] laravel.EMERGENCY: Unable to create configured logger. Using emergency logger. {"exception":"[object] (ErrorException(code: 0): Undefined array key \"channels\" at /Users/appkey/Desktop/agungappkey/tugas-akhir/vendor/laravel/framework/src/Illuminate/Log/LogManager.php:260)
[stacktrace]
#0 /Users/appkey/Desktop/agungappkey/tugas-akhir/vendor/laravel/framework/src/Illuminate/Foundation/Bootstrap/HandleExceptions.php(255): Illuminate\\Foundation\\Bootstrap\\HandleExceptions->handleError(2, 'Undefined array...', '/Users/appkey/D...', 260)
#1 /Users/appkey/Desktop/agungappkey/tugas-akhir/vendor/laravel/framework/src/Illuminate/Log/LogManager.php(260): Illuminate\\Foundation\\Bootstrap\\HandleExceptions->Illuminate\\Foundation\\Bootstrap\\{closure}(2, 'Undefined array...', '/Users/appkey/D...', 260)
#2 /Users/appkey/Desktop/agungappkey/tugas-akhir/vendor/laravel/framework/src/Illuminate/Log/LogManager.php(222): Illuminate\\Log\\LogManager->createStackDriver(Array)
#3 /Users/appkey/Desktop/agungappkey/tugas-akhir/vendor/laravel/framework/src/Illuminate/Log/LogManager.php(137): Illuminate\\Log\\LogManager->resolve('stack', Array)
#4 /Users/appkey/Desktop/agungappkey/tugas-akhir/vendor/laravel/framework/src/Illuminate/Log/LogManager.php(124): Illuminate\\Log\\LogManager->get('stack')
#5 /Users/appkey/Desktop/agungappkey/tugas-akhir/vendor/laravel/framework/src/Illuminate/Log/LogManager.php(722): Illuminate\\Log\\LogManager->driver()
#6 /Users/appkey/Desktop/agungappkey/tugas-akhir/vendor/laravel/framework/src/Illuminate/Support/Facades/Facade.php(355): Illuminate\\Log\\LogManager->info('User registrati...', Array)
#7 /Users/appkey/Desktop/agungappkey/tugas-akhir/app/Http/Controllers/Auth/RegisteredUserController.php(34): Illuminate\\Support\\Facades\\Facade::__callStatic('info', Array)
#8 /Users/appkey/Desktop/agungappkey/tugas-akhir/vendor/laravel/framework/src/Illuminate/Routing/Controller.php(54): App\\Http\\Controllers\\Auth\\RegisteredUserController->store(Object(Illuminate\\Http\\Request))
#9 /Users/appkey/Desktop/agungappkey/tugas-akhir/vendor/laravel/framework/src/Illuminate/Routing/ControllerDispatcher.php(43): Illuminate\\Routing\\Controller->callAction('store', Array)
#10 /Users/appkey/Desktop/agungappkey/tugas-akhir/vendor/laravel/framework/src/Illuminate/Routing/Route.php(259): Illuminate\\Routing\\ControllerDispatcher->dispatch(Object(Illuminate\\Routing\\Route), Object(App\\Http\\Controllers\\Auth\\RegisteredUserController), 'store')
#11 /Users/appkey/Desktop/agungappkey/tugas-akhir/vendor/laravel/framework/src/Illuminate/Routing/Route.php(205): Illuminate\\Routing\\Route->runController()
#12 /Users/appkey/Desktop/agungappkey/tugas-akhir/vendor/laravel/framework/src/Illuminate/Routing/Router.php(806): Illuminate\\Routing\\Route->run()
#13 /Users/appkey/Desktop/agungappkey/tugas-akhir/vendor/laravel/framework/src/Illuminate/Pipeline/Pipeline.php(144): Illuminate\\Routing\\Router->Illuminate\\Routing\\{closure}(Object(Illuminate\\Http\\Request))
#14 /Users/appkey/Desktop/agungappkey/tugas-akhir/app/Http/Middleware/RedirectIfAuthenticated.php(27): Illuminate\\Pipeline\\Pipeline->Illuminate\\Pipeline\\{closure}(Object(Illuminate\\Http\\Request))
#15 /Users/appkey/Desktop/agungappkey/tugas-akhir/vendor/laravel/framework/src/Illuminate/Pipeline/Pipeline.php(183): App\\Http\\Middleware\\RedirectIfAuthenticated->handle(Object(Illuminate\\Http\\Request), Object(Closure))
#16 /Users/appkey/Desktop/agungappkey/tugas-akhir/app/Http/Middleware/SetLocale.php(36): Illuminate\\Pipeline\\Pipeline->Illuminate\\Pipeline\\{closure}(Object(Illuminate\\Http\\Request))
#17 /Users/appkey/Desktop/agungappkey/tugas-akhir/vendor/laravel/framework/src/Illuminate/Pipeline/Pipeline.php(183): App\\Http\\Middleware\\SetLocale->handle(Object(Illuminate\\Http\\Request), Object(Closure))
#18 /Users/appkey/Desktop/agungappkey/tugas-akhir/vendor/laravel/framework/src/Illuminate/Routing/Middleware/SubstituteBindings.php(50): Illuminate\\Pipeline\\Pipeline->Illuminate\\Pipeline\\{closure}(Object(Illuminate\\Http\\Request))
#19 /Users/appkey/Desktop/agungappkey/tugas-akhir/vendor/laravel/framework/src/Illuminate/Pipeline/Pipeline.php(183): Illuminate\\Routing\\Middleware\\SubstituteBindings->handle(Object(Illuminate\\Http\\Request), Object(Closure))
#20 /Users/appkey/Desktop/agungappkey/tugas-akhir/vendor/laravel/framework/src/Illuminate/Foundation/Http/Middleware/VerifyCsrfToken.php(78): Illuminate\\Pipeline\\Pipeline->Illuminate\\Pipeline\\{closure}(Object(Illuminate\\Http\\Request))
#21 /Users/appkey/Desktop/agungappkey/tugas-akhir/vendor/laravel/framework/src/Illuminate/Pipeline/Pipeline.php(183): Illuminate\\Foundation\\Http\\Middleware\\VerifyCsrfToken->handle(Object(Illuminate\\Http\\Request), Object(Closure))
#22 /Users/appkey/Desktop/agungappkey/tugas-akhir/vendor/laravel/framework/src/Illuminate/View/Middleware/ShareErrorsFromSession.php(49): Illuminate\\Pipeline\\Pipeline->Illuminate\\Pipeline\\{closure}(Object(Illuminate\\Http\\Request))
#23 /Users/appkey/Desktop/agungappkey/tugas-akhir/vendor/laravel/framework/src/Illuminate/Pipeline/Pipeline.php(183): Illuminate\\View\\Middleware\\ShareErrorsFromSession->handle(Object(Illuminate\\Http\\Request), Object(Closure))
#24 /Users/appkey/Desktop/agungappkey/tugas-akhir/vendor/laravel/framework/src/Illuminate/Session/Middleware/StartSession.php(121): Illuminate\\Pipeline\\Pipeline->Illuminate\\Pipeline\\{closure}(Object(Illuminate\\Http\\Request))
#25 /Users/appkey/Desktop/agungappkey/tugas-akhir/vendor/laravel/framework/src/Illuminate/Session/Middleware/StartSession.php(64): Illuminate\\Session\\Middleware\\StartSession->handleStatefulRequest(Object(Illuminate\\Http\\Request), Object(Illuminate\\Session\\Store), Object(Closure))
#26 /Users/appkey/Desktop/agungappkey/tugas-akhir/vendor/laravel/framework/src/Illuminate/Pipeline/Pipeline.php(183): Illuminate\\Session\\Middleware\\StartSession->handle(Object(Illuminate\\Http\\Request), Object(Closure))
#27 /Users/appkey/Desktop/agungappkey/tugas-akhir/vendor/laravel/framework/src/Illuminate/Cookie/Middleware/AddQueuedCookiesToResponse.php(37): Illuminate\\Pipeline\\Pipeline->Illuminate\\Pipeline\\{closure}(Object(Illuminate\\Http\\Request))
#28 /Users/appkey/Desktop/agungappkey/tugas-akhir/vendor/laravel/framework/src/Illuminate/Pipeline/Pipeline.php(183): Illuminate\\Cookie\\Middleware\\AddQueuedCookiesToResponse->handle(Object(Illuminate\\Http\\Request), Object(Closure))
#29 /Users/appkey/Desktop/agungappkey/tugas-akhir/vendor/laravel/framework/src/Illuminate/Cookie/Middleware/EncryptCookies.php(67): Illuminate\\Pipeline\\Pipeline->Illuminate\\Pipeline\\{closure}(Object(Illuminate\\Http\\Request))
#30 /Users/appkey/Desktop/agungappkey/tugas-akhir/vendor/laravel/framework/src/Illuminate/Pipeline/Pipeline.php(183): Illuminate\\Cookie\\Middleware\\EncryptCookies->handle(Object(Illuminate\\Http\\Request), Object(Closure))
#31 /Users/appkey/Desktop/agungappkey/tugas-akhir/vendor/laravel/framework/src/Illuminate/Pipeline/Pipeline.php(119): Illuminate\\Pipeline\\Pipeline->Illuminate\\Pipeline\\{closure}(Object(Illuminate\\Http\\Request))
#32 /Users/appkey/Desktop/agungappkey/tugas-akhir/vendor/laravel/framework/src/Illuminate/Routing/Router.php(805): Illuminate\\Pipeline\\Pipeline->then(Object(Closure))
#33 /Users/appkey/Desktop/agungappkey/tugas-akhir/vendor/laravel/framework/src/Illuminate/Routing/Router.php(784): Illuminate\\Routing\\Router->runRouteWithinStack(Object(Illuminate\\Routing\\Route), Object(Illuminate\\Http\\Request))
#34 /Users/appkey/Desktop/agungappkey/tugas-akhir/vendor/laravel/framework/src/Illuminate/Routing/Router.php(748): Illuminate\\Routing\\Router->runRoute(Object(Illuminate\\Http\\Request), Object(Illuminate\\Routing\\Route))
#35 /Users/appkey/Desktop/agungappkey/tugas-akhir/vendor/laravel/framework/src/Illuminate/Routing/Router.php(737): Illuminate\\Routing\\Router->dispatchToRoute(Object(Illuminate\\Http\\Request))
#36 /Users/appkey/Desktop/agungappkey/tugas-akhir/vendor/laravel/framework/src/Illuminate/Foundation/Http/Kernel.php(200): Illuminate\\Routing\\Router->dispatch(Object(Illuminate\\Http\\Request))
#37 /Users/appkey/Desktop/agungappkey/tugas-akhir/vendor/laravel/framework/src/Illuminate/Pipeline/Pipeline.php(144): Illuminate\\Foundation\\Http\\Kernel->Illuminate\\Foundation\\Http\\{closure}(Object(Illuminate\\Http\\Request))
#38 /Users/appkey/Desktop/agungappkey/tugas-akhir/vendor/laravel/framework/src/Illuminate/Foundation/Http/Middleware/TransformsRequest.php(21): Illuminate\\Pipeline\\Pipeline->Illuminate\\Pipeline\\{closure}(Object(Illuminate\\Http\\Request))
#39 /Users/appkey/Desktop/agungappkey/tugas-akhir/vendor/laravel/framework/src/Illuminate/Foundation/Http/Middleware/ConvertEmptyStringsToNull.php(31): Illuminate\\Foundation\\Http\\Middleware\\TransformsRequest->handle(Object(Illuminate\\Http\\Request), Object(Closure))
#40 /Users/appkey/Desktop/agungappkey/tugas-akhir/vendor/laravel/framework/src/Illuminate/Pipeline/Pipeline.php(183): Illuminate\\Foundation\\Http\\Middleware\\ConvertEmptyStringsToNull->handle(Object(Illuminate\\Http\\Request), Object(Closure))
#41 /Users/appkey/Desktop/agungappkey/tugas-akhir/vendor/laravel/framework/src/Illuminate/Foundation/Http/Middleware/TransformsRequest.php(21): Illuminate\\Pipeline\\Pipeline->Illuminate\\Pipeline\\{closure}(Object(Illuminate\\Http\\Request))
#42 /Users/appkey/Desktop/agungappkey/tugas-akhir/vendor/laravel/framework/src/Illuminate/Foundation/Http/Middleware/TrimStrings.php(40): Illuminate\\Foundation\\Http\\Middleware\\TransformsRequest->handle(Object(Illuminate\\Http\\Request), Object(Closure))
#43 /Users/appkey/Desktop/agungappkey/tugas-akhir/vendor/laravel/framework/src/Illuminate/Pipeline/Pipeline.php(183): Illuminate\\Foundation\\Http\\Middleware\\TrimStrings->handle(Object(Illuminate\\Http\\Request), Object(Closure))
#44 /Users/appkey/Desktop/agungappkey/tugas-akhir/vendor/laravel/framework/src/Illuminate/Foundation/Http/Middleware/ValidatePostSize.php(27): Illuminate\\Pipeline\\Pipeline->Illuminate\\Pipeline\\{closure}(Object(Illuminate\\Http\\Request))
#45 /Users/appkey/Desktop/agungappkey/tugas-akhir/vendor/laravel/framework/src/Illuminate/Pipeline/Pipeline.php(183): Illuminate\\Foundation\\Http\\Middleware\\ValidatePostSize->handle(Object(Illuminate\\Http\\Request), Object(Closure))
#46 /Users/appkey/Desktop/agungappkey/tugas-akhir/vendor/laravel/framework/src/Illuminate/Foundation/Http/Middleware/PreventRequestsDuringMaintenance.php(99): Illuminate\\Pipeline\\Pipeline->Illuminate\\Pipeline\\{closure}(Object(Illuminate\\Http\\Request))
#47 /Users/appkey/Desktop/agungappkey/tugas-akhir/vendor/laravel/framework/src/Illuminate/Pipeline/Pipeline.php(183): Illuminate\\Foundation\\Http\\Middleware\\PreventRequestsDuringMaintenance->handle(Object(Illuminate\\Http\\Request), Object(Closure))
#48 /Users/appkey/Desktop/agungappkey/tugas-akhir/vendor/laravel/framework/src/Illuminate/Http/Middleware/HandleCors.php(49): Illuminate\\Pipeline\\Pipeline->Illuminate\\Pipeline\\{closure}(Object(Illuminate\\Http\\Request))
#49 /Users/appkey/Desktop/agungappkey/tugas-akhir/vendor/laravel/framework/src/Illuminate/Pipeline/Pipeline.php(183): Illuminate\\Http\\Middleware\\HandleCors->handle(Object(Illuminate\\Http\\Request), Object(Closure))
#50 /Users/appkey/Desktop/agungappkey/tugas-akhir/vendor/laravel/framework/src/Illuminate/Http/Middleware/TrustProxies.php(39): Illuminate\\Pipeline\\Pipeline->Illuminate\\Pipeline\\{closure}(Object(Illuminate\\Http\\Request))
#51 /Users/appkey/Desktop/agungappkey/tugas-akhir/vendor/laravel/framework/src/Illuminate/Pipeline/Pipeline.php(183): Illuminate\\Http\\Middleware\\TrustProxies->handle(Object(Illuminate\\Http\\Request), Object(Closure))
#52 /Users/appkey/Desktop/agungappkey/tugas-akhir/vendor/laravel/framework/src/Illuminate/Pipeline/Pipeline.php(119): Illuminate\\Pipeline\\Pipeline->Illuminate\\Pipeline\\{closure}(Object(Illuminate\\Http\\Request))
#53 /Users/appkey/Desktop/agungappkey/tugas-akhir/vendor/laravel/framework/src/Illuminate/Foundation/Http/Kernel.php(175): Illuminate\\Pipeline\\Pipeline->then(Object(Closure))
#54 /Users/appkey/Desktop/agungappkey/tugas-akhir/vendor/laravel/framework/src/Illuminate/Foundation/Http/Kernel.php(144): Illuminate\\Foundation\\Http\\Kernel->sendRequestThroughRouter(Object(Illuminate\\Http\\Request))
#55 /Users/appkey/Desktop/agungappkey/tugas-akhir/public/index.php(51): Illuminate\\Foundation\\Http\\Kernel->handle(Object(Illuminate\\Http\\Request))
#56 /Users/appkey/Desktop/agungappkey/tugas-akhir/vendor/laravel/framework/src/Illuminate/Foundation/resources/server.php(16): require_once('/Users/appkey/D...')
#57 {main}
"} 
[2025-12-06 08:49:06] laravel.INFO: User registration attempt {"email":"jodi.appkey@gmail.com","name":"jodi","ip":"127.0.0.1","user_agent":"Mozilla/5.0 (Macintosh; Intel Mac OS X 10_15_7) AppleWebKit/537.36 (KHTML, like Gecko) Chrome/142.0.0.0 Safari/537.36"} 
[2025-12-06 08:49:06] laravel.EMERGENCY: Unable to create configured logger. Using emergency logger. {"exception":"[object] (ErrorException(code: 0): Undefined array key \"channels\" at /Users/appkey/Desktop/agungappkey/tugas-akhir/vendor/laravel/framework/src/Illuminate/Log/LogManager.php:260)
[stacktrace]
#0 /Users/appkey/Desktop/agungappkey/tugas-akhir/vendor/laravel/framework/src/Illuminate/Foundation/Bootstrap/HandleExceptions.php(255): Illuminate\\Foundation\\Bootstrap\\HandleExceptions->handleError(2, 'Undefined array...', '/Users/appkey/D...', 260)
#1 /Users/appkey/Desktop/agungappkey/tugas-akhir/vendor/laravel/framework/src/Illuminate/Log/LogManager.php(260): Illuminate\\Foundation\\Bootstrap\\HandleExceptions->Illuminate\\Foundation\\Bootstrap\\{closure}(2, 'Undefined array...', '/Users/appkey/D...', 260)
#2 /Users/appkey/Desktop/agungappkey/tugas-akhir/vendor/laravel/framework/src/Illuminate/Log/LogManager.php(222): Illuminate\\Log\\LogManager->createStackDriver(Array)
#3 /Users/appkey/Desktop/agungappkey/tugas-akhir/vendor/laravel/framework/src/Illuminate/Log/LogManager.php(137): Illuminate\\Log\\LogManager->resolve('stack', Array)
#4 /Users/appkey/Desktop/agungappkey/tugas-akhir/vendor/laravel/framework/src/Illuminate/Log/LogManager.php(124): Illuminate\\Log\\LogManager->get('stack')
#5 /Users/appkey/Desktop/agungappkey/tugas-akhir/vendor/laravel/framework/src/Illuminate/Log/LogManager.php(722): Illuminate\\Log\\LogManager->driver()
#6 /Users/appkey/Desktop/agungappkey/tugas-akhir/vendor/laravel/framework/src/Illuminate/Support/Facades/Facade.php(355): Illuminate\\Log\\LogManager->info('User registered...', Array)
#7 /Users/appkey/Desktop/agungappkey/tugas-akhir/app/Http/Controllers/Auth/RegisteredUserController.php(67): Illuminate\\Support\\Facades\\Facade::__callStatic('info', Array)
#8 /Users/appkey/Desktop/agungappkey/tugas-akhir/vendor/laravel/framework/src/Illuminate/Routing/Controller.php(54): App\\Http\\Controllers\\Auth\\RegisteredUserController->store(Object(Illuminate\\Http\\Request))
#9 /Users/appkey/Desktop/agungappkey/tugas-akhir/vendor/laravel/framework/src/Illuminate/Routing/ControllerDispatcher.php(43): Illuminate\\Routing\\Controller->callAction('store', Array)
#10 /Users/appkey/Desktop/agungappkey/tugas-akhir/vendor/laravel/framework/src/Illuminate/Routing/Route.php(259): Illuminate\\Routing\\ControllerDispatcher->dispatch(Object(Illuminate\\Routing\\Route), Object(App\\Http\\Controllers\\Auth\\RegisteredUserController), 'store')
#11 /Users/appkey/Desktop/agungappkey/tugas-akhir/vendor/laravel/framework/src/Illuminate/Routing/Route.php(205): Illuminate\\Routing\\Route->runController()
#12 /Users/appkey/Desktop/agungappkey/tugas-akhir/vendor/laravel/framework/src/Illuminate/Routing/Router.php(806): Illuminate\\Routing\\Route->run()
#13 /Users/appkey/Desktop/agungappkey/tugas-akhir/vendor/laravel/framework/src/Illuminate/Pipeline/Pipeline.php(144): Illuminate\\Routing\\Router->Illuminate\\Routing\\{closure}(Object(Illuminate\\Http\\Request))
#14 /Users/appkey/Desktop/agungappkey/tugas-akhir/app/Http/Middleware/RedirectIfAuthenticated.php(27): Illuminate\\Pipeline\\Pipeline->Illuminate\\Pipeline\\{closure}(Object(Illuminate\\Http\\Request))
#15 /Users/appkey/Desktop/agungappkey/tugas-akhir/vendor/laravel/framework/src/Illuminate/Pipeline/Pipeline.php(183): App\\Http\\Middleware\\RedirectIfAuthenticated->handle(Object(Illuminate\\Http\\Request), Object(Closure))
#16 /Users/appkey/Desktop/agungappkey/tugas-akhir/app/Http/Middleware/SetLocale.php(36): Illuminate\\Pipeline\\Pipeline->Illuminate\\Pipeline\\{closure}(Object(Illuminate\\Http\\Request))
#17 /Users/appkey/Desktop/agungappkey/tugas-akhir/vendor/laravel/framework/src/Illuminate/Pipeline/Pipeline.php(183): App\\Http\\Middleware\\SetLocale->handle(Object(Illuminate\\Http\\Request), Object(Closure))
#18 /Users/appkey/Desktop/agungappkey/tugas-akhir/vendor/laravel/framework/src/Illuminate/Routing/Middleware/SubstituteBindings.php(50): Illuminate\\Pipeline\\Pipeline->Illuminate\\Pipeline\\{closure}(Object(Illuminate\\Http\\Request))
#19 /Users/appkey/Desktop/agungappkey/tugas-akhir/vendor/laravel/framework/src/Illuminate/Pipeline/Pipeline.php(183): Illuminate\\Routing\\Middleware\\SubstituteBindings->handle(Object(Illuminate\\Http\\Request), Object(Closure))
#20 /Users/appkey/Desktop/agungappkey/tugas-akhir/vendor/laravel/framework/src/Illuminate/Foundation/Http/Middleware/VerifyCsrfToken.php(78): Illuminate\\Pipeline\\Pipeline->Illuminate\\Pipeline\\{closure}(Object(Illuminate\\Http\\Request))
#21 /Users/appkey/Desktop/agungappkey/tugas-akhir/vendor/laravel/framework/src/Illuminate/Pipeline/Pipeline.php(183): Illuminate\\Foundation\\Http\\Middleware\\VerifyCsrfToken->handle(Object(Illuminate\\Http\\Request), Object(Closure))
#22 /Users/appkey/Desktop/agungappkey/tugas-akhir/vendor/laravel/framework/src/Illuminate/View/Middleware/ShareErrorsFromSession.php(49): Illuminate\\Pipeline\\Pipeline->Illuminate\\Pipeline\\{closure}(Object(Illuminate\\Http\\Request))
#23 /Users/appkey/Desktop/agungappkey/tugas-akhir/vendor/laravel/framework/src/Illuminate/Pipeline/Pipeline.php(183): Illuminate\\View\\Middleware\\ShareErrorsFromSession->handle(Object(Illuminate\\Http\\Request), Object(Closure))
#24 /Users/appkey/Desktop/agungappkey/tugas-akhir/vendor/laravel/framework/src/Illuminate/Session/Middleware/StartSession.php(121): Illuminate\\Pipeline\\Pipeline->Illuminate\\Pipeline\\{closure}(Object(Illuminate\\Http\\Request))
#25 /Users/appkey/Desktop/agungappkey/tugas-akhir/vendor/laravel/framework/src/Illuminate/Session/Middleware/StartSession.php(64): Illuminate\\Session\\Middleware\\StartSession->handleStatefulRequest(Object(Illuminate\\Http\\Request), Object(Illuminate\\Session\\Store), Object(Closure))
#26 /Users/appkey/Desktop/agungappkey/tugas-akhir/vendor/laravel/framework/src/Illuminate/Pipeline/Pipeline.php(183): Illuminate\\Session\\Middleware\\StartSession->handle(Object(Illuminate\\Http\\Request), Object(Closure))
#27 /Users/appkey/Desktop/agungappkey/tugas-akhir/vendor/laravel/framework/src/Illuminate/Cookie/Middleware/AddQueuedCookiesToResponse.php(37): Illuminate\\Pipeline\\Pipeline->Illuminate\\Pipeline\\{closure}(Object(Illuminate\\Http\\Request))
#28 /Users/appkey/Desktop/agungappkey/tugas-akhir/vendor/laravel/framework/src/Illuminate/Pipeline/Pipeline.php(183): Illuminate\\Cookie\\Middleware\\AddQueuedCookiesToResponse->handle(Object(Illuminate\\Http\\Request), Object(Closure))
#29 /Users/appkey/Desktop/agungappkey/tugas-akhir/vendor/laravel/framework/src/Illuminate/Cookie/Middleware/EncryptCookies.php(67): Illuminate\\Pipeline\\Pipeline->Illuminate\\Pipeline\\{closure}(Object(Illuminate\\Http\\Request))
#30 /Users/appkey/Desktop/agungappkey/tugas-akhir/vendor/laravel/framework/src/Illuminate/Pipeline/Pipeline.php(183): Illuminate\\Cookie\\Middleware\\EncryptCookies->handle(Object(Illuminate\\Http\\Request), Object(Closure))
#31 /Users/appkey/Desktop/agungappkey/tugas-akhir/vendor/laravel/framework/src/Illuminate/Pipeline/Pipeline.php(119): Illuminate\\Pipeline\\Pipeline->Illuminate\\Pipeline\\{closure}(Object(Illuminate\\Http\\Request))
#32 /Users/appkey/Desktop/agungappkey/tugas-akhir/vendor/laravel/framework/src/Illuminate/Routing/Router.php(805): Illuminate\\Pipeline\\Pipeline->then(Object(Closure))
#33 /Users/appkey/Desktop/agungappkey/tugas-akhir/vendor/laravel/framework/src/Illuminate/Routing/Router.php(784): Illuminate\\Routing\\Router->runRouteWithinStack(Object(Illuminate\\Routing\\Route), Object(Illuminate\\Http\\Request))
#34 /Users/appkey/Desktop/agungappkey/tugas-akhir/vendor/laravel/framework/src/Illuminate/Routing/Router.php(748): Illuminate\\Routing\\Router->runRoute(Object(Illuminate\\Http\\Request), Object(Illuminate\\Routing\\Route))
#35 /Users/appkey/Desktop/agungappkey/tugas-akhir/vendor/laravel/framework/src/Illuminate/Routing/Router.php(737): Illuminate\\Routing\\Router->dispatchToRoute(Object(Illuminate\\Http\\Request))
#36 /Users/appkey/Desktop/agungappkey/tugas-akhir/vendor/laravel/framework/src/Illuminate/Foundation/Http/Kernel.php(200): Illuminate\\Routing\\Router->dispatch(Object(Illuminate\\Http\\Request))
#37 /Users/appkey/Desktop/agungappkey/tugas-akhir/vendor/laravel/framework/src/Illuminate/Pipeline/Pipeline.php(144): Illuminate\\Foundation\\Http\\Kernel->Illuminate\\Foundation\\Http\\{closure}(Object(Illuminate\\Http\\Request))
#38 /Users/appkey/Desktop/agungappkey/tugas-akhir/vendor/laravel/framework/src/Illuminate/Foundation/Http/Middleware/TransformsRequest.php(21): Illuminate\\Pipeline\\Pipeline->Illuminate\\Pipeline\\{closure}(Object(Illuminate\\Http\\Request))
#39 /Users/appkey/Desktop/agungappkey/tugas-akhir/vendor/laravel/framework/src/Illuminate/Foundation/Http/Middleware/ConvertEmptyStringsToNull.php(31): Illuminate\\Foundation\\Http\\Middleware\\TransformsRequest->handle(Object(Illuminate\\Http\\Request), Object(Closure))
#40 /Users/appkey/Desktop/agungappkey/tugas-akhir/vendor/laravel/framework/src/Illuminate/Pipeline/Pipeline.php(183): Illuminate\\Foundation\\Http\\Middleware\\ConvertEmptyStringsToNull->handle(Object(Illuminate\\Http\\Request), Object(Closure))
#41 /Users/appkey/Desktop/agungappkey/tugas-akhir/vendor/laravel/framework/src/Illuminate/Foundation/Http/Middleware/TransformsRequest.php(21): Illuminate\\Pipeline\\Pipeline->Illuminate\\Pipeline\\{closure}(Object(Illuminate\\Http\\Request))
#42 /Users/appkey/Desktop/agungappkey/tugas-akhir/vendor/laravel/framework/src/Illuminate/Foundation/Http/Middleware/TrimStrings.php(40): Illuminate\\Foundation\\Http\\Middleware\\TransformsRequest->handle(Object(Illuminate\\Http\\Request), Object(Closure))
#43 /Users/appkey/Desktop/agungappkey/tugas-akhir/vendor/laravel/framework/src/Illuminate/Pipeline/Pipeline.php(183): Illuminate\\Foundation\\Http\\Middleware\\TrimStrings->handle(Object(Illuminate\\Http\\Request), Object(Closure))
#44 /Users/appkey/Desktop/agungappkey/tugas-akhir/vendor/laravel/framework/src/Illuminate/Foundation/Http/Middleware/ValidatePostSize.php(27): Illuminate\\Pipeline\\Pipeline->Illuminate\\Pipeline\\{closure}(Object(Illuminate\\Http\\Request))
#45 /Users/appkey/Desktop/agungappkey/tugas-akhir/vendor/laravel/framework/src/Illuminate/Pipeline/Pipeline.php(183): Illuminate\\Foundation\\Http\\Middleware\\ValidatePostSize->handle(Object(Illuminate\\Http\\Request), Object(Closure))
#46 /Users/appkey/Desktop/agungappkey/tugas-akhir/vendor/laravel/framework/src/Illuminate/Foundation/Http/Middleware/PreventRequestsDuringMaintenance.php(99): Illuminate\\Pipeline\\Pipeline->Illuminate\\Pipeline\\{closure}(Object(Illuminate\\Http\\Request))
#47 /Users/appkey/Desktop/agungappkey/tugas-akhir/vendor/laravel/framework/src/Illuminate/Pipeline/Pipeline.php(183): Illuminate\\Foundation\\Http\\Middleware\\PreventRequestsDuringMaintenance->handle(Object(Illuminate\\Http\\Request), Object(Closure))
#48 /Users/appkey/Desktop/agungappkey/tugas-akhir/vendor/laravel/framework/src/Illuminate/Http/Middleware/HandleCors.php(49): Illuminate\\Pipeline\\Pipeline->Illuminate\\Pipeline\\{closure}(Object(Illuminate\\Http\\Request))
#49 /Users/appkey/Desktop/agungappkey/tugas-akhir/vendor/laravel/framework/src/Illuminate/Pipeline/Pipeline.php(183): Illuminate\\Http\\Middleware\\HandleCors->handle(Object(Illuminate\\Http\\Request), Object(Closure))
#50 /Users/appkey/Desktop/agungappkey/tugas-akhir/vendor/laravel/framework/src/Illuminate/Http/Middleware/TrustProxies.php(39): Illuminate\\Pipeline\\Pipeline->Illuminate\\Pipeline\\{closure}(Object(Illuminate\\Http\\Request))
#51 /Users/appkey/Desktop/agungappkey/tugas-akhir/vendor/laravel/framework/src/Illuminate/Pipeline/Pipeline.php(183): Illuminate\\Http\\Middleware\\TrustProxies->handle(Object(Illuminate\\Http\\Request), Object(Closure))
#52 /Users/appkey/Desktop/agungappkey/tugas-akhir/vendor/laravel/framework/src/Illuminate/Pipeline/Pipeline.php(119): Illuminate\\Pipeline\\Pipeline->Illuminate\\Pipeline\\{closure}(Object(Illuminate\\Http\\Request))
#53 /Users/appkey/Desktop/agungappkey/tugas-akhir/vendor/laravel/framework/src/Illuminate/Foundation/Http/Kernel.php(175): Illuminate\\Pipeline\\Pipeline->then(Object(Closure))
#54 /Users/appkey/Desktop/agungappkey/tugas-akhir/vendor/laravel/framework/src/Illuminate/Foundation/Http/Kernel.php(144): Illuminate\\Foundation\\Http\\Kernel->sendRequestThroughRouter(Object(Illuminate\\Http\\Request))
#55 /Users/appkey/Desktop/agungappkey/tugas-akhir/public/index.php(51): Illuminate\\Foundation\\Http\\Kernel->handle(Object(Illuminate\\Http\\Request))
#56 /Users/appkey/Desktop/agungappkey/tugas-akhir/vendor/laravel/framework/src/Illuminate/Foundation/resources/server.php(16): require_once('/Users/appkey/D...')
#57 {main}
"} 
[2025-12-06 08:49:06] laravel.INFO: User registered successfully {"user_id":105,"email":"jodi.appkey@gmail.com","name":"jodi","role":"pelanggan","is_active":true,"verification_required":true,"ip":"127.0.0.1"} 
[2025-12-06 08:49:59] laravel.EMERGENCY: Unable to create configured logger. Using emergency logger. {"exception":"[object] (ErrorException(code: 0): Undefined array key \"channels\" at /Users/appkey/Desktop/agungappkey/tugas-akhir/vendor/laravel/framework/src/Illuminate/Log/LogManager.php:260)
[stacktrace]
#0 /Users/appkey/Desktop/agungappkey/tugas-akhir/vendor/laravel/framework/src/Illuminate/Foundation/Bootstrap/HandleExceptions.php(255): Illuminate\\Foundation\\Bootstrap\\HandleExceptions->handleError(2, 'Undefined array...', '/Users/appkey/D...', 260)
#1 /Users/appkey/Desktop/agungappkey/tugas-akhir/vendor/laravel/framework/src/Illuminate/Log/LogManager.php(260): Illuminate\\Foundation\\Bootstrap\\HandleExceptions->Illuminate\\Foundation\\Bootstrap\\{closure}(2, 'Undefined array...', '/Users/appkey/D...', 260)
#2 /Users/appkey/Desktop/agungappkey/tugas-akhir/vendor/laravel/framework/src/Illuminate/Log/LogManager.php(222): Illuminate\\Log\\LogManager->createStackDriver(Array)
#3 /Users/appkey/Desktop/agungappkey/tugas-akhir/vendor/laravel/framework/src/Illuminate/Log/LogManager.php(137): Illuminate\\Log\\LogManager->resolve('stack', Array)
#4 /Users/appkey/Desktop/agungappkey/tugas-akhir/vendor/laravel/framework/src/Illuminate/Log/LogManager.php(124): Illuminate\\Log\\LogManager->get('stack')
#5 /Users/appkey/Desktop/agungappkey/tugas-akhir/vendor/laravel/framework/src/Illuminate/Log/LogManager.php(722): Illuminate\\Log\\LogManager->driver()
#6 /Users/appkey/Desktop/agungappkey/tugas-akhir/vendor/laravel/framework/src/Illuminate/Support/Facades/Facade.php(355): Illuminate\\Log\\LogManager->info('User login atte...', Array)
#7 /Users/appkey/Desktop/agungappkey/tugas-akhir/app/Http/Controllers/Auth/AuthenticatedSessionController.php(30): Illuminate\\Support\\Facades\\Facade::__callStatic('info', Array)
#8 /Users/appkey/Desktop/agungappkey/tugas-akhir/vendor/laravel/framework/src/Illuminate/Routing/Controller.php(54): App\\Http\\Controllers\\Auth\\AuthenticatedSessionController->store(Object(App\\Http\\Requests\\Auth\\LoginRequest))
#9 /Users/appkey/Desktop/agungappkey/tugas-akhir/vendor/laravel/framework/src/Illuminate/Routing/ControllerDispatcher.php(43): Illuminate\\Routing\\Controller->callAction('store', Array)
#10 /Users/appkey/Desktop/agungappkey/tugas-akhir/vendor/laravel/framework/src/Illuminate/Routing/Route.php(259): Illuminate\\Routing\\ControllerDispatcher->dispatch(Object(Illuminate\\Routing\\Route), Object(App\\Http\\Controllers\\Auth\\AuthenticatedSessionController), 'store')
#11 /Users/appkey/Desktop/agungappkey/tugas-akhir/vendor/laravel/framework/src/Illuminate/Routing/Route.php(205): Illuminate\\Routing\\Route->runController()
#12 /Users/appkey/Desktop/agungappkey/tugas-akhir/vendor/laravel/framework/src/Illuminate/Routing/Router.php(806): Illuminate\\Routing\\Route->run()
#13 /Users/appkey/Desktop/agungappkey/tugas-akhir/vendor/laravel/framework/src/Illuminate/Pipeline/Pipeline.php(144): Illuminate\\Routing\\Router->Illuminate\\Routing\\{closure}(Object(Illuminate\\Http\\Request))
#14 /Users/appkey/Desktop/agungappkey/tugas-akhir/app/Http/Middleware/RedirectIfAuthenticated.php(27): Illuminate\\Pipeline\\Pipeline->Illuminate\\Pipeline\\{closure}(Object(Illuminate\\Http\\Request))
#15 /Users/appkey/Desktop/agungappkey/tugas-akhir/vendor/laravel/framework/src/Illuminate/Pipeline/Pipeline.php(183): App\\Http\\Middleware\\RedirectIfAuthenticated->handle(Object(Illuminate\\Http\\Request), Object(Closure))
#16 /Users/appkey/Desktop/agungappkey/tugas-akhir/app/Http/Middleware/SetLocale.php(36): Illuminate\\Pipeline\\Pipeline->Illuminate\\Pipeline\\{closure}(Object(Illuminate\\Http\\Request))
#17 /Users/appkey/Desktop/agungappkey/tugas-akhir/vendor/laravel/framework/src/Illuminate/Pipeline/Pipeline.php(183): App\\Http\\Middleware\\SetLocale->handle(Object(Illuminate\\Http\\Request), Object(Closure))
#18 /Users/appkey/Desktop/agungappkey/tugas-akhir/vendor/laravel/framework/src/Illuminate/Routing/Middleware/SubstituteBindings.php(50): Illuminate\\Pipeline\\Pipeline->Illuminate\\Pipeline\\{closure}(Object(Illuminate\\Http\\Request))
#19 /Users/appkey/Desktop/agungappkey/tugas-akhir/vendor/laravel/framework/src/Illuminate/Pipeline/Pipeline.php(183): Illuminate\\Routing\\Middleware\\SubstituteBindings->handle(Object(Illuminate\\Http\\Request), Object(Closure))
#20 /Users/appkey/Desktop/agungappkey/tugas-akhir/vendor/laravel/framework/src/Illuminate/Foundation/Http/Middleware/VerifyCsrfToken.php(78): Illuminate\\Pipeline\\Pipeline->Illuminate\\Pipeline\\{closure}(Object(Illuminate\\Http\\Request))
#21 /Users/appkey/Desktop/agungappkey/tugas-akhir/vendor/laravel/framework/src/Illuminate/Pipeline/Pipeline.php(183): Illuminate\\Foundation\\Http\\Middleware\\VerifyCsrfToken->handle(Object(Illuminate\\Http\\Request), Object(Closure))
#22 /Users/appkey/Desktop/agungappkey/tugas-akhir/vendor/laravel/framework/src/Illuminate/View/Middleware/ShareErrorsFromSession.php(49): Illuminate\\Pipeline\\Pipeline->Illuminate\\Pipeline\\{closure}(Object(Illuminate\\Http\\Request))
#23 /Users/appkey/Desktop/agungappkey/tugas-akhir/vendor/laravel/framework/src/Illuminate/Pipeline/Pipeline.php(183): Illuminate\\View\\Middleware\\ShareErrorsFromSession->handle(Object(Illuminate\\Http\\Request), Object(Closure))
#24 /Users/appkey/Desktop/agungappkey/tugas-akhir/vendor/laravel/framework/src/Illuminate/Session/Middleware/StartSession.php(121): Illuminate\\Pipeline\\Pipeline->Illuminate\\Pipeline\\{closure}(Object(Illuminate\\Http\\Request))
#25 /Users/appkey/Desktop/agungappkey/tugas-akhir/vendor/laravel/framework/src/Illuminate/Session/Middleware/StartSession.php(64): Illuminate\\Session\\Middleware\\StartSession->handleStatefulRequest(Object(Illuminate\\Http\\Request), Object(Illuminate\\Session\\Store), Object(Closure))
#26 /Users/appkey/Desktop/agungappkey/tugas-akhir/vendor/laravel/framework/src/Illuminate/Pipeline/Pipeline.php(183): Illuminate\\Session\\Middleware\\StartSession->handle(Object(Illuminate\\Http\\Request), Object(Closure))
#27 /Users/appkey/Desktop/agungappkey/tugas-akhir/vendor/laravel/framework/src/Illuminate/Cookie/Middleware/AddQueuedCookiesToResponse.php(37): Illuminate\\Pipeline\\Pipeline->Illuminate\\Pipeline\\{closure}(Object(Illuminate\\Http\\Request))
#28 /Users/appkey/Desktop/agungappkey/tugas-akhir/vendor/laravel/framework/src/Illuminate/Pipeline/Pipeline.php(183): Illuminate\\Cookie\\Middleware\\AddQueuedCookiesToResponse->handle(Object(Illuminate\\Http\\Request), Object(Closure))
#29 /Users/appkey/Desktop/agungappkey/tugas-akhir/vendor/laravel/framework/src/Illuminate/Cookie/Middleware/EncryptCookies.php(67): Illuminate\\Pipeline\\Pipeline->Illuminate\\Pipeline\\{closure}(Object(Illuminate\\Http\\Request))
#30 /Users/appkey/Desktop/agungappkey/tugas-akhir/vendor/laravel/framework/src/Illuminate/Pipeline/Pipeline.php(183): Illuminate\\Cookie\\Middleware\\EncryptCookies->handle(Object(Illuminate\\Http\\Request), Object(Closure))
#31 /Users/appkey/Desktop/agungappkey/tugas-akhir/vendor/laravel/framework/src/Illuminate/Pipeline/Pipeline.php(119): Illuminate\\Pipeline\\Pipeline->Illuminate\\Pipeline\\{closure}(Object(Illuminate\\Http\\Request))
#32 /Users/appkey/Desktop/agungappkey/tugas-akhir/vendor/laravel/framework/src/Illuminate/Routing/Router.php(805): Illuminate\\Pipeline\\Pipeline->then(Object(Closure))
#33 /Users/appkey/Desktop/agungappkey/tugas-akhir/vendor/laravel/framework/src/Illuminate/Routing/Router.php(784): Illuminate\\Routing\\Router->runRouteWithinStack(Object(Illuminate\\Routing\\Route), Object(Illuminate\\Http\\Request))
#34 /Users/appkey/Desktop/agungappkey/tugas-akhir/vendor/laravel/framework/src/Illuminate/Routing/Router.php(748): Illuminate\\Routing\\Router->runRoute(Object(Illuminate\\Http\\Request), Object(Illuminate\\Routing\\Route))
#35 /Users/appkey/Desktop/agungappkey/tugas-akhir/vendor/laravel/framework/src/Illuminate/Routing/Router.php(737): Illuminate\\Routing\\Router->dispatchToRoute(Object(Illuminate\\Http\\Request))
#36 /Users/appkey/Desktop/agungappkey/tugas-akhir/vendor/laravel/framework/src/Illuminate/Foundation/Http/Kernel.php(200): Illuminate\\Routing\\Router->dispatch(Object(Illuminate\\Http\\Request))
#37 /Users/appkey/Desktop/agungappkey/tugas-akhir/vendor/laravel/framework/src/Illuminate/Pipeline/Pipeline.php(144): Illuminate\\Foundation\\Http\\Kernel->Illuminate\\Foundation\\Http\\{closure}(Object(Illuminate\\Http\\Request))
#38 /Users/appkey/Desktop/agungappkey/tugas-akhir/vendor/laravel/framework/src/Illuminate/Foundation/Http/Middleware/TransformsRequest.php(21): Illuminate\\Pipeline\\Pipeline->Illuminate\\Pipeline\\{closure}(Object(Illuminate\\Http\\Request))
#39 /Users/appkey/Desktop/agungappkey/tugas-akhir/vendor/laravel/framework/src/Illuminate/Foundation/Http/Middleware/ConvertEmptyStringsToNull.php(31): Illuminate\\Foundation\\Http\\Middleware\\TransformsRequest->handle(Object(Illuminate\\Http\\Request), Object(Closure))
#40 /Users/appkey/Desktop/agungappkey/tugas-akhir/vendor/laravel/framework/src/Illuminate/Pipeline/Pipeline.php(183): Illuminate\\Foundation\\Http\\Middleware\\ConvertEmptyStringsToNull->handle(Object(Illuminate\\Http\\Request), Object(Closure))
#41 /Users/appkey/Desktop/agungappkey/tugas-akhir/vendor/laravel/framework/src/Illuminate/Foundation/Http/Middleware/TransformsRequest.php(21): Illuminate\\Pipeline\\Pipeline->Illuminate\\Pipeline\\{closure}(Object(Illuminate\\Http\\Request))
#42 /Users/appkey/Desktop/agungappkey/tugas-akhir/vendor/laravel/framework/src/Illuminate/Foundation/Http/Middleware/TrimStrings.php(40): Illuminate\\Foundation\\Http\\Middleware\\TransformsRequest->handle(Object(Illuminate\\Http\\Request), Object(Closure))
#43 /Users/appkey/Desktop/agungappkey/tugas-akhir/vendor/laravel/framework/src/Illuminate/Pipeline/Pipeline.php(183): Illuminate\\Foundation\\Http\\Middleware\\TrimStrings->handle(Object(Illuminate\\Http\\Request), Object(Closure))
#44 /Users/appkey/Desktop/agungappkey/tugas-akhir/vendor/laravel/framework/src/Illuminate/Foundation/Http/Middleware/ValidatePostSize.php(27): Illuminate\\Pipeline\\Pipeline->Illuminate\\Pipeline\\{closure}(Object(Illuminate\\Http\\Request))
#45 /Users/appkey/Desktop/agungappkey/tugas-akhir/vendor/laravel/framework/src/Illuminate/Pipeline/Pipeline.php(183): Illuminate\\Foundation\\Http\\Middleware\\ValidatePostSize->handle(Object(Illuminate\\Http\\Request), Object(Closure))
#46 /Users/appkey/Desktop/agungappkey/tugas-akhir/vendor/laravel/framework/src/Illuminate/Foundation/Http/Middleware/PreventRequestsDuringMaintenance.php(99): Illuminate\\Pipeline\\Pipeline->Illuminate\\Pipeline\\{closure}(Object(Illuminate\\Http\\Request))
#47 /Users/appkey/Desktop/agungappkey/tugas-akhir/vendor/laravel/framework/src/Illuminate/Pipeline/Pipeline.php(183): Illuminate\\Foundation\\Http\\Middleware\\PreventRequestsDuringMaintenance->handle(Object(Illuminate\\Http\\Request), Object(Closure))
#48 /Users/appkey/Desktop/agungappkey/tugas-akhir/vendor/laravel/framework/src/Illuminate/Http/Middleware/HandleCors.php(49): Illuminate\\Pipeline\\Pipeline->Illuminate\\Pipeline\\{closure}(Object(Illuminate\\Http\\Request))
#49 /Users/appkey/Desktop/agungappkey/tugas-akhir/vendor/laravel/framework/src/Illuminate/Pipeline/Pipeline.php(183): Illuminate\\Http\\Middleware\\HandleCors->handle(Object(Illuminate\\Http\\Request), Object(Closure))
#50 /Users/appkey/Desktop/agungappkey/tugas-akhir/vendor/laravel/framework/src/Illuminate/Http/Middleware/TrustProxies.php(39): Illuminate\\Pipeline\\Pipeline->Illuminate\\Pipeline\\{closure}(Object(Illuminate\\Http\\Request))
#51 /Users/appkey/Desktop/agungappkey/tugas-akhir/vendor/laravel/framework/src/Illuminate/Pipeline/Pipeline.php(183): Illuminate\\Http\\Middleware\\TrustProxies->handle(Object(Illuminate\\Http\\Request), Object(Closure))
#52 /Users/appkey/Desktop/agungappkey/tugas-akhir/vendor/laravel/framework/src/Illuminate/Pipeline/Pipeline.php(119): Illuminate\\Pipeline\\Pipeline->Illuminate\\Pipeline\\{closure}(Object(Illuminate\\Http\\Request))
#53 /Users/appkey/Desktop/agungappkey/tugas-akhir/vendor/laravel/framework/src/Illuminate/Foundation/Http/Kernel.php(175): Illuminate\\Pipeline\\Pipeline->then(Object(Closure))
#54 /Users/appkey/Desktop/agungappkey/tugas-akhir/vendor/laravel/framework/src/Illuminate/Foundation/Http/Kernel.php(144): Illuminate\\Foundation\\Http\\Kernel->sendRequestThroughRouter(Object(Illuminate\\Http\\Request))
#55 /Users/appkey/Desktop/agungappkey/tugas-akhir/public/index.php(51): Illuminate\\Foundation\\Http\\Kernel->handle(Object(Illuminate\\Http\\Request))
#56 /Users/appkey/Desktop/agungappkey/tugas-akhir/vendor/laravel/framework/src/Illuminate/Foundation/resources/server.php(16): require_once('/Users/appkey/D...')
#57 {main}
"} 
[2025-12-06 08:49:59] laravel.INFO: User login attempt {"email":"jodi.appkey@gmail.com","ip":"127.0.0.1","user_agent":"Mozilla/5.0 (Macintosh; Intel Mac OS X 10_15_7) AppleWebKit/537.36 (KHTML, like Gecko) Chrome/142.0.0.0 Safari/537.36"} 
[2025-12-06 08:49:59] laravel.EMERGENCY: Unable to create configured logger. Using emergency logger. {"exception":"[object] (ErrorException(code: 0): Undefined array key \"channels\" at /Users/appkey/Desktop/agungappkey/tugas-akhir/vendor/laravel/framework/src/Illuminate/Log/LogManager.php:260)
[stacktrace]
#0 /Users/appkey/Desktop/agungappkey/tugas-akhir/vendor/laravel/framework/src/Illuminate/Foundation/Bootstrap/HandleExceptions.php(255): Illuminate\\Foundation\\Bootstrap\\HandleExceptions->handleError(2, 'Undefined array...', '/Users/appkey/D...', 260)
#1 /Users/appkey/Desktop/agungappkey/tugas-akhir/vendor/laravel/framework/src/Illuminate/Log/LogManager.php(260): Illuminate\\Foundation\\Bootstrap\\HandleExceptions->Illuminate\\Foundation\\Bootstrap\\{closure}(2, 'Undefined array...', '/Users/appkey/D...', 260)
#2 /Users/appkey/Desktop/agungappkey/tugas-akhir/vendor/laravel/framework/src/Illuminate/Log/LogManager.php(222): Illuminate\\Log\\LogManager->createStackDriver(Array)
#3 /Users/appkey/Desktop/agungappkey/tugas-akhir/vendor/laravel/framework/src/Illuminate/Log/LogManager.php(137): Illuminate\\Log\\LogManager->resolve('stack', Array)
#4 /Users/appkey/Desktop/agungappkey/tugas-akhir/vendor/laravel/framework/src/Illuminate/Log/LogManager.php(124): Illuminate\\Log\\LogManager->get('stack')
#5 /Users/appkey/Desktop/agungappkey/tugas-akhir/vendor/laravel/framework/src/Illuminate/Log/LogManager.php(722): Illuminate\\Log\\LogManager->driver()
#6 /Users/appkey/Desktop/agungappkey/tugas-akhir/vendor/laravel/framework/src/Illuminate/Support/Facades/Facade.php(355): Illuminate\\Log\\LogManager->info('User last login...', Array)
#7 /Users/appkey/Desktop/agungappkey/tugas-akhir/app/Models/User.php(96): Illuminate\\Support\\Facades\\Facade::__callStatic('info', Array)
#8 /Users/appkey/Desktop/agungappkey/tugas-akhir/app/Http/Controllers/Auth/AuthenticatedSessionController.php(53): App\\Models\\User->updateLastLogin()
#9 /Users/appkey/Desktop/agungappkey/tugas-akhir/vendor/laravel/framework/src/Illuminate/Routing/Controller.php(54): App\\Http\\Controllers\\Auth\\AuthenticatedSessionController->store(Object(App\\Http\\Requests\\Auth\\LoginRequest))
#10 /Users/appkey/Desktop/agungappkey/tugas-akhir/vendor/laravel/framework/src/Illuminate/Routing/ControllerDispatcher.php(43): Illuminate\\Routing\\Controller->callAction('store', Array)
#11 /Users/appkey/Desktop/agungappkey/tugas-akhir/vendor/laravel/framework/src/Illuminate/Routing/Route.php(259): Illuminate\\Routing\\ControllerDispatcher->dispatch(Object(Illuminate\\Routing\\Route), Object(App\\Http\\Controllers\\Auth\\AuthenticatedSessionController), 'store')
#12 /Users/appkey/Desktop/agungappkey/tugas-akhir/vendor/laravel/framework/src/Illuminate/Routing/Route.php(205): Illuminate\\Routing\\Route->runController()
#13 /Users/appkey/Desktop/agungappkey/tugas-akhir/vendor/laravel/framework/src/Illuminate/Routing/Router.php(806): Illuminate\\Routing\\Route->run()
#14 /Users/appkey/Desktop/agungappkey/tugas-akhir/vendor/laravel/framework/src/Illuminate/Pipeline/Pipeline.php(144): Illuminate\\Routing\\Router->Illuminate\\Routing\\{closure}(Object(Illuminate\\Http\\Request))
#15 /Users/appkey/Desktop/agungappkey/tugas-akhir/app/Http/Middleware/RedirectIfAuthenticated.php(27): Illuminate\\Pipeline\\Pipeline->Illuminate\\Pipeline\\{closure}(Object(Illuminate\\Http\\Request))
#16 /Users/appkey/Desktop/agungappkey/tugas-akhir/vendor/laravel/framework/src/Illuminate/Pipeline/Pipeline.php(183): App\\Http\\Middleware\\RedirectIfAuthenticated->handle(Object(Illuminate\\Http\\Request), Object(Closure))
#17 /Users/appkey/Desktop/agungappkey/tugas-akhir/app/Http/Middleware/SetLocale.php(36): Illuminate\\Pipeline\\Pipeline->Illuminate\\Pipeline\\{closure}(Object(Illuminate\\Http\\Request))
#18 /Users/appkey/Desktop/agungappkey/tugas-akhir/vendor/laravel/framework/src/Illuminate/Pipeline/Pipeline.php(183): App\\Http\\Middleware\\SetLocale->handle(Object(Illuminate\\Http\\Request), Object(Closure))
#19 /Users/appkey/Desktop/agungappkey/tugas-akhir/vendor/laravel/framework/src/Illuminate/Routing/Middleware/SubstituteBindings.php(50): Illuminate\\Pipeline\\Pipeline->Illuminate\\Pipeline\\{closure}(Object(Illuminate\\Http\\Request))
#20 /Users/appkey/Desktop/agungappkey/tugas-akhir/vendor/laravel/framework/src/Illuminate/Pipeline/Pipeline.php(183): Illuminate\\Routing\\Middleware\\SubstituteBindings->handle(Object(Illuminate\\Http\\Request), Object(Closure))
#21 /Users/appkey/Desktop/agungappkey/tugas-akhir/vendor/laravel/framework/src/Illuminate/Foundation/Http/Middleware/VerifyCsrfToken.php(78): Illuminate\\Pipeline\\Pipeline->Illuminate\\Pipeline\\{closure}(Object(Illuminate\\Http\\Request))
#22 /Users/appkey/Desktop/agungappkey/tugas-akhir/vendor/laravel/framework/src/Illuminate/Pipeline/Pipeline.php(183): Illuminate\\Foundation\\Http\\Middleware\\VerifyCsrfToken->handle(Object(Illuminate\\Http\\Request), Object(Closure))
#23 /Users/appkey/Desktop/agungappkey/tugas-akhir/vendor/laravel/framework/src/Illuminate/View/Middleware/ShareErrorsFromSession.php(49): Illuminate\\Pipeline\\Pipeline->Illuminate\\Pipeline\\{closure}(Object(Illuminate\\Http\\Request))
#24 /Users/appkey/Desktop/agungappkey/tugas-akhir/vendor/laravel/framework/src/Illuminate/Pipeline/Pipeline.php(183): Illuminate\\View\\Middleware\\ShareErrorsFromSession->handle(Object(Illuminate\\Http\\Request), Object(Closure))
#25 /Users/appkey/Desktop/agungappkey/tugas-akhir/vendor/laravel/framework/src/Illuminate/Session/Middleware/StartSession.php(121): Illuminate\\Pipeline\\Pipeline->Illuminate\\Pipeline\\{closure}(Object(Illuminate\\Http\\Request))
#26 /Users/appkey/Desktop/agungappkey/tugas-akhir/vendor/laravel/framework/src/Illuminate/Session/Middleware/StartSession.php(64): Illuminate\\Session\\Middleware\\StartSession->handleStatefulRequest(Object(Illuminate\\Http\\Request), Object(Illuminate\\Session\\Store), Object(Closure))
#27 /Users/appkey/Desktop/agungappkey/tugas-akhir/vendor/laravel/framework/src/Illuminate/Pipeline/Pipeline.php(183): Illuminate\\Session\\Middleware\\StartSession->handle(Object(Illuminate\\Http\\Request), Object(Closure))
#28 /Users/appkey/Desktop/agungappkey/tugas-akhir/vendor/laravel/framework/src/Illuminate/Cookie/Middleware/AddQueuedCookiesToResponse.php(37): Illuminate\\Pipeline\\Pipeline->Illuminate\\Pipeline\\{closure}(Object(Illuminate\\Http\\Request))
#29 /Users/appkey/Desktop/agungappkey/tugas-akhir/vendor/laravel/framework/src/Illuminate/Pipeline/Pipeline.php(183): Illuminate\\Cookie\\Middleware\\AddQueuedCookiesToResponse->handle(Object(Illuminate\\Http\\Request), Object(Closure))
#30 /Users/appkey/Desktop/agungappkey/tugas-akhir/vendor/laravel/framework/src/Illuminate/Cookie/Middleware/EncryptCookies.php(67): Illuminate\\Pipeline\\Pipeline->Illuminate\\Pipeline\\{closure}(Object(Illuminate\\Http\\Request))
#31 /Users/appkey/Desktop/agungappkey/tugas-akhir/vendor/laravel/framework/src/Illuminate/Pipeline/Pipeline.php(183): Illuminate\\Cookie\\Middleware\\EncryptCookies->handle(Object(Illuminate\\Http\\Request), Object(Closure))
#32 /Users/appkey/Desktop/agungappkey/tugas-akhir/vendor/laravel/framework/src/Illuminate/Pipeline/Pipeline.php(119): Illuminate\\Pipeline\\Pipeline->Illuminate\\Pipeline\\{closure}(Object(Illuminate\\Http\\Request))
#33 /Users/appkey/Desktop/agungappkey/tugas-akhir/vendor/laravel/framework/src/Illuminate/Routing/Router.php(805): Illuminate\\Pipeline\\Pipeline->then(Object(Closure))
#34 /Users/appkey/Desktop/agungappkey/tugas-akhir/vendor/laravel/framework/src/Illuminate/Routing/Router.php(784): Illuminate\\Routing\\Router->runRouteWithinStack(Object(Illuminate\\Routing\\Route), Object(Illuminate\\Http\\Request))
#35 /Users/appkey/Desktop/agungappkey/tugas-akhir/vendor/laravel/framework/src/Illuminate/Routing/Router.php(748): Illuminate\\Routing\\Router->runRoute(Object(Illuminate\\Http\\Request), Object(Illuminate\\Routing\\Route))
#36 /Users/appkey/Desktop/agungappkey/tugas-akhir/vendor/laravel/framework/src/Illuminate/Routing/Router.php(737): Illuminate\\Routing\\Router->dispatchToRoute(Object(Illuminate\\Http\\Request))
#37 /Users/appkey/Desktop/agungappkey/tugas-akhir/vendor/laravel/framework/src/Illuminate/Foundation/Http/Kernel.php(200): Illuminate\\Routing\\Router->dispatch(Object(Illuminate\\Http\\Request))
#38 /Users/appkey/Desktop/agungappkey/tugas-akhir/vendor/laravel/framework/src/Illuminate/Pipeline/Pipeline.php(144): Illuminate\\Foundation\\Http\\Kernel->Illuminate\\Foundation\\Http\\{closure}(Object(Illuminate\\Http\\Request))
#39 /Users/appkey/Desktop/agungappkey/tugas-akhir/vendor/laravel/framework/src/Illuminate/Foundation/Http/Middleware/TransformsRequest.php(21): Illuminate\\Pipeline\\Pipeline->Illuminate\\Pipeline\\{closure}(Object(Illuminate\\Http\\Request))
#40 /Users/appkey/Desktop/agungappkey/tugas-akhir/vendor/laravel/framework/src/Illuminate/Foundation/Http/Middleware/ConvertEmptyStringsToNull.php(31): Illuminate\\Foundation\\Http\\Middleware\\TransformsRequest->handle(Object(Illuminate\\Http\\Request), Object(Closure))
#41 /Users/appkey/Desktop/agungappkey/tugas-akhir/vendor/laravel/framework/src/Illuminate/Pipeline/Pipeline.php(183): Illuminate\\Foundation\\Http\\Middleware\\ConvertEmptyStringsToNull->handle(Object(Illuminate\\Http\\Request), Object(Closure))
#42 /Users/appkey/Desktop/agungappkey/tugas-akhir/vendor/laravel/framework/src/Illuminate/Foundation/Http/Middleware/TransformsRequest.php(21): Illuminate\\Pipeline\\Pipeline->Illuminate\\Pipeline\\{closure}(Object(Illuminate\\Http\\Request))
#43 /Users/appkey/Desktop/agungappkey/tugas-akhir/vendor/laravel/framework/src/Illuminate/Foundation/Http/Middleware/TrimStrings.php(40): Illuminate\\Foundation\\Http\\Middleware\\TransformsRequest->handle(Object(Illuminate\\Http\\Request), Object(Closure))
#44 /Users/appkey/Desktop/agungappkey/tugas-akhir/vendor/laravel/framework/src/Illuminate/Pipeline/Pipeline.php(183): Illuminate\\Foundation\\Http\\Middleware\\TrimStrings->handle(Object(Illuminate\\Http\\Request), Object(Closure))
#45 /Users/appkey/Desktop/agungappkey/tugas-akhir/vendor/laravel/framework/src/Illuminate/Foundation/Http/Middleware/ValidatePostSize.php(27): Illuminate\\Pipeline\\Pipeline->Illuminate\\Pipeline\\{closure}(Object(Illuminate\\Http\\Request))
#46 /Users/appkey/Desktop/agungappkey/tugas-akhir/vendor/laravel/framework/src/Illuminate/Pipeline/Pipeline.php(183): Illuminate\\Foundation\\Http\\Middleware\\ValidatePostSize->handle(Object(Illuminate\\Http\\Request), Object(Closure))
#47 /Users/appkey/Desktop/agungappkey/tugas-akhir/vendor/laravel/framework/src/Illuminate/Foundation/Http/Middleware/PreventRequestsDuringMaintenance.php(99): Illuminate\\Pipeline\\Pipeline->Illuminate\\Pipeline\\{closure}(Object(Illuminate\\Http\\Request))
#48 /Users/appkey/Desktop/agungappkey/tugas-akhir/vendor/laravel/framework/src/Illuminate/Pipeline/Pipeline.php(183): Illuminate\\Foundation\\Http\\Middleware\\PreventRequestsDuringMaintenance->handle(Object(Illuminate\\Http\\Request), Object(Closure))
#49 /Users/appkey/Desktop/agungappkey/tugas-akhir/vendor/laravel/framework/src/Illuminate/Http/Middleware/HandleCors.php(49): Illuminate\\Pipeline\\Pipeline->Illuminate\\Pipeline\\{closure}(Object(Illuminate\\Http\\Request))
#50 /Users/appkey/Desktop/agungappkey/tugas-akhir/vendor/laravel/framework/src/Illuminate/Pipeline/Pipeline.php(183): Illuminate\\Http\\Middleware\\HandleCors->handle(Object(Illuminate\\Http\\Request), Object(Closure))
#51 /Users/appkey/Desktop/agungappkey/tugas-akhir/vendor/laravel/framework/src/Illuminate/Http/Middleware/TrustProxies.php(39): Illuminate\\Pipeline\\Pipeline->Illuminate\\Pipeline\\{closure}(Object(Illuminate\\Http\\Request))
#52 /Users/appkey/Desktop/agungappkey/tugas-akhir/vendor/laravel/framework/src/Illuminate/Pipeline/Pipeline.php(183): Illuminate\\Http\\Middleware\\TrustProxies->handle(Object(Illuminate\\Http\\Request), Object(Closure))
#53 /Users/appkey/Desktop/agungappkey/tugas-akhir/vendor/laravel/framework/src/Illuminate/Pipeline/Pipeline.php(119): Illuminate\\Pipeline\\Pipeline->Illuminate\\Pipeline\\{closure}(Object(Illuminate\\Http\\Request))
#54 /Users/appkey/Desktop/agungappkey/tugas-akhir/vendor/laravel/framework/src/Illuminate/Foundation/Http/Kernel.php(175): Illuminate\\Pipeline\\Pipeline->then(Object(Closure))
#55 /Users/appkey/Desktop/agungappkey/tugas-akhir/vendor/laravel/framework/src/Illuminate/Foundation/Http/Kernel.php(144): Illuminate\\Foundation\\Http\\Kernel->sendRequestThroughRouter(Object(Illuminate\\Http\\Request))
#56 /Users/appkey/Desktop/agungappkey/tugas-akhir/public/index.php(51): Illuminate\\Foundation\\Http\\Kernel->handle(Object(Illuminate\\Http\\Request))
#57 /Users/appkey/Desktop/agungappkey/tugas-akhir/vendor/laravel/framework/src/Illuminate/Foundation/resources/server.php(16): require_once('/Users/appkey/D...')
#58 {main}
"} 
[2025-12-06 08:49:59] laravel.INFO: User last login updated {"user_id":105,"email":"jodi.appkey@gmail.com","previous_login":null,"current_login":"2025-12-06 08:49:59"} 
[2025-12-06 08:58:44] laravel.EMERGENCY: Unable to create configured logger. Using emergency logger. {"exception":"[object] (ErrorException(code: 0): Undefined array key \"channels\" at /Users/appkey/Desktop/agungappkey/tugas-akhir/vendor/laravel/framework/src/Illuminate/Log/LogManager.php:260)
[stacktrace]
#0 /Users/appkey/Desktop/agungappkey/tugas-akhir/vendor/laravel/framework/src/Illuminate/Foundation/Bootstrap/HandleExceptions.php(255): Illuminate\\Foundation\\Bootstrap\\HandleExceptions->handleError(2, 'Undefined array...', '/Users/appkey/D...', 260)
#1 /Users/appkey/Desktop/agungappkey/tugas-akhir/vendor/laravel/framework/src/Illuminate/Log/LogManager.php(260): Illuminate\\Foundation\\Bootstrap\\HandleExceptions->Illuminate\\Foundation\\Bootstrap\\{closure}(2, 'Undefined array...', '/Users/appkey/D...', 260)
#2 /Users/appkey/Desktop/agungappkey/tugas-akhir/vendor/laravel/framework/src/Illuminate/Log/LogManager.php(222): Illuminate\\Log\\LogManager->createStackDriver(Array)
#3 /Users/appkey/Desktop/agungappkey/tugas-akhir/vendor/laravel/framework/src/Illuminate/Log/LogManager.php(137): Illuminate\\Log\\LogManager->resolve('stack', Array)
#4 /Users/appkey/Desktop/agungappkey/tugas-akhir/vendor/laravel/framework/src/Illuminate/Log/LogManager.php(124): Illuminate\\Log\\LogManager->get('stack')
#5 /Users/appkey/Desktop/agungappkey/tugas-akhir/vendor/laravel/framework/src/Illuminate/Log/LogManager.php(722): Illuminate\\Log\\LogManager->driver()
#6 /Users/appkey/Desktop/agungappkey/tugas-akhir/vendor/laravel/framework/src/Illuminate/Support/Facades/Facade.php(355): Illuminate\\Log\\LogManager->info('User registrati...', Array)
#7 /Users/appkey/Desktop/agungappkey/tugas-akhir/app/Http/Controllers/Auth/RegisteredUserController.php(34): Illuminate\\Support\\Facades\\Facade::__callStatic('info', Array)
#8 /Users/appkey/Desktop/agungappkey/tugas-akhir/vendor/laravel/framework/src/Illuminate/Routing/Controller.php(54): App\\Http\\Controllers\\Auth\\RegisteredUserController->store(Object(Illuminate\\Http\\Request))
#9 /Users/appkey/Desktop/agungappkey/tugas-akhir/vendor/laravel/framework/src/Illuminate/Routing/ControllerDispatcher.php(43): Illuminate\\Routing\\Controller->callAction('store', Array)
#10 /Users/appkey/Desktop/agungappkey/tugas-akhir/vendor/laravel/framework/src/Illuminate/Routing/Route.php(259): Illuminate\\Routing\\ControllerDispatcher->dispatch(Object(Illuminate\\Routing\\Route), Object(App\\Http\\Controllers\\Auth\\RegisteredUserController), 'store')
#11 /Users/appkey/Desktop/agungappkey/tugas-akhir/vendor/laravel/framework/src/Illuminate/Routing/Route.php(205): Illuminate\\Routing\\Route->runController()
#12 /Users/appkey/Desktop/agungappkey/tugas-akhir/vendor/laravel/framework/src/Illuminate/Routing/Router.php(806): Illuminate\\Routing\\Route->run()
#13 /Users/appkey/Desktop/agungappkey/tugas-akhir/vendor/laravel/framework/src/Illuminate/Pipeline/Pipeline.php(144): Illuminate\\Routing\\Router->Illuminate\\Routing\\{closure}(Object(Illuminate\\Http\\Request))
#14 /Users/appkey/Desktop/agungappkey/tugas-akhir/app/Http/Middleware/RedirectIfAuthenticated.php(27): Illuminate\\Pipeline\\Pipeline->Illuminate\\Pipeline\\{closure}(Object(Illuminate\\Http\\Request))
#15 /Users/appkey/Desktop/agungappkey/tugas-akhir/vendor/laravel/framework/src/Illuminate/Pipeline/Pipeline.php(183): App\\Http\\Middleware\\RedirectIfAuthenticated->handle(Object(Illuminate\\Http\\Request), Object(Closure))
#16 /Users/appkey/Desktop/agungappkey/tugas-akhir/app/Http/Middleware/SetLocale.php(36): Illuminate\\Pipeline\\Pipeline->Illuminate\\Pipeline\\{closure}(Object(Illuminate\\Http\\Request))
#17 /Users/appkey/Desktop/agungappkey/tugas-akhir/vendor/laravel/framework/src/Illuminate/Pipeline/Pipeline.php(183): App\\Http\\Middleware\\SetLocale->handle(Object(Illuminate\\Http\\Request), Object(Closure))
#18 /Users/appkey/Desktop/agungappkey/tugas-akhir/vendor/laravel/framework/src/Illuminate/Routing/Middleware/SubstituteBindings.php(50): Illuminate\\Pipeline\\Pipeline->Illuminate\\Pipeline\\{closure}(Object(Illuminate\\Http\\Request))
#19 /Users/appkey/Desktop/agungappkey/tugas-akhir/vendor/laravel/framework/src/Illuminate/Pipeline/Pipeline.php(183): Illuminate\\Routing\\Middleware\\SubstituteBindings->handle(Object(Illuminate\\Http\\Request), Object(Closure))
#20 /Users/appkey/Desktop/agungappkey/tugas-akhir/vendor/laravel/framework/src/Illuminate/Foundation/Http/Middleware/VerifyCsrfToken.php(78): Illuminate\\Pipeline\\Pipeline->Illuminate\\Pipeline\\{closure}(Object(Illuminate\\Http\\Request))
#21 /Users/appkey/Desktop/agungappkey/tugas-akhir/vendor/laravel/framework/src/Illuminate/Pipeline/Pipeline.php(183): Illuminate\\Foundation\\Http\\Middleware\\VerifyCsrfToken->handle(Object(Illuminate\\Http\\Request), Object(Closure))
#22 /Users/appkey/Desktop/agungappkey/tugas-akhir/vendor/laravel/framework/src/Illuminate/View/Middleware/ShareErrorsFromSession.php(49): Illuminate\\Pipeline\\Pipeline->Illuminate\\Pipeline\\{closure}(Object(Illuminate\\Http\\Request))
#23 /Users/appkey/Desktop/agungappkey/tugas-akhir/vendor/laravel/framework/src/Illuminate/Pipeline/Pipeline.php(183): Illuminate\\View\\Middleware\\ShareErrorsFromSession->handle(Object(Illuminate\\Http\\Request), Object(Closure))
#24 /Users/appkey/Desktop/agungappkey/tugas-akhir/vendor/laravel/framework/src/Illuminate/Session/Middleware/StartSession.php(121): Illuminate\\Pipeline\\Pipeline->Illuminate\\Pipeline\\{closure}(Object(Illuminate\\Http\\Request))
#25 /Users/appkey/Desktop/agungappkey/tugas-akhir/vendor/laravel/framework/src/Illuminate/Session/Middleware/StartSession.php(64): Illuminate\\Session\\Middleware\\StartSession->handleStatefulRequest(Object(Illuminate\\Http\\Request), Object(Illuminate\\Session\\Store), Object(Closure))
#26 /Users/appkey/Desktop/agungappkey/tugas-akhir/vendor/laravel/framework/src/Illuminate/Pipeline/Pipeline.php(183): Illuminate\\Session\\Middleware\\StartSession->handle(Object(Illuminate\\Http\\Request), Object(Closure))
#27 /Users/appkey/Desktop/agungappkey/tugas-akhir/vendor/laravel/framework/src/Illuminate/Cookie/Middleware/AddQueuedCookiesToResponse.php(37): Illuminate\\Pipeline\\Pipeline->Illuminate\\Pipeline\\{closure}(Object(Illuminate\\Http\\Request))
#28 /Users/appkey/Desktop/agungappkey/tugas-akhir/vendor/laravel/framework/src/Illuminate/Pipeline/Pipeline.php(183): Illuminate\\Cookie\\Middleware\\AddQueuedCookiesToResponse->handle(Object(Illuminate\\Http\\Request), Object(Closure))
#29 /Users/appkey/Desktop/agungappkey/tugas-akhir/vendor/laravel/framework/src/Illuminate/Cookie/Middleware/EncryptCookies.php(67): Illuminate\\Pipeline\\Pipeline->Illuminate\\Pipeline\\{closure}(Object(Illuminate\\Http\\Request))
#30 /Users/appkey/Desktop/agungappkey/tugas-akhir/vendor/laravel/framework/src/Illuminate/Pipeline/Pipeline.php(183): Illuminate\\Cookie\\Middleware\\EncryptCookies->handle(Object(Illuminate\\Http\\Request), Object(Closure))
#31 /Users/appkey/Desktop/agungappkey/tugas-akhir/vendor/laravel/framework/src/Illuminate/Pipeline/Pipeline.php(119): Illuminate\\Pipeline\\Pipeline->Illuminate\\Pipeline\\{closure}(Object(Illuminate\\Http\\Request))
#32 /Users/appkey/Desktop/agungappkey/tugas-akhir/vendor/laravel/framework/src/Illuminate/Routing/Router.php(805): Illuminate\\Pipeline\\Pipeline->then(Object(Closure))
#33 /Users/appkey/Desktop/agungappkey/tugas-akhir/vendor/laravel/framework/src/Illuminate/Routing/Router.php(784): Illuminate\\Routing\\Router->runRouteWithinStack(Object(Illuminate\\Routing\\Route), Object(Illuminate\\Http\\Request))
#34 /Users/appkey/Desktop/agungappkey/tugas-akhir/vendor/laravel/framework/src/Illuminate/Routing/Router.php(748): Illuminate\\Routing\\Router->runRoute(Object(Illuminate\\Http\\Request), Object(Illuminate\\Routing\\Route))
#35 /Users/appkey/Desktop/agungappkey/tugas-akhir/vendor/laravel/framework/src/Illuminate/Routing/Router.php(737): Illuminate\\Routing\\Router->dispatchToRoute(Object(Illuminate\\Http\\Request))
#36 /Users/appkey/Desktop/agungappkey/tugas-akhir/vendor/laravel/framework/src/Illuminate/Foundation/Http/Kernel.php(200): Illuminate\\Routing\\Router->dispatch(Object(Illuminate\\Http\\Request))
#37 /Users/appkey/Desktop/agungappkey/tugas-akhir/vendor/laravel/framework/src/Illuminate/Pipeline/Pipeline.php(144): Illuminate\\Foundation\\Http\\Kernel->Illuminate\\Foundation\\Http\\{closure}(Object(Illuminate\\Http\\Request))
#38 /Users/appkey/Desktop/agungappkey/tugas-akhir/vendor/laravel/framework/src/Illuminate/Foundation/Http/Middleware/TransformsRequest.php(21): Illuminate\\Pipeline\\Pipeline->Illuminate\\Pipeline\\{closure}(Object(Illuminate\\Http\\Request))
#39 /Users/appkey/Desktop/agungappkey/tugas-akhir/vendor/laravel/framework/src/Illuminate/Foundation/Http/Middleware/ConvertEmptyStringsToNull.php(31): Illuminate\\Foundation\\Http\\Middleware\\TransformsRequest->handle(Object(Illuminate\\Http\\Request), Object(Closure))
#40 /Users/appkey/Desktop/agungappkey/tugas-akhir/vendor/laravel/framework/src/Illuminate/Pipeline/Pipeline.php(183): Illuminate\\Foundation\\Http\\Middleware\\ConvertEmptyStringsToNull->handle(Object(Illuminate\\Http\\Request), Object(Closure))
#41 /Users/appkey/Desktop/agungappkey/tugas-akhir/vendor/laravel/framework/src/Illuminate/Foundation/Http/Middleware/TransformsRequest.php(21): Illuminate\\Pipeline\\Pipeline->Illuminate\\Pipeline\\{closure}(Object(Illuminate\\Http\\Request))
#42 /Users/appkey/Desktop/agungappkey/tugas-akhir/vendor/laravel/framework/src/Illuminate/Foundation/Http/Middleware/TrimStrings.php(40): Illuminate\\Foundation\\Http\\Middleware\\TransformsRequest->handle(Object(Illuminate\\Http\\Request), Object(Closure))
#43 /Users/appkey/Desktop/agungappkey/tugas-akhir/vendor/laravel/framework/src/Illuminate/Pipeline/Pipeline.php(183): Illuminate\\Foundation\\Http\\Middleware\\TrimStrings->handle(Object(Illuminate\\Http\\Request), Object(Closure))
#44 /Users/appkey/Desktop/agungappkey/tugas-akhir/vendor/laravel/framework/src/Illuminate/Foundation/Http/Middleware/ValidatePostSize.php(27): Illuminate\\Pipeline\\Pipeline->Illuminate\\Pipeline\\{closure}(Object(Illuminate\\Http\\Request))
#45 /Users/appkey/Desktop/agungappkey/tugas-akhir/vendor/laravel/framework/src/Illuminate/Pipeline/Pipeline.php(183): Illuminate\\Foundation\\Http\\Middleware\\ValidatePostSize->handle(Object(Illuminate\\Http\\Request), Object(Closure))
#46 /Users/appkey/Desktop/agungappkey/tugas-akhir/vendor/laravel/framework/src/Illuminate/Foundation/Http/Middleware/PreventRequestsDuringMaintenance.php(99): Illuminate\\Pipeline\\Pipeline->Illuminate\\Pipeline\\{closure}(Object(Illuminate\\Http\\Request))
#47 /Users/appkey/Desktop/agungappkey/tugas-akhir/vendor/laravel/framework/src/Illuminate/Pipeline/Pipeline.php(183): Illuminate\\Foundation\\Http\\Middleware\\PreventRequestsDuringMaintenance->handle(Object(Illuminate\\Http\\Request), Object(Closure))
#48 /Users/appkey/Desktop/agungappkey/tugas-akhir/vendor/laravel/framework/src/Illuminate/Http/Middleware/HandleCors.php(49): Illuminate\\Pipeline\\Pipeline->Illuminate\\Pipeline\\{closure}(Object(Illuminate\\Http\\Request))
#49 /Users/appkey/Desktop/agungappkey/tugas-akhir/vendor/laravel/framework/src/Illuminate/Pipeline/Pipeline.php(183): Illuminate\\Http\\Middleware\\HandleCors->handle(Object(Illuminate\\Http\\Request), Object(Closure))
#50 /Users/appkey/Desktop/agungappkey/tugas-akhir/vendor/laravel/framework/src/Illuminate/Http/Middleware/TrustProxies.php(39): Illuminate\\Pipeline\\Pipeline->Illuminate\\Pipeline\\{closure}(Object(Illuminate\\Http\\Request))
#51 /Users/appkey/Desktop/agungappkey/tugas-akhir/vendor/laravel/framework/src/Illuminate/Pipeline/Pipeline.php(183): Illuminate\\Http\\Middleware\\TrustProxies->handle(Object(Illuminate\\Http\\Request), Object(Closure))
#52 /Users/appkey/Desktop/agungappkey/tugas-akhir/vendor/laravel/framework/src/Illuminate/Pipeline/Pipeline.php(119): Illuminate\\Pipeline\\Pipeline->Illuminate\\Pipeline\\{closure}(Object(Illuminate\\Http\\Request))
#53 /Users/appkey/Desktop/agungappkey/tugas-akhir/vendor/laravel/framework/src/Illuminate/Foundation/Http/Kernel.php(175): Illuminate\\Pipeline\\Pipeline->then(Object(Closure))
#54 /Users/appkey/Desktop/agungappkey/tugas-akhir/vendor/laravel/framework/src/Illuminate/Foundation/Http/Kernel.php(144): Illuminate\\Foundation\\Http\\Kernel->sendRequestThroughRouter(Object(Illuminate\\Http\\Request))
#55 /Users/appkey/Desktop/agungappkey/tugas-akhir/public/index.php(51): Illuminate\\Foundation\\Http\\Kernel->handle(Object(Illuminate\\Http\\Request))
#56 /Users/appkey/Desktop/agungappkey/tugas-akhir/vendor/laravel/framework/src/Illuminate/Foundation/resources/server.php(16): require_once('/Users/appkey/D...')
#57 {main}
"} 
[2025-12-06 08:58:44] laravel.INFO: User registration attempt {"email":"gunakanlahakunini@gmail.com","name":"beecool","ip":"127.0.0.1","user_agent":"Mozilla/5.0 (X11; Linux x86_64) AppleWebKit/537.36 (KHTML, like Gecko) Chrome/143.0.0.0 Safari/537.36 Edg/143.0.0.0"} 
[2025-12-06 08:58:44] laravel.EMERGENCY: Unable to create configured logger. Using emergency logger. {"exception":"[object] (ErrorException(code: 0): Undefined array key \"channels\" at /Users/appkey/Desktop/agungappkey/tugas-akhir/vendor/laravel/framework/src/Illuminate/Log/LogManager.php:260)
[stacktrace]
#0 /Users/appkey/Desktop/agungappkey/tugas-akhir/vendor/laravel/framework/src/Illuminate/Foundation/Bootstrap/HandleExceptions.php(255): Illuminate\\Foundation\\Bootstrap\\HandleExceptions->handleError(2, 'Undefined array...', '/Users/appkey/D...', 260)
#1 /Users/appkey/Desktop/agungappkey/tugas-akhir/vendor/laravel/framework/src/Illuminate/Log/LogManager.php(260): Illuminate\\Foundation\\Bootstrap\\HandleExceptions->Illuminate\\Foundation\\Bootstrap\\{closure}(2, 'Undefined array...', '/Users/appkey/D...', 260)
#2 /Users/appkey/Desktop/agungappkey/tugas-akhir/vendor/laravel/framework/src/Illuminate/Log/LogManager.php(222): Illuminate\\Log\\LogManager->createStackDriver(Array)
#3 /Users/appkey/Desktop/agungappkey/tugas-akhir/vendor/laravel/framework/src/Illuminate/Log/LogManager.php(137): Illuminate\\Log\\LogManager->resolve('stack', Array)
#4 /Users/appkey/Desktop/agungappkey/tugas-akhir/vendor/laravel/framework/src/Illuminate/Log/LogManager.php(124): Illuminate\\Log\\LogManager->get('stack')
#5 /Users/appkey/Desktop/agungappkey/tugas-akhir/vendor/laravel/framework/src/Illuminate/Log/LogManager.php(722): Illuminate\\Log\\LogManager->driver()
#6 /Users/appkey/Desktop/agungappkey/tugas-akhir/vendor/laravel/framework/src/Illuminate/Support/Facades/Facade.php(355): Illuminate\\Log\\LogManager->info('User registered...', Array)
#7 /Users/appkey/Desktop/agungappkey/tugas-akhir/app/Http/Controllers/Auth/RegisteredUserController.php(67): Illuminate\\Support\\Facades\\Facade::__callStatic('info', Array)
#8 /Users/appkey/Desktop/agungappkey/tugas-akhir/vendor/laravel/framework/src/Illuminate/Routing/Controller.php(54): App\\Http\\Controllers\\Auth\\RegisteredUserController->store(Object(Illuminate\\Http\\Request))
#9 /Users/appkey/Desktop/agungappkey/tugas-akhir/vendor/laravel/framework/src/Illuminate/Routing/ControllerDispatcher.php(43): Illuminate\\Routing\\Controller->callAction('store', Array)
#10 /Users/appkey/Desktop/agungappkey/tugas-akhir/vendor/laravel/framework/src/Illuminate/Routing/Route.php(259): Illuminate\\Routing\\ControllerDispatcher->dispatch(Object(Illuminate\\Routing\\Route), Object(App\\Http\\Controllers\\Auth\\RegisteredUserController), 'store')
#11 /Users/appkey/Desktop/agungappkey/tugas-akhir/vendor/laravel/framework/src/Illuminate/Routing/Route.php(205): Illuminate\\Routing\\Route->runController()
#12 /Users/appkey/Desktop/agungappkey/tugas-akhir/vendor/laravel/framework/src/Illuminate/Routing/Router.php(806): Illuminate\\Routing\\Route->run()
#13 /Users/appkey/Desktop/agungappkey/tugas-akhir/vendor/laravel/framework/src/Illuminate/Pipeline/Pipeline.php(144): Illuminate\\Routing\\Router->Illuminate\\Routing\\{closure}(Object(Illuminate\\Http\\Request))
#14 /Users/appkey/Desktop/agungappkey/tugas-akhir/app/Http/Middleware/RedirectIfAuthenticated.php(27): Illuminate\\Pipeline\\Pipeline->Illuminate\\Pipeline\\{closure}(Object(Illuminate\\Http\\Request))
#15 /Users/appkey/Desktop/agungappkey/tugas-akhir/vendor/laravel/framework/src/Illuminate/Pipeline/Pipeline.php(183): App\\Http\\Middleware\\RedirectIfAuthenticated->handle(Object(Illuminate\\Http\\Request), Object(Closure))
#16 /Users/appkey/Desktop/agungappkey/tugas-akhir/app/Http/Middleware/SetLocale.php(36): Illuminate\\Pipeline\\Pipeline->Illuminate\\Pipeline\\{closure}(Object(Illuminate\\Http\\Request))
#17 /Users/appkey/Desktop/agungappkey/tugas-akhir/vendor/laravel/framework/src/Illuminate/Pipeline/Pipeline.php(183): App\\Http\\Middleware\\SetLocale->handle(Object(Illuminate\\Http\\Request), Object(Closure))
#18 /Users/appkey/Desktop/agungappkey/tugas-akhir/vendor/laravel/framework/src/Illuminate/Routing/Middleware/SubstituteBindings.php(50): Illuminate\\Pipeline\\Pipeline->Illuminate\\Pipeline\\{closure}(Object(Illuminate\\Http\\Request))
#19 /Users/appkey/Desktop/agungappkey/tugas-akhir/vendor/laravel/framework/src/Illuminate/Pipeline/Pipeline.php(183): Illuminate\\Routing\\Middleware\\SubstituteBindings->handle(Object(Illuminate\\Http\\Request), Object(Closure))
#20 /Users/appkey/Desktop/agungappkey/tugas-akhir/vendor/laravel/framework/src/Illuminate/Foundation/Http/Middleware/VerifyCsrfToken.php(78): Illuminate\\Pipeline\\Pipeline->Illuminate\\Pipeline\\{closure}(Object(Illuminate\\Http\\Request))
#21 /Users/appkey/Desktop/agungappkey/tugas-akhir/vendor/laravel/framework/src/Illuminate/Pipeline/Pipeline.php(183): Illuminate\\Foundation\\Http\\Middleware\\VerifyCsrfToken->handle(Object(Illuminate\\Http\\Request), Object(Closure))
#22 /Users/appkey/Desktop/agungappkey/tugas-akhir/vendor/laravel/framework/src/Illuminate/View/Middleware/ShareErrorsFromSession.php(49): Illuminate\\Pipeline\\Pipeline->Illuminate\\Pipeline\\{closure}(Object(Illuminate\\Http\\Request))
#23 /Users/appkey/Desktop/agungappkey/tugas-akhir/vendor/laravel/framework/src/Illuminate/Pipeline/Pipeline.php(183): Illuminate\\View\\Middleware\\ShareErrorsFromSession->handle(Object(Illuminate\\Http\\Request), Object(Closure))
#24 /Users/appkey/Desktop/agungappkey/tugas-akhir/vendor/laravel/framework/src/Illuminate/Session/Middleware/StartSession.php(121): Illuminate\\Pipeline\\Pipeline->Illuminate\\Pipeline\\{closure}(Object(Illuminate\\Http\\Request))
#25 /Users/appkey/Desktop/agungappkey/tugas-akhir/vendor/laravel/framework/src/Illuminate/Session/Middleware/StartSession.php(64): Illuminate\\Session\\Middleware\\StartSession->handleStatefulRequest(Object(Illuminate\\Http\\Request), Object(Illuminate\\Session\\Store), Object(Closure))
#26 /Users/appkey/Desktop/agungappkey/tugas-akhir/vendor/laravel/framework/src/Illuminate/Pipeline/Pipeline.php(183): Illuminate\\Session\\Middleware\\StartSession->handle(Object(Illuminate\\Http\\Request), Object(Closure))
#27 /Users/appkey/Desktop/agungappkey/tugas-akhir/vendor/laravel/framework/src/Illuminate/Cookie/Middleware/AddQueuedCookiesToResponse.php(37): Illuminate\\Pipeline\\Pipeline->Illuminate\\Pipeline\\{closure}(Object(Illuminate\\Http\\Request))
#28 /Users/appkey/Desktop/agungappkey/tugas-akhir/vendor/laravel/framework/src/Illuminate/Pipeline/Pipeline.php(183): Illuminate\\Cookie\\Middleware\\AddQueuedCookiesToResponse->handle(Object(Illuminate\\Http\\Request), Object(Closure))
#29 /Users/appkey/Desktop/agungappkey/tugas-akhir/vendor/laravel/framework/src/Illuminate/Cookie/Middleware/EncryptCookies.php(67): Illuminate\\Pipeline\\Pipeline->Illuminate\\Pipeline\\{closure}(Object(Illuminate\\Http\\Request))
#30 /Users/appkey/Desktop/agungappkey/tugas-akhir/vendor/laravel/framework/src/Illuminate/Pipeline/Pipeline.php(183): Illuminate\\Cookie\\Middleware\\EncryptCookies->handle(Object(Illuminate\\Http\\Request), Object(Closure))
#31 /Users/appkey/Desktop/agungappkey/tugas-akhir/vendor/laravel/framework/src/Illuminate/Pipeline/Pipeline.php(119): Illuminate\\Pipeline\\Pipeline->Illuminate\\Pipeline\\{closure}(Object(Illuminate\\Http\\Request))
#32 /Users/appkey/Desktop/agungappkey/tugas-akhir/vendor/laravel/framework/src/Illuminate/Routing/Router.php(805): Illuminate\\Pipeline\\Pipeline->then(Object(Closure))
#33 /Users/appkey/Desktop/agungappkey/tugas-akhir/vendor/laravel/framework/src/Illuminate/Routing/Router.php(784): Illuminate\\Routing\\Router->runRouteWithinStack(Object(Illuminate\\Routing\\Route), Object(Illuminate\\Http\\Request))
#34 /Users/appkey/Desktop/agungappkey/tugas-akhir/vendor/laravel/framework/src/Illuminate/Routing/Router.php(748): Illuminate\\Routing\\Router->runRoute(Object(Illuminate\\Http\\Request), Object(Illuminate\\Routing\\Route))
#35 /Users/appkey/Desktop/agungappkey/tugas-akhir/vendor/laravel/framework/src/Illuminate/Routing/Router.php(737): Illuminate\\Routing\\Router->dispatchToRoute(Object(Illuminate\\Http\\Request))
#36 /Users/appkey/Desktop/agungappkey/tugas-akhir/vendor/laravel/framework/src/Illuminate/Foundation/Http/Kernel.php(200): Illuminate\\Routing\\Router->dispatch(Object(Illuminate\\Http\\Request))
#37 /Users/appkey/Desktop/agungappkey/tugas-akhir/vendor/laravel/framework/src/Illuminate/Pipeline/Pipeline.php(144): Illuminate\\Foundation\\Http\\Kernel->Illuminate\\Foundation\\Http\\{closure}(Object(Illuminate\\Http\\Request))
#38 /Users/appkey/Desktop/agungappkey/tugas-akhir/vendor/laravel/framework/src/Illuminate/Foundation/Http/Middleware/TransformsRequest.php(21): Illuminate\\Pipeline\\Pipeline->Illuminate\\Pipeline\\{closure}(Object(Illuminate\\Http\\Request))
#39 /Users/appkey/Desktop/agungappkey/tugas-akhir/vendor/laravel/framework/src/Illuminate/Foundation/Http/Middleware/ConvertEmptyStringsToNull.php(31): Illuminate\\Foundation\\Http\\Middleware\\TransformsRequest->handle(Object(Illuminate\\Http\\Request), Object(Closure))
#40 /Users/appkey/Desktop/agungappkey/tugas-akhir/vendor/laravel/framework/src/Illuminate/Pipeline/Pipeline.php(183): Illuminate\\Foundation\\Http\\Middleware\\ConvertEmptyStringsToNull->handle(Object(Illuminate\\Http\\Request), Object(Closure))
#41 /Users/appkey/Desktop/agungappkey/tugas-akhir/vendor/laravel/framework/src/Illuminate/Foundation/Http/Middleware/TransformsRequest.php(21): Illuminate\\Pipeline\\Pipeline->Illuminate\\Pipeline\\{closure}(Object(Illuminate\\Http\\Request))
#42 /Users/appkey/Desktop/agungappkey/tugas-akhir/vendor/laravel/framework/src/Illuminate/Foundation/Http/Middleware/TrimStrings.php(40): Illuminate\\Foundation\\Http\\Middleware\\TransformsRequest->handle(Object(Illuminate\\Http\\Request), Object(Closure))
#43 /Users/appkey/Desktop/agungappkey/tugas-akhir/vendor/laravel/framework/src/Illuminate/Pipeline/Pipeline.php(183): Illuminate\\Foundation\\Http\\Middleware\\TrimStrings->handle(Object(Illuminate\\Http\\Request), Object(Closure))
#44 /Users/appkey/Desktop/agungappkey/tugas-akhir/vendor/laravel/framework/src/Illuminate/Foundation/Http/Middleware/ValidatePostSize.php(27): Illuminate\\Pipeline\\Pipeline->Illuminate\\Pipeline\\{closure}(Object(Illuminate\\Http\\Request))
#45 /Users/appkey/Desktop/agungappkey/tugas-akhir/vendor/laravel/framework/src/Illuminate/Pipeline/Pipeline.php(183): Illuminate\\Foundation\\Http\\Middleware\\ValidatePostSize->handle(Object(Illuminate\\Http\\Request), Object(Closure))
#46 /Users/appkey/Desktop/agungappkey/tugas-akhir/vendor/laravel/framework/src/Illuminate/Foundation/Http/Middleware/PreventRequestsDuringMaintenance.php(99): Illuminate\\Pipeline\\Pipeline->Illuminate\\Pipeline\\{closure}(Object(Illuminate\\Http\\Request))
#47 /Users/appkey/Desktop/agungappkey/tugas-akhir/vendor/laravel/framework/src/Illuminate/Pipeline/Pipeline.php(183): Illuminate\\Foundation\\Http\\Middleware\\PreventRequestsDuringMaintenance->handle(Object(Illuminate\\Http\\Request), Object(Closure))
#48 /Users/appkey/Desktop/agungappkey/tugas-akhir/vendor/laravel/framework/src/Illuminate/Http/Middleware/HandleCors.php(49): Illuminate\\Pipeline\\Pipeline->Illuminate\\Pipeline\\{closure}(Object(Illuminate\\Http\\Request))
#49 /Users/appkey/Desktop/agungappkey/tugas-akhir/vendor/laravel/framework/src/Illuminate/Pipeline/Pipeline.php(183): Illuminate\\Http\\Middleware\\HandleCors->handle(Object(Illuminate\\Http\\Request), Object(Closure))
#50 /Users/appkey/Desktop/agungappkey/tugas-akhir/vendor/laravel/framework/src/Illuminate/Http/Middleware/TrustProxies.php(39): Illuminate\\Pipeline\\Pipeline->Illuminate\\Pipeline\\{closure}(Object(Illuminate\\Http\\Request))
#51 /Users/appkey/Desktop/agungappkey/tugas-akhir/vendor/laravel/framework/src/Illuminate/Pipeline/Pipeline.php(183): Illuminate\\Http\\Middleware\\TrustProxies->handle(Object(Illuminate\\Http\\Request), Object(Closure))
#52 /Users/appkey/Desktop/agungappkey/tugas-akhir/vendor/laravel/framework/src/Illuminate/Pipeline/Pipeline.php(119): Illuminate\\Pipeline\\Pipeline->Illuminate\\Pipeline\\{closure}(Object(Illuminate\\Http\\Request))
#53 /Users/appkey/Desktop/agungappkey/tugas-akhir/vendor/laravel/framework/src/Illuminate/Foundation/Http/Kernel.php(175): Illuminate\\Pipeline\\Pipeline->then(Object(Closure))
#54 /Users/appkey/Desktop/agungappkey/tugas-akhir/vendor/laravel/framework/src/Illuminate/Foundation/Http/Kernel.php(144): Illuminate\\Foundation\\Http\\Kernel->sendRequestThroughRouter(Object(Illuminate\\Http\\Request))
#55 /Users/appkey/Desktop/agungappkey/tugas-akhir/public/index.php(51): Illuminate\\Foundation\\Http\\Kernel->handle(Object(Illuminate\\Http\\Request))
#56 /Users/appkey/Desktop/agungappkey/tugas-akhir/vendor/laravel/framework/src/Illuminate/Foundation/resources/server.php(16): require_once('/Users/appkey/D...')
#57 {main}
"} 
[2025-12-06 08:58:44] laravel.INFO: User registered successfully {"user_id":106,"email":"gunakanlahakunini@gmail.com","name":"beecool","role":"pelanggan","is_active":true,"verification_required":true,"ip":"127.0.0.1"} 
[2025-12-06 08:59:41] laravel.EMERGENCY: Unable to create configured logger. Using emergency logger. {"exception":"[object] (ErrorException(code: 0): Undefined array key \"channels\" at /Users/appkey/Desktop/agungappkey/tugas-akhir/vendor/laravel/framework/src/Illuminate/Log/LogManager.php:260)
[stacktrace]
#0 /Users/appkey/Desktop/agungappkey/tugas-akhir/vendor/laravel/framework/src/Illuminate/Foundation/Bootstrap/HandleExceptions.php(255): Illuminate\\Foundation\\Bootstrap\\HandleExceptions->handleError(2, 'Undefined array...', '/Users/appkey/D...', 260)
#1 /Users/appkey/Desktop/agungappkey/tugas-akhir/vendor/laravel/framework/src/Illuminate/Log/LogManager.php(260): Illuminate\\Foundation\\Bootstrap\\HandleExceptions->Illuminate\\Foundation\\Bootstrap\\{closure}(2, 'Undefined array...', '/Users/appkey/D...', 260)
#2 /Users/appkey/Desktop/agungappkey/tugas-akhir/vendor/laravel/framework/src/Illuminate/Log/LogManager.php(222): Illuminate\\Log\\LogManager->createStackDriver(Array)
#3 /Users/appkey/Desktop/agungappkey/tugas-akhir/vendor/laravel/framework/src/Illuminate/Log/LogManager.php(137): Illuminate\\Log\\LogManager->resolve('stack', Array)
#4 /Users/appkey/Desktop/agungappkey/tugas-akhir/vendor/laravel/framework/src/Illuminate/Log/LogManager.php(124): Illuminate\\Log\\LogManager->get('stack')
#5 /Users/appkey/Desktop/agungappkey/tugas-akhir/vendor/laravel/framework/src/Illuminate/Log/LogManager.php(722): Illuminate\\Log\\LogManager->driver()
#6 /Users/appkey/Desktop/agungappkey/tugas-akhir/vendor/laravel/framework/src/Illuminate/Support/Facades/Facade.php(355): Illuminate\\Log\\LogManager->info('User login atte...', Array)
#7 /Users/appkey/Desktop/agungappkey/tugas-akhir/app/Http/Controllers/Auth/AuthenticatedSessionController.php(30): Illuminate\\Support\\Facades\\Facade::__callStatic('info', Array)
#8 /Users/appkey/Desktop/agungappkey/tugas-akhir/vendor/laravel/framework/src/Illuminate/Routing/Controller.php(54): App\\Http\\Controllers\\Auth\\AuthenticatedSessionController->store(Object(App\\Http\\Requests\\Auth\\LoginRequest))
#9 /Users/appkey/Desktop/agungappkey/tugas-akhir/vendor/laravel/framework/src/Illuminate/Routing/ControllerDispatcher.php(43): Illuminate\\Routing\\Controller->callAction('store', Array)
#10 /Users/appkey/Desktop/agungappkey/tugas-akhir/vendor/laravel/framework/src/Illuminate/Routing/Route.php(259): Illuminate\\Routing\\ControllerDispatcher->dispatch(Object(Illuminate\\Routing\\Route), Object(App\\Http\\Controllers\\Auth\\AuthenticatedSessionController), 'store')
#11 /Users/appkey/Desktop/agungappkey/tugas-akhir/vendor/laravel/framework/src/Illuminate/Routing/Route.php(205): Illuminate\\Routing\\Route->runController()
#12 /Users/appkey/Desktop/agungappkey/tugas-akhir/vendor/laravel/framework/src/Illuminate/Routing/Router.php(806): Illuminate\\Routing\\Route->run()
#13 /Users/appkey/Desktop/agungappkey/tugas-akhir/vendor/laravel/framework/src/Illuminate/Pipeline/Pipeline.php(144): Illuminate\\Routing\\Router->Illuminate\\Routing\\{closure}(Object(Illuminate\\Http\\Request))
#14 /Users/appkey/Desktop/agungappkey/tugas-akhir/app/Http/Middleware/RedirectIfAuthenticated.php(27): Illuminate\\Pipeline\\Pipeline->Illuminate\\Pipeline\\{closure}(Object(Illuminate\\Http\\Request))
#15 /Users/appkey/Desktop/agungappkey/tugas-akhir/vendor/laravel/framework/src/Illuminate/Pipeline/Pipeline.php(183): App\\Http\\Middleware\\RedirectIfAuthenticated->handle(Object(Illuminate\\Http\\Request), Object(Closure))
#16 /Users/appkey/Desktop/agungappkey/tugas-akhir/app/Http/Middleware/SetLocale.php(36): Illuminate\\Pipeline\\Pipeline->Illuminate\\Pipeline\\{closure}(Object(Illuminate\\Http\\Request))
#17 /Users/appkey/Desktop/agungappkey/tugas-akhir/vendor/laravel/framework/src/Illuminate/Pipeline/Pipeline.php(183): App\\Http\\Middleware\\SetLocale->handle(Object(Illuminate\\Http\\Request), Object(Closure))
#18 /Users/appkey/Desktop/agungappkey/tugas-akhir/vendor/laravel/framework/src/Illuminate/Routing/Middleware/SubstituteBindings.php(50): Illuminate\\Pipeline\\Pipeline->Illuminate\\Pipeline\\{closure}(Object(Illuminate\\Http\\Request))
#19 /Users/appkey/Desktop/agungappkey/tugas-akhir/vendor/laravel/framework/src/Illuminate/Pipeline/Pipeline.php(183): Illuminate\\Routing\\Middleware\\SubstituteBindings->handle(Object(Illuminate\\Http\\Request), Object(Closure))
#20 /Users/appkey/Desktop/agungappkey/tugas-akhir/vendor/laravel/framework/src/Illuminate/Foundation/Http/Middleware/VerifyCsrfToken.php(78): Illuminate\\Pipeline\\Pipeline->Illuminate\\Pipeline\\{closure}(Object(Illuminate\\Http\\Request))
#21 /Users/appkey/Desktop/agungappkey/tugas-akhir/vendor/laravel/framework/src/Illuminate/Pipeline/Pipeline.php(183): Illuminate\\Foundation\\Http\\Middleware\\VerifyCsrfToken->handle(Object(Illuminate\\Http\\Request), Object(Closure))
#22 /Users/appkey/Desktop/agungappkey/tugas-akhir/vendor/laravel/framework/src/Illuminate/View/Middleware/ShareErrorsFromSession.php(49): Illuminate\\Pipeline\\Pipeline->Illuminate\\Pipeline\\{closure}(Object(Illuminate\\Http\\Request))
#23 /Users/appkey/Desktop/agungappkey/tugas-akhir/vendor/laravel/framework/src/Illuminate/Pipeline/Pipeline.php(183): Illuminate\\View\\Middleware\\ShareErrorsFromSession->handle(Object(Illuminate\\Http\\Request), Object(Closure))
#24 /Users/appkey/Desktop/agungappkey/tugas-akhir/vendor/laravel/framework/src/Illuminate/Session/Middleware/StartSession.php(121): Illuminate\\Pipeline\\Pipeline->Illuminate\\Pipeline\\{closure}(Object(Illuminate\\Http\\Request))
#25 /Users/appkey/Desktop/agungappkey/tugas-akhir/vendor/laravel/framework/src/Illuminate/Session/Middleware/StartSession.php(64): Illuminate\\Session\\Middleware\\StartSession->handleStatefulRequest(Object(Illuminate\\Http\\Request), Object(Illuminate\\Session\\Store), Object(Closure))
#26 /Users/appkey/Desktop/agungappkey/tugas-akhir/vendor/laravel/framework/src/Illuminate/Pipeline/Pipeline.php(183): Illuminate\\Session\\Middleware\\StartSession->handle(Object(Illuminate\\Http\\Request), Object(Closure))
#27 /Users/appkey/Desktop/agungappkey/tugas-akhir/vendor/laravel/framework/src/Illuminate/Cookie/Middleware/AddQueuedCookiesToResponse.php(37): Illuminate\\Pipeline\\Pipeline->Illuminate\\Pipeline\\{closure}(Object(Illuminate\\Http\\Request))
#28 /Users/appkey/Desktop/agungappkey/tugas-akhir/vendor/laravel/framework/src/Illuminate/Pipeline/Pipeline.php(183): Illuminate\\Cookie\\Middleware\\AddQueuedCookiesToResponse->handle(Object(Illuminate\\Http\\Request), Object(Closure))
#29 /Users/appkey/Desktop/agungappkey/tugas-akhir/vendor/laravel/framework/src/Illuminate/Cookie/Middleware/EncryptCookies.php(67): Illuminate\\Pipeline\\Pipeline->Illuminate\\Pipeline\\{closure}(Object(Illuminate\\Http\\Request))
#30 /Users/appkey/Desktop/agungappkey/tugas-akhir/vendor/laravel/framework/src/Illuminate/Pipeline/Pipeline.php(183): Illuminate\\Cookie\\Middleware\\EncryptCookies->handle(Object(Illuminate\\Http\\Request), Object(Closure))
#31 /Users/appkey/Desktop/agungappkey/tugas-akhir/vendor/laravel/framework/src/Illuminate/Pipeline/Pipeline.php(119): Illuminate\\Pipeline\\Pipeline->Illuminate\\Pipeline\\{closure}(Object(Illuminate\\Http\\Request))
#32 /Users/appkey/Desktop/agungappkey/tugas-akhir/vendor/laravel/framework/src/Illuminate/Routing/Router.php(805): Illuminate\\Pipeline\\Pipeline->then(Object(Closure))
#33 /Users/appkey/Desktop/agungappkey/tugas-akhir/vendor/laravel/framework/src/Illuminate/Routing/Router.php(784): Illuminate\\Routing\\Router->runRouteWithinStack(Object(Illuminate\\Routing\\Route), Object(Illuminate\\Http\\Request))
#34 /Users/appkey/Desktop/agungappkey/tugas-akhir/vendor/laravel/framework/src/Illuminate/Routing/Router.php(748): Illuminate\\Routing\\Router->runRoute(Object(Illuminate\\Http\\Request), Object(Illuminate\\Routing\\Route))
#35 /Users/appkey/Desktop/agungappkey/tugas-akhir/vendor/laravel/framework/src/Illuminate/Routing/Router.php(737): Illuminate\\Routing\\Router->dispatchToRoute(Object(Illuminate\\Http\\Request))
#36 /Users/appkey/Desktop/agungappkey/tugas-akhir/vendor/laravel/framework/src/Illuminate/Foundation/Http/Kernel.php(200): Illuminate\\Routing\\Router->dispatch(Object(Illuminate\\Http\\Request))
#37 /Users/appkey/Desktop/agungappkey/tugas-akhir/vendor/laravel/framework/src/Illuminate/Pipeline/Pipeline.php(144): Illuminate\\Foundation\\Http\\Kernel->Illuminate\\Foundation\\Http\\{closure}(Object(Illuminate\\Http\\Request))
#38 /Users/appkey/Desktop/agungappkey/tugas-akhir/vendor/laravel/framework/src/Illuminate/Foundation/Http/Middleware/TransformsRequest.php(21): Illuminate\\Pipeline\\Pipeline->Illuminate\\Pipeline\\{closure}(Object(Illuminate\\Http\\Request))
#39 /Users/appkey/Desktop/agungappkey/tugas-akhir/vendor/laravel/framework/src/Illuminate/Foundation/Http/Middleware/ConvertEmptyStringsToNull.php(31): Illuminate\\Foundation\\Http\\Middleware\\TransformsRequest->handle(Object(Illuminate\\Http\\Request), Object(Closure))
#40 /Users/appkey/Desktop/agungappkey/tugas-akhir/vendor/laravel/framework/src/Illuminate/Pipeline/Pipeline.php(183): Illuminate\\Foundation\\Http\\Middleware\\ConvertEmptyStringsToNull->handle(Object(Illuminate\\Http\\Request), Object(Closure))
#41 /Users/appkey/Desktop/agungappkey/tugas-akhir/vendor/laravel/framework/src/Illuminate/Foundation/Http/Middleware/TransformsRequest.php(21): Illuminate\\Pipeline\\Pipeline->Illuminate\\Pipeline\\{closure}(Object(Illuminate\\Http\\Request))
#42 /Users/appkey/Desktop/agungappkey/tugas-akhir/vendor/laravel/framework/src/Illuminate/Foundation/Http/Middleware/TrimStrings.php(40): Illuminate\\Foundation\\Http\\Middleware\\TransformsRequest->handle(Object(Illuminate\\Http\\Request), Object(Closure))
#43 /Users/appkey/Desktop/agungappkey/tugas-akhir/vendor/laravel/framework/src/Illuminate/Pipeline/Pipeline.php(183): Illuminate\\Foundation\\Http\\Middleware\\TrimStrings->handle(Object(Illuminate\\Http\\Request), Object(Closure))
#44 /Users/appkey/Desktop/agungappkey/tugas-akhir/vendor/laravel/framework/src/Illuminate/Foundation/Http/Middleware/ValidatePostSize.php(27): Illuminate\\Pipeline\\Pipeline->Illuminate\\Pipeline\\{closure}(Object(Illuminate\\Http\\Request))
#45 /Users/appkey/Desktop/agungappkey/tugas-akhir/vendor/laravel/framework/src/Illuminate/Pipeline/Pipeline.php(183): Illuminate\\Foundation\\Http\\Middleware\\ValidatePostSize->handle(Object(Illuminate\\Http\\Request), Object(Closure))
#46 /Users/appkey/Desktop/agungappkey/tugas-akhir/vendor/laravel/framework/src/Illuminate/Foundation/Http/Middleware/PreventRequestsDuringMaintenance.php(99): Illuminate\\Pipeline\\Pipeline->Illuminate\\Pipeline\\{closure}(Object(Illuminate\\Http\\Request))
#47 /Users/appkey/Desktop/agungappkey/tugas-akhir/vendor/laravel/framework/src/Illuminate/Pipeline/Pipeline.php(183): Illuminate\\Foundation\\Http\\Middleware\\PreventRequestsDuringMaintenance->handle(Object(Illuminate\\Http\\Request), Object(Closure))
#48 /Users/appkey/Desktop/agungappkey/tugas-akhir/vendor/laravel/framework/src/Illuminate/Http/Middleware/HandleCors.php(49): Illuminate\\Pipeline\\Pipeline->Illuminate\\Pipeline\\{closure}(Object(Illuminate\\Http\\Request))
#49 /Users/appkey/Desktop/agungappkey/tugas-akhir/vendor/laravel/framework/src/Illuminate/Pipeline/Pipeline.php(183): Illuminate\\Http\\Middleware\\HandleCors->handle(Object(Illuminate\\Http\\Request), Object(Closure))
#50 /Users/appkey/Desktop/agungappkey/tugas-akhir/vendor/laravel/framework/src/Illuminate/Http/Middleware/TrustProxies.php(39): Illuminate\\Pipeline\\Pipeline->Illuminate\\Pipeline\\{closure}(Object(Illuminate\\Http\\Request))
#51 /Users/appkey/Desktop/agungappkey/tugas-akhir/vendor/laravel/framework/src/Illuminate/Pipeline/Pipeline.php(183): Illuminate\\Http\\Middleware\\TrustProxies->handle(Object(Illuminate\\Http\\Request), Object(Closure))
#52 /Users/appkey/Desktop/agungappkey/tugas-akhir/vendor/laravel/framework/src/Illuminate/Pipeline/Pipeline.php(119): Illuminate\\Pipeline\\Pipeline->Illuminate\\Pipeline\\{closure}(Object(Illuminate\\Http\\Request))
#53 /Users/appkey/Desktop/agungappkey/tugas-akhir/vendor/laravel/framework/src/Illuminate/Foundation/Http/Kernel.php(175): Illuminate\\Pipeline\\Pipeline->then(Object(Closure))
#54 /Users/appkey/Desktop/agungappkey/tugas-akhir/vendor/laravel/framework/src/Illuminate/Foundation/Http/Kernel.php(144): Illuminate\\Foundation\\Http\\Kernel->sendRequestThroughRouter(Object(Illuminate\\Http\\Request))
#55 /Users/appkey/Desktop/agungappkey/tugas-akhir/public/index.php(51): Illuminate\\Foundation\\Http\\Kernel->handle(Object(Illuminate\\Http\\Request))
#56 /Users/appkey/Desktop/agungappkey/tugas-akhir/vendor/laravel/framework/src/Illuminate/Foundation/resources/server.php(16): require_once('/Users/appkey/D...')
#57 {main}
"} 
[2025-12-06 08:59:41] laravel.INFO: User login attempt {"email":"gunakanlahakunini@gmail.com","ip":"127.0.0.1","user_agent":"Mozilla/5.0 (X11; Linux x86_64) AppleWebKit/537.36 (KHTML, like Gecko) Chrome/143.0.0.0 Safari/537.36 Edg/143.0.0.0"} 
[2025-12-06 08:59:41] laravel.EMERGENCY: Unable to create configured logger. Using emergency logger. {"exception":"[object] (ErrorException(code: 0): Undefined array key \"channels\" at /Users/appkey/Desktop/agungappkey/tugas-akhir/vendor/laravel/framework/src/Illuminate/Log/LogManager.php:260)
[stacktrace]
#0 /Users/appkey/Desktop/agungappkey/tugas-akhir/vendor/laravel/framework/src/Illuminate/Foundation/Bootstrap/HandleExceptions.php(255): Illuminate\\Foundation\\Bootstrap\\HandleExceptions->handleError(2, 'Undefined array...', '/Users/appkey/D...', 260)
#1 /Users/appkey/Desktop/agungappkey/tugas-akhir/vendor/laravel/framework/src/Illuminate/Log/LogManager.php(260): Illuminate\\Foundation\\Bootstrap\\HandleExceptions->Illuminate\\Foundation\\Bootstrap\\{closure}(2, 'Undefined array...', '/Users/appkey/D...', 260)
#2 /Users/appkey/Desktop/agungappkey/tugas-akhir/vendor/laravel/framework/src/Illuminate/Log/LogManager.php(222): Illuminate\\Log\\LogManager->createStackDriver(Array)
#3 /Users/appkey/Desktop/agungappkey/tugas-akhir/vendor/laravel/framework/src/Illuminate/Log/LogManager.php(137): Illuminate\\Log\\LogManager->resolve('stack', Array)
#4 /Users/appkey/Desktop/agungappkey/tugas-akhir/vendor/laravel/framework/src/Illuminate/Log/LogManager.php(124): Illuminate\\Log\\LogManager->get('stack')
#5 /Users/appkey/Desktop/agungappkey/tugas-akhir/vendor/laravel/framework/src/Illuminate/Log/LogManager.php(722): Illuminate\\Log\\LogManager->driver()
#6 /Users/appkey/Desktop/agungappkey/tugas-akhir/vendor/laravel/framework/src/Illuminate/Support/Facades/Facade.php(355): Illuminate\\Log\\LogManager->info('User last login...', Array)
#7 /Users/appkey/Desktop/agungappkey/tugas-akhir/app/Models/User.php(96): Illuminate\\Support\\Facades\\Facade::__callStatic('info', Array)
#8 /Users/appkey/Desktop/agungappkey/tugas-akhir/app/Http/Controllers/Auth/AuthenticatedSessionController.php(53): App\\Models\\User->updateLastLogin()
#9 /Users/appkey/Desktop/agungappkey/tugas-akhir/vendor/laravel/framework/src/Illuminate/Routing/Controller.php(54): App\\Http\\Controllers\\Auth\\AuthenticatedSessionController->store(Object(App\\Http\\Requests\\Auth\\LoginRequest))
#10 /Users/appkey/Desktop/agungappkey/tugas-akhir/vendor/laravel/framework/src/Illuminate/Routing/ControllerDispatcher.php(43): Illuminate\\Routing\\Controller->callAction('store', Array)
#11 /Users/appkey/Desktop/agungappkey/tugas-akhir/vendor/laravel/framework/src/Illuminate/Routing/Route.php(259): Illuminate\\Routing\\ControllerDispatcher->dispatch(Object(Illuminate\\Routing\\Route), Object(App\\Http\\Controllers\\Auth\\AuthenticatedSessionController), 'store')
#12 /Users/appkey/Desktop/agungappkey/tugas-akhir/vendor/laravel/framework/src/Illuminate/Routing/Route.php(205): Illuminate\\Routing\\Route->runController()
#13 /Users/appkey/Desktop/agungappkey/tugas-akhir/vendor/laravel/framework/src/Illuminate/Routing/Router.php(806): Illuminate\\Routing\\Route->run()
#14 /Users/appkey/Desktop/agungappkey/tugas-akhir/vendor/laravel/framework/src/Illuminate/Pipeline/Pipeline.php(144): Illuminate\\Routing\\Router->Illuminate\\Routing\\{closure}(Object(Illuminate\\Http\\Request))
#15 /Users/appkey/Desktop/agungappkey/tugas-akhir/app/Http/Middleware/RedirectIfAuthenticated.php(27): Illuminate\\Pipeline\\Pipeline->Illuminate\\Pipeline\\{closure}(Object(Illuminate\\Http\\Request))
#16 /Users/appkey/Desktop/agungappkey/tugas-akhir/vendor/laravel/framework/src/Illuminate/Pipeline/Pipeline.php(183): App\\Http\\Middleware\\RedirectIfAuthenticated->handle(Object(Illuminate\\Http\\Request), Object(Closure))
#17 /Users/appkey/Desktop/agungappkey/tugas-akhir/app/Http/Middleware/SetLocale.php(36): Illuminate\\Pipeline\\Pipeline->Illuminate\\Pipeline\\{closure}(Object(Illuminate\\Http\\Request))
#18 /Users/appkey/Desktop/agungappkey/tugas-akhir/vendor/laravel/framework/src/Illuminate/Pipeline/Pipeline.php(183): App\\Http\\Middleware\\SetLocale->handle(Object(Illuminate\\Http\\Request), Object(Closure))
#19 /Users/appkey/Desktop/agungappkey/tugas-akhir/vendor/laravel/framework/src/Illuminate/Routing/Middleware/SubstituteBindings.php(50): Illuminate\\Pipeline\\Pipeline->Illuminate\\Pipeline\\{closure}(Object(Illuminate\\Http\\Request))
#20 /Users/appkey/Desktop/agungappkey/tugas-akhir/vendor/laravel/framework/src/Illuminate/Pipeline/Pipeline.php(183): Illuminate\\Routing\\Middleware\\SubstituteBindings->handle(Object(Illuminate\\Http\\Request), Object(Closure))
#21 /Users/appkey/Desktop/agungappkey/tugas-akhir/vendor/laravel/framework/src/Illuminate/Foundation/Http/Middleware/VerifyCsrfToken.php(78): Illuminate\\Pipeline\\Pipeline->Illuminate\\Pipeline\\{closure}(Object(Illuminate\\Http\\Request))
#22 /Users/appkey/Desktop/agungappkey/tugas-akhir/vendor/laravel/framework/src/Illuminate/Pipeline/Pipeline.php(183): Illuminate\\Foundation\\Http\\Middleware\\VerifyCsrfToken->handle(Object(Illuminate\\Http\\Request), Object(Closure))
#23 /Users/appkey/Desktop/agungappkey/tugas-akhir/vendor/laravel/framework/src/Illuminate/View/Middleware/ShareErrorsFromSession.php(49): Illuminate\\Pipeline\\Pipeline->Illuminate\\Pipeline\\{closure}(Object(Illuminate\\Http\\Request))
#24 /Users/appkey/Desktop/agungappkey/tugas-akhir/vendor/laravel/framework/src/Illuminate/Pipeline/Pipeline.php(183): Illuminate\\View\\Middleware\\ShareErrorsFromSession->handle(Object(Illuminate\\Http\\Request), Object(Closure))
#25 /Users/appkey/Desktop/agungappkey/tugas-akhir/vendor/laravel/framework/src/Illuminate/Session/Middleware/StartSession.php(121): Illuminate\\Pipeline\\Pipeline->Illuminate\\Pipeline\\{closure}(Object(Illuminate\\Http\\Request))
#26 /Users/appkey/Desktop/agungappkey/tugas-akhir/vendor/laravel/framework/src/Illuminate/Session/Middleware/StartSession.php(64): Illuminate\\Session\\Middleware\\StartSession->handleStatefulRequest(Object(Illuminate\\Http\\Request), Object(Illuminate\\Session\\Store), Object(Closure))
#27 /Users/appkey/Desktop/agungappkey/tugas-akhir/vendor/laravel/framework/src/Illuminate/Pipeline/Pipeline.php(183): Illuminate\\Session\\Middleware\\StartSession->handle(Object(Illuminate\\Http\\Request), Object(Closure))
#28 /Users/appkey/Desktop/agungappkey/tugas-akhir/vendor/laravel/framework/src/Illuminate/Cookie/Middleware/AddQueuedCookiesToResponse.php(37): Illuminate\\Pipeline\\Pipeline->Illuminate\\Pipeline\\{closure}(Object(Illuminate\\Http\\Request))
#29 /Users/appkey/Desktop/agungappkey/tugas-akhir/vendor/laravel/framework/src/Illuminate/Pipeline/Pipeline.php(183): Illuminate\\Cookie\\Middleware\\AddQueuedCookiesToResponse->handle(Object(Illuminate\\Http\\Request), Object(Closure))
#30 /Users/appkey/Desktop/agungappkey/tugas-akhir/vendor/laravel/framework/src/Illuminate/Cookie/Middleware/EncryptCookies.php(67): Illuminate\\Pipeline\\Pipeline->Illuminate\\Pipeline\\{closure}(Object(Illuminate\\Http\\Request))
#31 /Users/appkey/Desktop/agungappkey/tugas-akhir/vendor/laravel/framework/src/Illuminate/Pipeline/Pipeline.php(183): Illuminate\\Cookie\\Middleware\\EncryptCookies->handle(Object(Illuminate\\Http\\Request), Object(Closure))
#32 /Users/appkey/Desktop/agungappkey/tugas-akhir/vendor/laravel/framework/src/Illuminate/Pipeline/Pipeline.php(119): Illuminate\\Pipeline\\Pipeline->Illuminate\\Pipeline\\{closure}(Object(Illuminate\\Http\\Request))
#33 /Users/appkey/Desktop/agungappkey/tugas-akhir/vendor/laravel/framework/src/Illuminate/Routing/Router.php(805): Illuminate\\Pipeline\\Pipeline->then(Object(Closure))
#34 /Users/appkey/Desktop/agungappkey/tugas-akhir/vendor/laravel/framework/src/Illuminate/Routing/Router.php(784): Illuminate\\Routing\\Router->runRouteWithinStack(Object(Illuminate\\Routing\\Route), Object(Illuminate\\Http\\Request))
#35 /Users/appkey/Desktop/agungappkey/tugas-akhir/vendor/laravel/framework/src/Illuminate/Routing/Router.php(748): Illuminate\\Routing\\Router->runRoute(Object(Illuminate\\Http\\Request), Object(Illuminate\\Routing\\Route))
#36 /Users/appkey/Desktop/agungappkey/tugas-akhir/vendor/laravel/framework/src/Illuminate/Routing/Router.php(737): Illuminate\\Routing\\Router->dispatchToRoute(Object(Illuminate\\Http\\Request))
#37 /Users/appkey/Desktop/agungappkey/tugas-akhir/vendor/laravel/framework/src/Illuminate/Foundation/Http/Kernel.php(200): Illuminate\\Routing\\Router->dispatch(Object(Illuminate\\Http\\Request))
#38 /Users/appkey/Desktop/agungappkey/tugas-akhir/vendor/laravel/framework/src/Illuminate/Pipeline/Pipeline.php(144): Illuminate\\Foundation\\Http\\Kernel->Illuminate\\Foundation\\Http\\{closure}(Object(Illuminate\\Http\\Request))
#39 /Users/appkey/Desktop/agungappkey/tugas-akhir/vendor/laravel/framework/src/Illuminate/Foundation/Http/Middleware/TransformsRequest.php(21): Illuminate\\Pipeline\\Pipeline->Illuminate\\Pipeline\\{closure}(Object(Illuminate\\Http\\Request))
#40 /Users/appkey/Desktop/agungappkey/tugas-akhir/vendor/laravel/framework/src/Illuminate/Foundation/Http/Middleware/ConvertEmptyStringsToNull.php(31): Illuminate\\Foundation\\Http\\Middleware\\TransformsRequest->handle(Object(Illuminate\\Http\\Request), Object(Closure))
#41 /Users/appkey/Desktop/agungappkey/tugas-akhir/vendor/laravel/framework/src/Illuminate/Pipeline/Pipeline.php(183): Illuminate\\Foundation\\Http\\Middleware\\ConvertEmptyStringsToNull->handle(Object(Illuminate\\Http\\Request), Object(Closure))
#42 /Users/appkey/Desktop/agungappkey/tugas-akhir/vendor/laravel/framework/src/Illuminate/Foundation/Http/Middleware/TransformsRequest.php(21): Illuminate\\Pipeline\\Pipeline->Illuminate\\Pipeline\\{closure}(Object(Illuminate\\Http\\Request))
#43 /Users/appkey/Desktop/agungappkey/tugas-akhir/vendor/laravel/framework/src/Illuminate/Foundation/Http/Middleware/TrimStrings.php(40): Illuminate\\Foundation\\Http\\Middleware\\TransformsRequest->handle(Object(Illuminate\\Http\\Request), Object(Closure))
#44 /Users/appkey/Desktop/agungappkey/tugas-akhir/vendor/laravel/framework/src/Illuminate/Pipeline/Pipeline.php(183): Illuminate\\Foundation\\Http\\Middleware\\TrimStrings->handle(Object(Illuminate\\Http\\Request), Object(Closure))
#45 /Users/appkey/Desktop/agungappkey/tugas-akhir/vendor/laravel/framework/src/Illuminate/Foundation/Http/Middleware/ValidatePostSize.php(27): Illuminate\\Pipeline\\Pipeline->Illuminate\\Pipeline\\{closure}(Object(Illuminate\\Http\\Request))
#46 /Users/appkey/Desktop/agungappkey/tugas-akhir/vendor/laravel/framework/src/Illuminate/Pipeline/Pipeline.php(183): Illuminate\\Foundation\\Http\\Middleware\\ValidatePostSize->handle(Object(Illuminate\\Http\\Request), Object(Closure))
#47 /Users/appkey/Desktop/agungappkey/tugas-akhir/vendor/laravel/framework/src/Illuminate/Foundation/Http/Middleware/PreventRequestsDuringMaintenance.php(99): Illuminate\\Pipeline\\Pipeline->Illuminate\\Pipeline\\{closure}(Object(Illuminate\\Http\\Request))
#48 /Users/appkey/Desktop/agungappkey/tugas-akhir/vendor/laravel/framework/src/Illuminate/Pipeline/Pipeline.php(183): Illuminate\\Foundation\\Http\\Middleware\\PreventRequestsDuringMaintenance->handle(Object(Illuminate\\Http\\Request), Object(Closure))
#49 /Users/appkey/Desktop/agungappkey/tugas-akhir/vendor/laravel/framework/src/Illuminate/Http/Middleware/HandleCors.php(49): Illuminate\\Pipeline\\Pipeline->Illuminate\\Pipeline\\{closure}(Object(Illuminate\\Http\\Request))
#50 /Users/appkey/Desktop/agungappkey/tugas-akhir/vendor/laravel/framework/src/Illuminate/Pipeline/Pipeline.php(183): Illuminate\\Http\\Middleware\\HandleCors->handle(Object(Illuminate\\Http\\Request), Object(Closure))
#51 /Users/appkey/Desktop/agungappkey/tugas-akhir/vendor/laravel/framework/src/Illuminate/Http/Middleware/TrustProxies.php(39): Illuminate\\Pipeline\\Pipeline->Illuminate\\Pipeline\\{closure}(Object(Illuminate\\Http\\Request))
#52 /Users/appkey/Desktop/agungappkey/tugas-akhir/vendor/laravel/framework/src/Illuminate/Pipeline/Pipeline.php(183): Illuminate\\Http\\Middleware\\TrustProxies->handle(Object(Illuminate\\Http\\Request), Object(Closure))
#53 /Users/appkey/Desktop/agungappkey/tugas-akhir/vendor/laravel/framework/src/Illuminate/Pipeline/Pipeline.php(119): Illuminate\\Pipeline\\Pipeline->Illuminate\\Pipeline\\{closure}(Object(Illuminate\\Http\\Request))
#54 /Users/appkey/Desktop/agungappkey/tugas-akhir/vendor/laravel/framework/src/Illuminate/Foundation/Http/Kernel.php(175): Illuminate\\Pipeline\\Pipeline->then(Object(Closure))
#55 /Users/appkey/Desktop/agungappkey/tugas-akhir/vendor/laravel/framework/src/Illuminate/Foundation/Http/Kernel.php(144): Illuminate\\Foundation\\Http\\Kernel->sendRequestThroughRouter(Object(Illuminate\\Http\\Request))
#56 /Users/appkey/Desktop/agungappkey/tugas-akhir/public/index.php(51): Illuminate\\Foundation\\Http\\Kernel->handle(Object(Illuminate\\Http\\Request))
#57 /Users/appkey/Desktop/agungappkey/tugas-akhir/vendor/laravel/framework/src/Illuminate/Foundation/resources/server.php(16): require_once('/Users/appkey/D...')
#58 {main}
"} 
[2025-12-06 08:59:41] laravel.INFO: User last login updated {"user_id":106,"email":"gunakanlahakunini@gmail.com","previous_login":null,"current_login":"2025-12-06 08:59:41"} 
[2025-12-06 09:00:29] laravel.EMERGENCY: Unable to create configured logger. Using emergency logger. {"exception":"[object] (ErrorException(code: 0): Undefined array key \"channels\" at /Users/appkey/Desktop/agungappkey/tugas-akhir/vendor/laravel/framework/src/Illuminate/Log/LogManager.php:260)
[stacktrace]
#0 /Users/appkey/Desktop/agungappkey/tugas-akhir/vendor/laravel/framework/src/Illuminate/Foundation/Bootstrap/HandleExceptions.php(255): Illuminate\\Foundation\\Bootstrap\\HandleExceptions->handleError(2, 'Undefined array...', '/Users/appkey/D...', 260)
#1 /Users/appkey/Desktop/agungappkey/tugas-akhir/vendor/laravel/framework/src/Illuminate/Log/LogManager.php(260): Illuminate\\Foundation\\Bootstrap\\HandleExceptions->Illuminate\\Foundation\\Bootstrap\\{closure}(2, 'Undefined array...', '/Users/appkey/D...', 260)
#2 /Users/appkey/Desktop/agungappkey/tugas-akhir/vendor/laravel/framework/src/Illuminate/Log/LogManager.php(222): Illuminate\\Log\\LogManager->createStackDriver(Array)
#3 /Users/appkey/Desktop/agungappkey/tugas-akhir/vendor/laravel/framework/src/Illuminate/Log/LogManager.php(137): Illuminate\\Log\\LogManager->resolve('stack', Array)
#4 /Users/appkey/Desktop/agungappkey/tugas-akhir/vendor/laravel/framework/src/Illuminate/Log/LogManager.php(124): Illuminate\\Log\\LogManager->get('stack')
#5 /Users/appkey/Desktop/agungappkey/tugas-akhir/vendor/laravel/framework/src/Illuminate/Log/LogManager.php(722): Illuminate\\Log\\LogManager->driver()
#6 /Users/appkey/Desktop/agungappkey/tugas-akhir/vendor/laravel/framework/src/Illuminate/Support/Facades/Facade.php(355): Illuminate\\Log\\LogManager->info('User login atte...', Array)
#7 /Users/appkey/Desktop/agungappkey/tugas-akhir/app/Http/Controllers/Auth/AuthenticatedSessionController.php(30): Illuminate\\Support\\Facades\\Facade::__callStatic('info', Array)
#8 /Users/appkey/Desktop/agungappkey/tugas-akhir/vendor/laravel/framework/src/Illuminate/Routing/Controller.php(54): App\\Http\\Controllers\\Auth\\AuthenticatedSessionController->store(Object(App\\Http\\Requests\\Auth\\LoginRequest))
#9 /Users/appkey/Desktop/agungappkey/tugas-akhir/vendor/laravel/framework/src/Illuminate/Routing/ControllerDispatcher.php(43): Illuminate\\Routing\\Controller->callAction('store', Array)
#10 /Users/appkey/Desktop/agungappkey/tugas-akhir/vendor/laravel/framework/src/Illuminate/Routing/Route.php(259): Illuminate\\Routing\\ControllerDispatcher->dispatch(Object(Illuminate\\Routing\\Route), Object(App\\Http\\Controllers\\Auth\\AuthenticatedSessionController), 'store')
#11 /Users/appkey/Desktop/agungappkey/tugas-akhir/vendor/laravel/framework/src/Illuminate/Routing/Route.php(205): Illuminate\\Routing\\Route->runController()
#12 /Users/appkey/Desktop/agungappkey/tugas-akhir/vendor/laravel/framework/src/Illuminate/Routing/Router.php(806): Illuminate\\Routing\\Route->run()
#13 /Users/appkey/Desktop/agungappkey/tugas-akhir/vendor/laravel/framework/src/Illuminate/Pipeline/Pipeline.php(144): Illuminate\\Routing\\Router->Illuminate\\Routing\\{closure}(Object(Illuminate\\Http\\Request))
#14 /Users/appkey/Desktop/agungappkey/tugas-akhir/app/Http/Middleware/RedirectIfAuthenticated.php(27): Illuminate\\Pipeline\\Pipeline->Illuminate\\Pipeline\\{closure}(Object(Illuminate\\Http\\Request))
#15 /Users/appkey/Desktop/agungappkey/tugas-akhir/vendor/laravel/framework/src/Illuminate/Pipeline/Pipeline.php(183): App\\Http\\Middleware\\RedirectIfAuthenticated->handle(Object(Illuminate\\Http\\Request), Object(Closure))
#16 /Users/appkey/Desktop/agungappkey/tugas-akhir/app/Http/Middleware/SetLocale.php(36): Illuminate\\Pipeline\\Pipeline->Illuminate\\Pipeline\\{closure}(Object(Illuminate\\Http\\Request))
#17 /Users/appkey/Desktop/agungappkey/tugas-akhir/vendor/laravel/framework/src/Illuminate/Pipeline/Pipeline.php(183): App\\Http\\Middleware\\SetLocale->handle(Object(Illuminate\\Http\\Request), Object(Closure))
#18 /Users/appkey/Desktop/agungappkey/tugas-akhir/vendor/laravel/framework/src/Illuminate/Routing/Middleware/SubstituteBindings.php(50): Illuminate\\Pipeline\\Pipeline->Illuminate\\Pipeline\\{closure}(Object(Illuminate\\Http\\Request))
#19 /Users/appkey/Desktop/agungappkey/tugas-akhir/vendor/laravel/framework/src/Illuminate/Pipeline/Pipeline.php(183): Illuminate\\Routing\\Middleware\\SubstituteBindings->handle(Object(Illuminate\\Http\\Request), Object(Closure))
#20 /Users/appkey/Desktop/agungappkey/tugas-akhir/vendor/laravel/framework/src/Illuminate/Foundation/Http/Middleware/VerifyCsrfToken.php(78): Illuminate\\Pipeline\\Pipeline->Illuminate\\Pipeline\\{closure}(Object(Illuminate\\Http\\Request))
#21 /Users/appkey/Desktop/agungappkey/tugas-akhir/vendor/laravel/framework/src/Illuminate/Pipeline/Pipeline.php(183): Illuminate\\Foundation\\Http\\Middleware\\VerifyCsrfToken->handle(Object(Illuminate\\Http\\Request), Object(Closure))
#22 /Users/appkey/Desktop/agungappkey/tugas-akhir/vendor/laravel/framework/src/Illuminate/View/Middleware/ShareErrorsFromSession.php(49): Illuminate\\Pipeline\\Pipeline->Illuminate\\Pipeline\\{closure}(Object(Illuminate\\Http\\Request))
#23 /Users/appkey/Desktop/agungappkey/tugas-akhir/vendor/laravel/framework/src/Illuminate/Pipeline/Pipeline.php(183): Illuminate\\View\\Middleware\\ShareErrorsFromSession->handle(Object(Illuminate\\Http\\Request), Object(Closure))
#24 /Users/appkey/Desktop/agungappkey/tugas-akhir/vendor/laravel/framework/src/Illuminate/Session/Middleware/StartSession.php(121): Illuminate\\Pipeline\\Pipeline->Illuminate\\Pipeline\\{closure}(Object(Illuminate\\Http\\Request))
#25 /Users/appkey/Desktop/agungappkey/tugas-akhir/vendor/laravel/framework/src/Illuminate/Session/Middleware/StartSession.php(64): Illuminate\\Session\\Middleware\\StartSession->handleStatefulRequest(Object(Illuminate\\Http\\Request), Object(Illuminate\\Session\\Store), Object(Closure))
#26 /Users/appkey/Desktop/agungappkey/tugas-akhir/vendor/laravel/framework/src/Illuminate/Pipeline/Pipeline.php(183): Illuminate\\Session\\Middleware\\StartSession->handle(Object(Illuminate\\Http\\Request), Object(Closure))
#27 /Users/appkey/Desktop/agungappkey/tugas-akhir/vendor/laravel/framework/src/Illuminate/Cookie/Middleware/AddQueuedCookiesToResponse.php(37): Illuminate\\Pipeline\\Pipeline->Illuminate\\Pipeline\\{closure}(Object(Illuminate\\Http\\Request))
#28 /Users/appkey/Desktop/agungappkey/tugas-akhir/vendor/laravel/framework/src/Illuminate/Pipeline/Pipeline.php(183): Illuminate\\Cookie\\Middleware\\AddQueuedCookiesToResponse->handle(Object(Illuminate\\Http\\Request), Object(Closure))
#29 /Users/appkey/Desktop/agungappkey/tugas-akhir/vendor/laravel/framework/src/Illuminate/Cookie/Middleware/EncryptCookies.php(67): Illuminate\\Pipeline\\Pipeline->Illuminate\\Pipeline\\{closure}(Object(Illuminate\\Http\\Request))
#30 /Users/appkey/Desktop/agungappkey/tugas-akhir/vendor/laravel/framework/src/Illuminate/Pipeline/Pipeline.php(183): Illuminate\\Cookie\\Middleware\\EncryptCookies->handle(Object(Illuminate\\Http\\Request), Object(Closure))
#31 /Users/appkey/Desktop/agungappkey/tugas-akhir/vendor/laravel/framework/src/Illuminate/Pipeline/Pipeline.php(119): Illuminate\\Pipeline\\Pipeline->Illuminate\\Pipeline\\{closure}(Object(Illuminate\\Http\\Request))
#32 /Users/appkey/Desktop/agungappkey/tugas-akhir/vendor/laravel/framework/src/Illuminate/Routing/Router.php(805): Illuminate\\Pipeline\\Pipeline->then(Object(Closure))
#33 /Users/appkey/Desktop/agungappkey/tugas-akhir/vendor/laravel/framework/src/Illuminate/Routing/Router.php(784): Illuminate\\Routing\\Router->runRouteWithinStack(Object(Illuminate\\Routing\\Route), Object(Illuminate\\Http\\Request))
#34 /Users/appkey/Desktop/agungappkey/tugas-akhir/vendor/laravel/framework/src/Illuminate/Routing/Router.php(748): Illuminate\\Routing\\Router->runRoute(Object(Illuminate\\Http\\Request), Object(Illuminate\\Routing\\Route))
#35 /Users/appkey/Desktop/agungappkey/tugas-akhir/vendor/laravel/framework/src/Illuminate/Routing/Router.php(737): Illuminate\\Routing\\Router->dispatchToRoute(Object(Illuminate\\Http\\Request))
#36 /Users/appkey/Desktop/agungappkey/tugas-akhir/vendor/laravel/framework/src/Illuminate/Foundation/Http/Kernel.php(200): Illuminate\\Routing\\Router->dispatch(Object(Illuminate\\Http\\Request))
#37 /Users/appkey/Desktop/agungappkey/tugas-akhir/vendor/laravel/framework/src/Illuminate/Pipeline/Pipeline.php(144): Illuminate\\Foundation\\Http\\Kernel->Illuminate\\Foundation\\Http\\{closure}(Object(Illuminate\\Http\\Request))
#38 /Users/appkey/Desktop/agungappkey/tugas-akhir/vendor/laravel/framework/src/Illuminate/Foundation/Http/Middleware/TransformsRequest.php(21): Illuminate\\Pipeline\\Pipeline->Illuminate\\Pipeline\\{closure}(Object(Illuminate\\Http\\Request))
#39 /Users/appkey/Desktop/agungappkey/tugas-akhir/vendor/laravel/framework/src/Illuminate/Foundation/Http/Middleware/ConvertEmptyStringsToNull.php(31): Illuminate\\Foundation\\Http\\Middleware\\TransformsRequest->handle(Object(Illuminate\\Http\\Request), Object(Closure))
#40 /Users/appkey/Desktop/agungappkey/tugas-akhir/vendor/laravel/framework/src/Illuminate/Pipeline/Pipeline.php(183): Illuminate\\Foundation\\Http\\Middleware\\ConvertEmptyStringsToNull->handle(Object(Illuminate\\Http\\Request), Object(Closure))
#41 /Users/appkey/Desktop/agungappkey/tugas-akhir/vendor/laravel/framework/src/Illuminate/Foundation/Http/Middleware/TransformsRequest.php(21): Illuminate\\Pipeline\\Pipeline->Illuminate\\Pipeline\\{closure}(Object(Illuminate\\Http\\Request))
#42 /Users/appkey/Desktop/agungappkey/tugas-akhir/vendor/laravel/framework/src/Illuminate/Foundation/Http/Middleware/TrimStrings.php(40): Illuminate\\Foundation\\Http\\Middleware\\TransformsRequest->handle(Object(Illuminate\\Http\\Request), Object(Closure))
#43 /Users/appkey/Desktop/agungappkey/tugas-akhir/vendor/laravel/framework/src/Illuminate/Pipeline/Pipeline.php(183): Illuminate\\Foundation\\Http\\Middleware\\TrimStrings->handle(Object(Illuminate\\Http\\Request), Object(Closure))
#44 /Users/appkey/Desktop/agungappkey/tugas-akhir/vendor/laravel/framework/src/Illuminate/Foundation/Http/Middleware/ValidatePostSize.php(27): Illuminate\\Pipeline\\Pipeline->Illuminate\\Pipeline\\{closure}(Object(Illuminate\\Http\\Request))
#45 /Users/appkey/Desktop/agungappkey/tugas-akhir/vendor/laravel/framework/src/Illuminate/Pipeline/Pipeline.php(183): Illuminate\\Foundation\\Http\\Middleware\\ValidatePostSize->handle(Object(Illuminate\\Http\\Request), Object(Closure))
#46 /Users/appkey/Desktop/agungappkey/tugas-akhir/vendor/laravel/framework/src/Illuminate/Foundation/Http/Middleware/PreventRequestsDuringMaintenance.php(99): Illuminate\\Pipeline\\Pipeline->Illuminate\\Pipeline\\{closure}(Object(Illuminate\\Http\\Request))
#47 /Users/appkey/Desktop/agungappkey/tugas-akhir/vendor/laravel/framework/src/Illuminate/Pipeline/Pipeline.php(183): Illuminate\\Foundation\\Http\\Middleware\\PreventRequestsDuringMaintenance->handle(Object(Illuminate\\Http\\Request), Object(Closure))
#48 /Users/appkey/Desktop/agungappkey/tugas-akhir/vendor/laravel/framework/src/Illuminate/Http/Middleware/HandleCors.php(49): Illuminate\\Pipeline\\Pipeline->Illuminate\\Pipeline\\{closure}(Object(Illuminate\\Http\\Request))
#49 /Users/appkey/Desktop/agungappkey/tugas-akhir/vendor/laravel/framework/src/Illuminate/Pipeline/Pipeline.php(183): Illuminate\\Http\\Middleware\\HandleCors->handle(Object(Illuminate\\Http\\Request), Object(Closure))
#50 /Users/appkey/Desktop/agungappkey/tugas-akhir/vendor/laravel/framework/src/Illuminate/Http/Middleware/TrustProxies.php(39): Illuminate\\Pipeline\\Pipeline->Illuminate\\Pipeline\\{closure}(Object(Illuminate\\Http\\Request))
#51 /Users/appkey/Desktop/agungappkey/tugas-akhir/vendor/laravel/framework/src/Illuminate/Pipeline/Pipeline.php(183): Illuminate\\Http\\Middleware\\TrustProxies->handle(Object(Illuminate\\Http\\Request), Object(Closure))
#52 /Users/appkey/Desktop/agungappkey/tugas-akhir/vendor/laravel/framework/src/Illuminate/Pipeline/Pipeline.php(119): Illuminate\\Pipeline\\Pipeline->Illuminate\\Pipeline\\{closure}(Object(Illuminate\\Http\\Request))
#53 /Users/appkey/Desktop/agungappkey/tugas-akhir/vendor/laravel/framework/src/Illuminate/Foundation/Http/Kernel.php(175): Illuminate\\Pipeline\\Pipeline->then(Object(Closure))
#54 /Users/appkey/Desktop/agungappkey/tugas-akhir/vendor/laravel/framework/src/Illuminate/Foundation/Http/Kernel.php(144): Illuminate\\Foundation\\Http\\Kernel->sendRequestThroughRouter(Object(Illuminate\\Http\\Request))
#55 /Users/appkey/Desktop/agungappkey/tugas-akhir/public/index.php(51): Illuminate\\Foundation\\Http\\Kernel->handle(Object(Illuminate\\Http\\Request))
#56 /Users/appkey/Desktop/agungappkey/tugas-akhir/vendor/laravel/framework/src/Illuminate/Foundation/resources/server.php(16): require_once('/Users/appkey/D...')
#57 {main}
"} 
[2025-12-06 09:00:29] laravel.INFO: User login attempt {"email":"gunakanlahakunini@gmail.com","ip":"127.0.0.1","user_agent":"Mozilla/5.0 (iPhone; CPU iPhone OS 18_7_2 like Mac OS X) AppleWebKit/605.1.15 (KHTML, like Gecko) CriOS/142.0.7444.148 Mobile/15E148 Safari/604.1"} 
[2025-12-06 09:00:29] laravel.EMERGENCY: Unable to create configured logger. Using emergency logger. {"exception":"[object] (ErrorException(code: 0): Undefined array key \"channels\" at /Users/appkey/Desktop/agungappkey/tugas-akhir/vendor/laravel/framework/src/Illuminate/Log/LogManager.php:260)
[stacktrace]
#0 /Users/appkey/Desktop/agungappkey/tugas-akhir/vendor/laravel/framework/src/Illuminate/Foundation/Bootstrap/HandleExceptions.php(255): Illuminate\\Foundation\\Bootstrap\\HandleExceptions->handleError(2, 'Undefined array...', '/Users/appkey/D...', 260)
#1 /Users/appkey/Desktop/agungappkey/tugas-akhir/vendor/laravel/framework/src/Illuminate/Log/LogManager.php(260): Illuminate\\Foundation\\Bootstrap\\HandleExceptions->Illuminate\\Foundation\\Bootstrap\\{closure}(2, 'Undefined array...', '/Users/appkey/D...', 260)
#2 /Users/appkey/Desktop/agungappkey/tugas-akhir/vendor/laravel/framework/src/Illuminate/Log/LogManager.php(222): Illuminate\\Log\\LogManager->createStackDriver(Array)
#3 /Users/appkey/Desktop/agungappkey/tugas-akhir/vendor/laravel/framework/src/Illuminate/Log/LogManager.php(137): Illuminate\\Log\\LogManager->resolve('stack', Array)
#4 /Users/appkey/Desktop/agungappkey/tugas-akhir/vendor/laravel/framework/src/Illuminate/Log/LogManager.php(124): Illuminate\\Log\\LogManager->get('stack')
#5 /Users/appkey/Desktop/agungappkey/tugas-akhir/vendor/laravel/framework/src/Illuminate/Log/LogManager.php(722): Illuminate\\Log\\LogManager->driver()
#6 /Users/appkey/Desktop/agungappkey/tugas-akhir/vendor/laravel/framework/src/Illuminate/Support/Facades/Facade.php(355): Illuminate\\Log\\LogManager->info('User last login...', Array)
#7 /Users/appkey/Desktop/agungappkey/tugas-akhir/app/Models/User.php(96): Illuminate\\Support\\Facades\\Facade::__callStatic('info', Array)
#8 /Users/appkey/Desktop/agungappkey/tugas-akhir/app/Http/Controllers/Auth/AuthenticatedSessionController.php(53): App\\Models\\User->updateLastLogin()
#9 /Users/appkey/Desktop/agungappkey/tugas-akhir/vendor/laravel/framework/src/Illuminate/Routing/Controller.php(54): App\\Http\\Controllers\\Auth\\AuthenticatedSessionController->store(Object(App\\Http\\Requests\\Auth\\LoginRequest))
#10 /Users/appkey/Desktop/agungappkey/tugas-akhir/vendor/laravel/framework/src/Illuminate/Routing/ControllerDispatcher.php(43): Illuminate\\Routing\\Controller->callAction('store', Array)
#11 /Users/appkey/Desktop/agungappkey/tugas-akhir/vendor/laravel/framework/src/Illuminate/Routing/Route.php(259): Illuminate\\Routing\\ControllerDispatcher->dispatch(Object(Illuminate\\Routing\\Route), Object(App\\Http\\Controllers\\Auth\\AuthenticatedSessionController), 'store')
#12 /Users/appkey/Desktop/agungappkey/tugas-akhir/vendor/laravel/framework/src/Illuminate/Routing/Route.php(205): Illuminate\\Routing\\Route->runController()
#13 /Users/appkey/Desktop/agungappkey/tugas-akhir/vendor/laravel/framework/src/Illuminate/Routing/Router.php(806): Illuminate\\Routing\\Route->run()
#14 /Users/appkey/Desktop/agungappkey/tugas-akhir/vendor/laravel/framework/src/Illuminate/Pipeline/Pipeline.php(144): Illuminate\\Routing\\Router->Illuminate\\Routing\\{closure}(Object(Illuminate\\Http\\Request))
#15 /Users/appkey/Desktop/agungappkey/tugas-akhir/app/Http/Middleware/RedirectIfAuthenticated.php(27): Illuminate\\Pipeline\\Pipeline->Illuminate\\Pipeline\\{closure}(Object(Illuminate\\Http\\Request))
#16 /Users/appkey/Desktop/agungappkey/tugas-akhir/vendor/laravel/framework/src/Illuminate/Pipeline/Pipeline.php(183): App\\Http\\Middleware\\RedirectIfAuthenticated->handle(Object(Illuminate\\Http\\Request), Object(Closure))
#17 /Users/appkey/Desktop/agungappkey/tugas-akhir/app/Http/Middleware/SetLocale.php(36): Illuminate\\Pipeline\\Pipeline->Illuminate\\Pipeline\\{closure}(Object(Illuminate\\Http\\Request))
#18 /Users/appkey/Desktop/agungappkey/tugas-akhir/vendor/laravel/framework/src/Illuminate/Pipeline/Pipeline.php(183): App\\Http\\Middleware\\SetLocale->handle(Object(Illuminate\\Http\\Request), Object(Closure))
#19 /Users/appkey/Desktop/agungappkey/tugas-akhir/vendor/laravel/framework/src/Illuminate/Routing/Middleware/SubstituteBindings.php(50): Illuminate\\Pipeline\\Pipeline->Illuminate\\Pipeline\\{closure}(Object(Illuminate\\Http\\Request))
#20 /Users/appkey/Desktop/agungappkey/tugas-akhir/vendor/laravel/framework/src/Illuminate/Pipeline/Pipeline.php(183): Illuminate\\Routing\\Middleware\\SubstituteBindings->handle(Object(Illuminate\\Http\\Request), Object(Closure))
#21 /Users/appkey/Desktop/agungappkey/tugas-akhir/vendor/laravel/framework/src/Illuminate/Foundation/Http/Middleware/VerifyCsrfToken.php(78): Illuminate\\Pipeline\\Pipeline->Illuminate\\Pipeline\\{closure}(Object(Illuminate\\Http\\Request))
#22 /Users/appkey/Desktop/agungappkey/tugas-akhir/vendor/laravel/framework/src/Illuminate/Pipeline/Pipeline.php(183): Illuminate\\Foundation\\Http\\Middleware\\VerifyCsrfToken->handle(Object(Illuminate\\Http\\Request), Object(Closure))
#23 /Users/appkey/Desktop/agungappkey/tugas-akhir/vendor/laravel/framework/src/Illuminate/View/Middleware/ShareErrorsFromSession.php(49): Illuminate\\Pipeline\\Pipeline->Illuminate\\Pipeline\\{closure}(Object(Illuminate\\Http\\Request))
#24 /Users/appkey/Desktop/agungappkey/tugas-akhir/vendor/laravel/framework/src/Illuminate/Pipeline/Pipeline.php(183): Illuminate\\View\\Middleware\\ShareErrorsFromSession->handle(Object(Illuminate\\Http\\Request), Object(Closure))
#25 /Users/appkey/Desktop/agungappkey/tugas-akhir/vendor/laravel/framework/src/Illuminate/Session/Middleware/StartSession.php(121): Illuminate\\Pipeline\\Pipeline->Illuminate\\Pipeline\\{closure}(Object(Illuminate\\Http\\Request))
#26 /Users/appkey/Desktop/agungappkey/tugas-akhir/vendor/laravel/framework/src/Illuminate/Session/Middleware/StartSession.php(64): Illuminate\\Session\\Middleware\\StartSession->handleStatefulRequest(Object(Illuminate\\Http\\Request), Object(Illuminate\\Session\\Store), Object(Closure))
#27 /Users/appkey/Desktop/agungappkey/tugas-akhir/vendor/laravel/framework/src/Illuminate/Pipeline/Pipeline.php(183): Illuminate\\Session\\Middleware\\StartSession->handle(Object(Illuminate\\Http\\Request), Object(Closure))
#28 /Users/appkey/Desktop/agungappkey/tugas-akhir/vendor/laravel/framework/src/Illuminate/Cookie/Middleware/AddQueuedCookiesToResponse.php(37): Illuminate\\Pipeline\\Pipeline->Illuminate\\Pipeline\\{closure}(Object(Illuminate\\Http\\Request))
#29 /Users/appkey/Desktop/agungappkey/tugas-akhir/vendor/laravel/framework/src/Illuminate/Pipeline/Pipeline.php(183): Illuminate\\Cookie\\Middleware\\AddQueuedCookiesToResponse->handle(Object(Illuminate\\Http\\Request), Object(Closure))
#30 /Users/appkey/Desktop/agungappkey/tugas-akhir/vendor/laravel/framework/src/Illuminate/Cookie/Middleware/EncryptCookies.php(67): Illuminate\\Pipeline\\Pipeline->Illuminate\\Pipeline\\{closure}(Object(Illuminate\\Http\\Request))
#31 /Users/appkey/Desktop/agungappkey/tugas-akhir/vendor/laravel/framework/src/Illuminate/Pipeline/Pipeline.php(183): Illuminate\\Cookie\\Middleware\\EncryptCookies->handle(Object(Illuminate\\Http\\Request), Object(Closure))
#32 /Users/appkey/Desktop/agungappkey/tugas-akhir/vendor/laravel/framework/src/Illuminate/Pipeline/Pipeline.php(119): Illuminate\\Pipeline\\Pipeline->Illuminate\\Pipeline\\{closure}(Object(Illuminate\\Http\\Request))
#33 /Users/appkey/Desktop/agungappkey/tugas-akhir/vendor/laravel/framework/src/Illuminate/Routing/Router.php(805): Illuminate\\Pipeline\\Pipeline->then(Object(Closure))
#34 /Users/appkey/Desktop/agungappkey/tugas-akhir/vendor/laravel/framework/src/Illuminate/Routing/Router.php(784): Illuminate\\Routing\\Router->runRouteWithinStack(Object(Illuminate\\Routing\\Route), Object(Illuminate\\Http\\Request))
#35 /Users/appkey/Desktop/agungappkey/tugas-akhir/vendor/laravel/framework/src/Illuminate/Routing/Router.php(748): Illuminate\\Routing\\Router->runRoute(Object(Illuminate\\Http\\Request), Object(Illuminate\\Routing\\Route))
#36 /Users/appkey/Desktop/agungappkey/tugas-akhir/vendor/laravel/framework/src/Illuminate/Routing/Router.php(737): Illuminate\\Routing\\Router->dispatchToRoute(Object(Illuminate\\Http\\Request))
#37 /Users/appkey/Desktop/agungappkey/tugas-akhir/vendor/laravel/framework/src/Illuminate/Foundation/Http/Kernel.php(200): Illuminate\\Routing\\Router->dispatch(Object(Illuminate\\Http\\Request))
#38 /Users/appkey/Desktop/agungappkey/tugas-akhir/vendor/laravel/framework/src/Illuminate/Pipeline/Pipeline.php(144): Illuminate\\Foundation\\Http\\Kernel->Illuminate\\Foundation\\Http\\{closure}(Object(Illuminate\\Http\\Request))
#39 /Users/appkey/Desktop/agungappkey/tugas-akhir/vendor/laravel/framework/src/Illuminate/Foundation/Http/Middleware/TransformsRequest.php(21): Illuminate\\Pipeline\\Pipeline->Illuminate\\Pipeline\\{closure}(Object(Illuminate\\Http\\Request))
#40 /Users/appkey/Desktop/agungappkey/tugas-akhir/vendor/laravel/framework/src/Illuminate/Foundation/Http/Middleware/ConvertEmptyStringsToNull.php(31): Illuminate\\Foundation\\Http\\Middleware\\TransformsRequest->handle(Object(Illuminate\\Http\\Request), Object(Closure))
#41 /Users/appkey/Desktop/agungappkey/tugas-akhir/vendor/laravel/framework/src/Illuminate/Pipeline/Pipeline.php(183): Illuminate\\Foundation\\Http\\Middleware\\ConvertEmptyStringsToNull->handle(Object(Illuminate\\Http\\Request), Object(Closure))
#42 /Users/appkey/Desktop/agungappkey/tugas-akhir/vendor/laravel/framework/src/Illuminate/Foundation/Http/Middleware/TransformsRequest.php(21): Illuminate\\Pipeline\\Pipeline->Illuminate\\Pipeline\\{closure}(Object(Illuminate\\Http\\Request))
#43 /Users/appkey/Desktop/agungappkey/tugas-akhir/vendor/laravel/framework/src/Illuminate/Foundation/Http/Middleware/TrimStrings.php(40): Illuminate\\Foundation\\Http\\Middleware\\TransformsRequest->handle(Object(Illuminate\\Http\\Request), Object(Closure))
#44 /Users/appkey/Desktop/agungappkey/tugas-akhir/vendor/laravel/framework/src/Illuminate/Pipeline/Pipeline.php(183): Illuminate\\Foundation\\Http\\Middleware\\TrimStrings->handle(Object(Illuminate\\Http\\Request), Object(Closure))
#45 /Users/appkey/Desktop/agungappkey/tugas-akhir/vendor/laravel/framework/src/Illuminate/Foundation/Http/Middleware/ValidatePostSize.php(27): Illuminate\\Pipeline\\Pipeline->Illuminate\\Pipeline\\{closure}(Object(Illuminate\\Http\\Request))
#46 /Users/appkey/Desktop/agungappkey/tugas-akhir/vendor/laravel/framework/src/Illuminate/Pipeline/Pipeline.php(183): Illuminate\\Foundation\\Http\\Middleware\\ValidatePostSize->handle(Object(Illuminate\\Http\\Request), Object(Closure))
#47 /Users/appkey/Desktop/agungappkey/tugas-akhir/vendor/laravel/framework/src/Illuminate/Foundation/Http/Middleware/PreventRequestsDuringMaintenance.php(99): Illuminate\\Pipeline\\Pipeline->Illuminate\\Pipeline\\{closure}(Object(Illuminate\\Http\\Request))
#48 /Users/appkey/Desktop/agungappkey/tugas-akhir/vendor/laravel/framework/src/Illuminate/Pipeline/Pipeline.php(183): Illuminate\\Foundation\\Http\\Middleware\\PreventRequestsDuringMaintenance->handle(Object(Illuminate\\Http\\Request), Object(Closure))
#49 /Users/appkey/Desktop/agungappkey/tugas-akhir/vendor/laravel/framework/src/Illuminate/Http/Middleware/HandleCors.php(49): Illuminate\\Pipeline\\Pipeline->Illuminate\\Pipeline\\{closure}(Object(Illuminate\\Http\\Request))
#50 /Users/appkey/Desktop/agungappkey/tugas-akhir/vendor/laravel/framework/src/Illuminate/Pipeline/Pipeline.php(183): Illuminate\\Http\\Middleware\\HandleCors->handle(Object(Illuminate\\Http\\Request), Object(Closure))
#51 /Users/appkey/Desktop/agungappkey/tugas-akhir/vendor/laravel/framework/src/Illuminate/Http/Middleware/TrustProxies.php(39): Illuminate\\Pipeline\\Pipeline->Illuminate\\Pipeline\\{closure}(Object(Illuminate\\Http\\Request))
#52 /Users/appkey/Desktop/agungappkey/tugas-akhir/vendor/laravel/framework/src/Illuminate/Pipeline/Pipeline.php(183): Illuminate\\Http\\Middleware\\TrustProxies->handle(Object(Illuminate\\Http\\Request), Object(Closure))
#53 /Users/appkey/Desktop/agungappkey/tugas-akhir/vendor/laravel/framework/src/Illuminate/Pipeline/Pipeline.php(119): Illuminate\\Pipeline\\Pipeline->Illuminate\\Pipeline\\{closure}(Object(Illuminate\\Http\\Request))
#54 /Users/appkey/Desktop/agungappkey/tugas-akhir/vendor/laravel/framework/src/Illuminate/Foundation/Http/Kernel.php(175): Illuminate\\Pipeline\\Pipeline->then(Object(Closure))
#55 /Users/appkey/Desktop/agungappkey/tugas-akhir/vendor/laravel/framework/src/Illuminate/Foundation/Http/Kernel.php(144): Illuminate\\Foundation\\Http\\Kernel->sendRequestThroughRouter(Object(Illuminate\\Http\\Request))
#56 /Users/appkey/Desktop/agungappkey/tugas-akhir/public/index.php(51): Illuminate\\Foundation\\Http\\Kernel->handle(Object(Illuminate\\Http\\Request))
#57 /Users/appkey/Desktop/agungappkey/tugas-akhir/vendor/laravel/framework/src/Illuminate/Foundation/resources/server.php(16): require_once('/Users/appkey/D...')
#58 {main}
"} 
[2025-12-06 09:00:29] laravel.INFO: User last login updated {"user_id":106,"email":"gunakanlahakunini@gmail.com","previous_login":"2025-12-06 08:59:41","current_login":"2025-12-06 09:00:29"} 
[2025-12-06 09:00:33] laravel.EMERGENCY: Unable to create configured logger. Using emergency logger. {"exception":"[object] (ErrorException(code: 0): Undefined array key \"channels\" at /Users/appkey/Desktop/agungappkey/tugas-akhir/vendor/laravel/framework/src/Illuminate/Log/LogManager.php:260)
[stacktrace]
#0 /Users/appkey/Desktop/agungappkey/tugas-akhir/vendor/laravel/framework/src/Illuminate/Foundation/Bootstrap/HandleExceptions.php(255): Illuminate\\Foundation\\Bootstrap\\HandleExceptions->handleError(2, 'Undefined array...', '/Users/appkey/D...', 260)
#1 /Users/appkey/Desktop/agungappkey/tugas-akhir/vendor/laravel/framework/src/Illuminate/Log/LogManager.php(260): Illuminate\\Foundation\\Bootstrap\\HandleExceptions->Illuminate\\Foundation\\Bootstrap\\{closure}(2, 'Undefined array...', '/Users/appkey/D...', 260)
#2 /Users/appkey/Desktop/agungappkey/tugas-akhir/vendor/laravel/framework/src/Illuminate/Log/LogManager.php(222): Illuminate\\Log\\LogManager->createStackDriver(Array)
#3 /Users/appkey/Desktop/agungappkey/tugas-akhir/vendor/laravel/framework/src/Illuminate/Log/LogManager.php(137): Illuminate\\Log\\LogManager->resolve('stack', Array)
#4 /Users/appkey/Desktop/agungappkey/tugas-akhir/vendor/laravel/framework/src/Illuminate/Log/LogManager.php(124): Illuminate\\Log\\LogManager->get('stack')
#5 /Users/appkey/Desktop/agungappkey/tugas-akhir/vendor/laravel/framework/src/Illuminate/Log/LogManager.php(722): Illuminate\\Log\\LogManager->driver()
#6 /Users/appkey/Desktop/agungappkey/tugas-akhir/vendor/laravel/framework/src/Illuminate/Support/Facades/Facade.php(355): Illuminate\\Log\\LogManager->info('User logout att...', Array)
#7 /Users/appkey/Desktop/agungappkey/tugas-akhir/app/Http/Controllers/Auth/AuthenticatedSessionController.php(130): Illuminate\\Support\\Facades\\Facade::__callStatic('info', Array)
#8 /Users/appkey/Desktop/agungappkey/tugas-akhir/vendor/laravel/framework/src/Illuminate/Routing/Controller.php(54): App\\Http\\Controllers\\Auth\\AuthenticatedSessionController->destroy(Object(Illuminate\\Http\\Request))
#9 /Users/appkey/Desktop/agungappkey/tugas-akhir/vendor/laravel/framework/src/Illuminate/Routing/ControllerDispatcher.php(43): Illuminate\\Routing\\Controller->callAction('destroy', Array)
#10 /Users/appkey/Desktop/agungappkey/tugas-akhir/vendor/laravel/framework/src/Illuminate/Routing/Route.php(259): Illuminate\\Routing\\ControllerDispatcher->dispatch(Object(Illuminate\\Routing\\Route), Object(App\\Http\\Controllers\\Auth\\AuthenticatedSessionController), 'destroy')
#11 /Users/appkey/Desktop/agungappkey/tugas-akhir/vendor/laravel/framework/src/Illuminate/Routing/Route.php(205): Illuminate\\Routing\\Route->runController()
#12 /Users/appkey/Desktop/agungappkey/tugas-akhir/vendor/laravel/framework/src/Illuminate/Routing/Router.php(806): Illuminate\\Routing\\Route->run()
#13 /Users/appkey/Desktop/agungappkey/tugas-akhir/vendor/laravel/framework/src/Illuminate/Pipeline/Pipeline.php(144): Illuminate\\Routing\\Router->Illuminate\\Routing\\{closure}(Object(Illuminate\\Http\\Request))
#14 /Users/appkey/Desktop/agungappkey/tugas-akhir/app/Http/Middleware/SetLocale.php(36): Illuminate\\Pipeline\\Pipeline->Illuminate\\Pipeline\\{closure}(Object(Illuminate\\Http\\Request))
#15 /Users/appkey/Desktop/agungappkey/tugas-akhir/vendor/laravel/framework/src/Illuminate/Pipeline/Pipeline.php(183): App\\Http\\Middleware\\SetLocale->handle(Object(Illuminate\\Http\\Request), Object(Closure))
#16 /Users/appkey/Desktop/agungappkey/tugas-akhir/vendor/laravel/framework/src/Illuminate/Routing/Middleware/SubstituteBindings.php(50): Illuminate\\Pipeline\\Pipeline->Illuminate\\Pipeline\\{closure}(Object(Illuminate\\Http\\Request))
#17 /Users/appkey/Desktop/agungappkey/tugas-akhir/vendor/laravel/framework/src/Illuminate/Pipeline/Pipeline.php(183): Illuminate\\Routing\\Middleware\\SubstituteBindings->handle(Object(Illuminate\\Http\\Request), Object(Closure))
#18 /Users/appkey/Desktop/agungappkey/tugas-akhir/vendor/laravel/framework/src/Illuminate/Auth/Middleware/Authenticate.php(57): Illuminate\\Pipeline\\Pipeline->Illuminate\\Pipeline\\{closure}(Object(Illuminate\\Http\\Request))
#19 /Users/appkey/Desktop/agungappkey/tugas-akhir/vendor/laravel/framework/src/Illuminate/Pipeline/Pipeline.php(183): Illuminate\\Auth\\Middleware\\Authenticate->handle(Object(Illuminate\\Http\\Request), Object(Closure))
#20 /Users/appkey/Desktop/agungappkey/tugas-akhir/vendor/laravel/framework/src/Illuminate/Foundation/Http/Middleware/VerifyCsrfToken.php(78): Illuminate\\Pipeline\\Pipeline->Illuminate\\Pipeline\\{closure}(Object(Illuminate\\Http\\Request))
#21 /Users/appkey/Desktop/agungappkey/tugas-akhir/vendor/laravel/framework/src/Illuminate/Pipeline/Pipeline.php(183): Illuminate\\Foundation\\Http\\Middleware\\VerifyCsrfToken->handle(Object(Illuminate\\Http\\Request), Object(Closure))
#22 /Users/appkey/Desktop/agungappkey/tugas-akhir/vendor/laravel/framework/src/Illuminate/View/Middleware/ShareErrorsFromSession.php(49): Illuminate\\Pipeline\\Pipeline->Illuminate\\Pipeline\\{closure}(Object(Illuminate\\Http\\Request))
#23 /Users/appkey/Desktop/agungappkey/tugas-akhir/vendor/laravel/framework/src/Illuminate/Pipeline/Pipeline.php(183): Illuminate\\View\\Middleware\\ShareErrorsFromSession->handle(Object(Illuminate\\Http\\Request), Object(Closure))
#24 /Users/appkey/Desktop/agungappkey/tugas-akhir/vendor/laravel/framework/src/Illuminate/Session/Middleware/StartSession.php(121): Illuminate\\Pipeline\\Pipeline->Illuminate\\Pipeline\\{closure}(Object(Illuminate\\Http\\Request))
#25 /Users/appkey/Desktop/agungappkey/tugas-akhir/vendor/laravel/framework/src/Illuminate/Session/Middleware/StartSession.php(64): Illuminate\\Session\\Middleware\\StartSession->handleStatefulRequest(Object(Illuminate\\Http\\Request), Object(Illuminate\\Session\\Store), Object(Closure))
#26 /Users/appkey/Desktop/agungappkey/tugas-akhir/vendor/laravel/framework/src/Illuminate/Pipeline/Pipeline.php(183): Illuminate\\Session\\Middleware\\StartSession->handle(Object(Illuminate\\Http\\Request), Object(Closure))
#27 /Users/appkey/Desktop/agungappkey/tugas-akhir/vendor/laravel/framework/src/Illuminate/Cookie/Middleware/AddQueuedCookiesToResponse.php(37): Illuminate\\Pipeline\\Pipeline->Illuminate\\Pipeline\\{closure}(Object(Illuminate\\Http\\Request))
#28 /Users/appkey/Desktop/agungappkey/tugas-akhir/vendor/laravel/framework/src/Illuminate/Pipeline/Pipeline.php(183): Illuminate\\Cookie\\Middleware\\AddQueuedCookiesToResponse->handle(Object(Illuminate\\Http\\Request), Object(Closure))
#29 /Users/appkey/Desktop/agungappkey/tugas-akhir/vendor/laravel/framework/src/Illuminate/Cookie/Middleware/EncryptCookies.php(67): Illuminate\\Pipeline\\Pipeline->Illuminate\\Pipeline\\{closure}(Object(Illuminate\\Http\\Request))
#30 /Users/appkey/Desktop/agungappkey/tugas-akhir/vendor/laravel/framework/src/Illuminate/Pipeline/Pipeline.php(183): Illuminate\\Cookie\\Middleware\\EncryptCookies->handle(Object(Illuminate\\Http\\Request), Object(Closure))
#31 /Users/appkey/Desktop/agungappkey/tugas-akhir/vendor/laravel/framework/src/Illuminate/Pipeline/Pipeline.php(119): Illuminate\\Pipeline\\Pipeline->Illuminate\\Pipeline\\{closure}(Object(Illuminate\\Http\\Request))
#32 /Users/appkey/Desktop/agungappkey/tugas-akhir/vendor/laravel/framework/src/Illuminate/Routing/Router.php(805): Illuminate\\Pipeline\\Pipeline->then(Object(Closure))
#33 /Users/appkey/Desktop/agungappkey/tugas-akhir/vendor/laravel/framework/src/Illuminate/Routing/Router.php(784): Illuminate\\Routing\\Router->runRouteWithinStack(Object(Illuminate\\Routing\\Route), Object(Illuminate\\Http\\Request))
#34 /Users/appkey/Desktop/agungappkey/tugas-akhir/vendor/laravel/framework/src/Illuminate/Routing/Router.php(748): Illuminate\\Routing\\Router->runRoute(Object(Illuminate\\Http\\Request), Object(Illuminate\\Routing\\Route))
#35 /Users/appkey/Desktop/agungappkey/tugas-akhir/vendor/laravel/framework/src/Illuminate/Routing/Router.php(737): Illuminate\\Routing\\Router->dispatchToRoute(Object(Illuminate\\Http\\Request))
#36 /Users/appkey/Desktop/agungappkey/tugas-akhir/vendor/laravel/framework/src/Illuminate/Foundation/Http/Kernel.php(200): Illuminate\\Routing\\Router->dispatch(Object(Illuminate\\Http\\Request))
#37 /Users/appkey/Desktop/agungappkey/tugas-akhir/vendor/laravel/framework/src/Illuminate/Pipeline/Pipeline.php(144): Illuminate\\Foundation\\Http\\Kernel->Illuminate\\Foundation\\Http\\{closure}(Object(Illuminate\\Http\\Request))
#38 /Users/appkey/Desktop/agungappkey/tugas-akhir/vendor/laravel/framework/src/Illuminate/Foundation/Http/Middleware/TransformsRequest.php(21): Illuminate\\Pipeline\\Pipeline->Illuminate\\Pipeline\\{closure}(Object(Illuminate\\Http\\Request))
#39 /Users/appkey/Desktop/agungappkey/tugas-akhir/vendor/laravel/framework/src/Illuminate/Foundation/Http/Middleware/ConvertEmptyStringsToNull.php(31): Illuminate\\Foundation\\Http\\Middleware\\TransformsRequest->handle(Object(Illuminate\\Http\\Request), Object(Closure))
#40 /Users/appkey/Desktop/agungappkey/tugas-akhir/vendor/laravel/framework/src/Illuminate/Pipeline/Pipeline.php(183): Illuminate\\Foundation\\Http\\Middleware\\ConvertEmptyStringsToNull->handle(Object(Illuminate\\Http\\Request), Object(Closure))
#41 /Users/appkey/Desktop/agungappkey/tugas-akhir/vendor/laravel/framework/src/Illuminate/Foundation/Http/Middleware/TransformsRequest.php(21): Illuminate\\Pipeline\\Pipeline->Illuminate\\Pipeline\\{closure}(Object(Illuminate\\Http\\Request))
#42 /Users/appkey/Desktop/agungappkey/tugas-akhir/vendor/laravel/framework/src/Illuminate/Foundation/Http/Middleware/TrimStrings.php(40): Illuminate\\Foundation\\Http\\Middleware\\TransformsRequest->handle(Object(Illuminate\\Http\\Request), Object(Closure))
#43 /Users/appkey/Desktop/agungappkey/tugas-akhir/vendor/laravel/framework/src/Illuminate/Pipeline/Pipeline.php(183): Illuminate\\Foundation\\Http\\Middleware\\TrimStrings->handle(Object(Illuminate\\Http\\Request), Object(Closure))
#44 /Users/appkey/Desktop/agungappkey/tugas-akhir/vendor/laravel/framework/src/Illuminate/Foundation/Http/Middleware/ValidatePostSize.php(27): Illuminate\\Pipeline\\Pipeline->Illuminate\\Pipeline\\{closure}(Object(Illuminate\\Http\\Request))
#45 /Users/appkey/Desktop/agungappkey/tugas-akhir/vendor/laravel/framework/src/Illuminate/Pipeline/Pipeline.php(183): Illuminate\\Foundation\\Http\\Middleware\\ValidatePostSize->handle(Object(Illuminate\\Http\\Request), Object(Closure))
#46 /Users/appkey/Desktop/agungappkey/tugas-akhir/vendor/laravel/framework/src/Illuminate/Foundation/Http/Middleware/PreventRequestsDuringMaintenance.php(99): Illuminate\\Pipeline\\Pipeline->Illuminate\\Pipeline\\{closure}(Object(Illuminate\\Http\\Request))
#47 /Users/appkey/Desktop/agungappkey/tugas-akhir/vendor/laravel/framework/src/Illuminate/Pipeline/Pipeline.php(183): Illuminate\\Foundation\\Http\\Middleware\\PreventRequestsDuringMaintenance->handle(Object(Illuminate\\Http\\Request), Object(Closure))
#48 /Users/appkey/Desktop/agungappkey/tugas-akhir/vendor/laravel/framework/src/Illuminate/Http/Middleware/HandleCors.php(49): Illuminate\\Pipeline\\Pipeline->Illuminate\\Pipeline\\{closure}(Object(Illuminate\\Http\\Request))
#49 /Users/appkey/Desktop/agungappkey/tugas-akhir/vendor/laravel/framework/src/Illuminate/Pipeline/Pipeline.php(183): Illuminate\\Http\\Middleware\\HandleCors->handle(Object(Illuminate\\Http\\Request), Object(Closure))
#50 /Users/appkey/Desktop/agungappkey/tugas-akhir/vendor/laravel/framework/src/Illuminate/Http/Middleware/TrustProxies.php(39): Illuminate\\Pipeline\\Pipeline->Illuminate\\Pipeline\\{closure}(Object(Illuminate\\Http\\Request))
#51 /Users/appkey/Desktop/agungappkey/tugas-akhir/vendor/laravel/framework/src/Illuminate/Pipeline/Pipeline.php(183): Illuminate\\Http\\Middleware\\TrustProxies->handle(Object(Illuminate\\Http\\Request), Object(Closure))
#52 /Users/appkey/Desktop/agungappkey/tugas-akhir/vendor/laravel/framework/src/Illuminate/Pipeline/Pipeline.php(119): Illuminate\\Pipeline\\Pipeline->Illuminate\\Pipeline\\{closure}(Object(Illuminate\\Http\\Request))
#53 /Users/appkey/Desktop/agungappkey/tugas-akhir/vendor/laravel/framework/src/Illuminate/Foundation/Http/Kernel.php(175): Illuminate\\Pipeline\\Pipeline->then(Object(Closure))
#54 /Users/appkey/Desktop/agungappkey/tugas-akhir/vendor/laravel/framework/src/Illuminate/Foundation/Http/Kernel.php(144): Illuminate\\Foundation\\Http\\Kernel->sendRequestThroughRouter(Object(Illuminate\\Http\\Request))
#55 /Users/appkey/Desktop/agungappkey/tugas-akhir/public/index.php(51): Illuminate\\Foundation\\Http\\Kernel->handle(Object(Illuminate\\Http\\Request))
#56 /Users/appkey/Desktop/agungappkey/tugas-akhir/vendor/laravel/framework/src/Illuminate/Foundation/resources/server.php(16): require_once('/Users/appkey/D...')
#57 {main}
"} 
[2025-12-06 09:00:33] laravel.INFO: User logout attempt {"user_id":106,"user_name":"beecool","ip":"127.0.0.1","user_agent":"Mozilla/5.0 (iPhone; CPU iPhone OS 18_7_2 like Mac OS X) AppleWebKit/605.1.15 (KHTML, like Gecko) CriOS/142.0.7444.148 Mobile/15E148 Safari/604.1"} 
[2025-12-06 09:00:33] laravel.EMERGENCY: Unable to create configured logger. Using emergency logger. {"exception":"[object] (ErrorException(code: 0): Undefined array key \"channels\" at /Users/appkey/Desktop/agungappkey/tugas-akhir/vendor/laravel/framework/src/Illuminate/Log/LogManager.php:260)
[stacktrace]
#0 /Users/appkey/Desktop/agungappkey/tugas-akhir/vendor/laravel/framework/src/Illuminate/Foundation/Bootstrap/HandleExceptions.php(255): Illuminate\\Foundation\\Bootstrap\\HandleExceptions->handleError(2, 'Undefined array...', '/Users/appkey/D...', 260)
#1 /Users/appkey/Desktop/agungappkey/tugas-akhir/vendor/laravel/framework/src/Illuminate/Log/LogManager.php(260): Illuminate\\Foundation\\Bootstrap\\HandleExceptions->Illuminate\\Foundation\\Bootstrap\\{closure}(2, 'Undefined array...', '/Users/appkey/D...', 260)
#2 /Users/appkey/Desktop/agungappkey/tugas-akhir/vendor/laravel/framework/src/Illuminate/Log/LogManager.php(222): Illuminate\\Log\\LogManager->createStackDriver(Array)
#3 /Users/appkey/Desktop/agungappkey/tugas-akhir/vendor/laravel/framework/src/Illuminate/Log/LogManager.php(137): Illuminate\\Log\\LogManager->resolve('stack', Array)
#4 /Users/appkey/Desktop/agungappkey/tugas-akhir/vendor/laravel/framework/src/Illuminate/Log/LogManager.php(124): Illuminate\\Log\\LogManager->get('stack')
#5 /Users/appkey/Desktop/agungappkey/tugas-akhir/vendor/laravel/framework/src/Illuminate/Log/LogManager.php(722): Illuminate\\Log\\LogManager->driver()
#6 /Users/appkey/Desktop/agungappkey/tugas-akhir/vendor/laravel/framework/src/Illuminate/Support/Facades/Facade.php(355): Illuminate\\Log\\LogManager->info('User logout suc...')
#7 /Users/appkey/Desktop/agungappkey/tugas-akhir/app/Http/Controllers/Auth/AuthenticatedSessionController.php(144): Illuminate\\Support\\Facades\\Facade::__callStatic('info', Array)
#8 /Users/appkey/Desktop/agungappkey/tugas-akhir/vendor/laravel/framework/src/Illuminate/Routing/Controller.php(54): App\\Http\\Controllers\\Auth\\AuthenticatedSessionController->destroy(Object(Illuminate\\Http\\Request))
#9 /Users/appkey/Desktop/agungappkey/tugas-akhir/vendor/laravel/framework/src/Illuminate/Routing/ControllerDispatcher.php(43): Illuminate\\Routing\\Controller->callAction('destroy', Array)
#10 /Users/appkey/Desktop/agungappkey/tugas-akhir/vendor/laravel/framework/src/Illuminate/Routing/Route.php(259): Illuminate\\Routing\\ControllerDispatcher->dispatch(Object(Illuminate\\Routing\\Route), Object(App\\Http\\Controllers\\Auth\\AuthenticatedSessionController), 'destroy')
#11 /Users/appkey/Desktop/agungappkey/tugas-akhir/vendor/laravel/framework/src/Illuminate/Routing/Route.php(205): Illuminate\\Routing\\Route->runController()
#12 /Users/appkey/Desktop/agungappkey/tugas-akhir/vendor/laravel/framework/src/Illuminate/Routing/Router.php(806): Illuminate\\Routing\\Route->run()
#13 /Users/appkey/Desktop/agungappkey/tugas-akhir/vendor/laravel/framework/src/Illuminate/Pipeline/Pipeline.php(144): Illuminate\\Routing\\Router->Illuminate\\Routing\\{closure}(Object(Illuminate\\Http\\Request))
#14 /Users/appkey/Desktop/agungappkey/tugas-akhir/app/Http/Middleware/SetLocale.php(36): Illuminate\\Pipeline\\Pipeline->Illuminate\\Pipeline\\{closure}(Object(Illuminate\\Http\\Request))
#15 /Users/appkey/Desktop/agungappkey/tugas-akhir/vendor/laravel/framework/src/Illuminate/Pipeline/Pipeline.php(183): App\\Http\\Middleware\\SetLocale->handle(Object(Illuminate\\Http\\Request), Object(Closure))
#16 /Users/appkey/Desktop/agungappkey/tugas-akhir/vendor/laravel/framework/src/Illuminate/Routing/Middleware/SubstituteBindings.php(50): Illuminate\\Pipeline\\Pipeline->Illuminate\\Pipeline\\{closure}(Object(Illuminate\\Http\\Request))
#17 /Users/appkey/Desktop/agungappkey/tugas-akhir/vendor/laravel/framework/src/Illuminate/Pipeline/Pipeline.php(183): Illuminate\\Routing\\Middleware\\SubstituteBindings->handle(Object(Illuminate\\Http\\Request), Object(Closure))
#18 /Users/appkey/Desktop/agungappkey/tugas-akhir/vendor/laravel/framework/src/Illuminate/Auth/Middleware/Authenticate.php(57): Illuminate\\Pipeline\\Pipeline->Illuminate\\Pipeline\\{closure}(Object(Illuminate\\Http\\Request))
#19 /Users/appkey/Desktop/agungappkey/tugas-akhir/vendor/laravel/framework/src/Illuminate/Pipeline/Pipeline.php(183): Illuminate\\Auth\\Middleware\\Authenticate->handle(Object(Illuminate\\Http\\Request), Object(Closure))
#20 /Users/appkey/Desktop/agungappkey/tugas-akhir/vendor/laravel/framework/src/Illuminate/Foundation/Http/Middleware/VerifyCsrfToken.php(78): Illuminate\\Pipeline\\Pipeline->Illuminate\\Pipeline\\{closure}(Object(Illuminate\\Http\\Request))
#21 /Users/appkey/Desktop/agungappkey/tugas-akhir/vendor/laravel/framework/src/Illuminate/Pipeline/Pipeline.php(183): Illuminate\\Foundation\\Http\\Middleware\\VerifyCsrfToken->handle(Object(Illuminate\\Http\\Request), Object(Closure))
#22 /Users/appkey/Desktop/agungappkey/tugas-akhir/vendor/laravel/framework/src/Illuminate/View/Middleware/ShareErrorsFromSession.php(49): Illuminate\\Pipeline\\Pipeline->Illuminate\\Pipeline\\{closure}(Object(Illuminate\\Http\\Request))
#23 /Users/appkey/Desktop/agungappkey/tugas-akhir/vendor/laravel/framework/src/Illuminate/Pipeline/Pipeline.php(183): Illuminate\\View\\Middleware\\ShareErrorsFromSession->handle(Object(Illuminate\\Http\\Request), Object(Closure))
#24 /Users/appkey/Desktop/agungappkey/tugas-akhir/vendor/laravel/framework/src/Illuminate/Session/Middleware/StartSession.php(121): Illuminate\\Pipeline\\Pipeline->Illuminate\\Pipeline\\{closure}(Object(Illuminate\\Http\\Request))
#25 /Users/appkey/Desktop/agungappkey/tugas-akhir/vendor/laravel/framework/src/Illuminate/Session/Middleware/StartSession.php(64): Illuminate\\Session\\Middleware\\StartSession->handleStatefulRequest(Object(Illuminate\\Http\\Request), Object(Illuminate\\Session\\Store), Object(Closure))
#26 /Users/appkey/Desktop/agungappkey/tugas-akhir/vendor/laravel/framework/src/Illuminate/Pipeline/Pipeline.php(183): Illuminate\\Session\\Middleware\\StartSession->handle(Object(Illuminate\\Http\\Request), Object(Closure))
#27 /Users/appkey/Desktop/agungappkey/tugas-akhir/vendor/laravel/framework/src/Illuminate/Cookie/Middleware/AddQueuedCookiesToResponse.php(37): Illuminate\\Pipeline\\Pipeline->Illuminate\\Pipeline\\{closure}(Object(Illuminate\\Http\\Request))
#28 /Users/appkey/Desktop/agungappkey/tugas-akhir/vendor/laravel/framework/src/Illuminate/Pipeline/Pipeline.php(183): Illuminate\\Cookie\\Middleware\\AddQueuedCookiesToResponse->handle(Object(Illuminate\\Http\\Request), Object(Closure))
#29 /Users/appkey/Desktop/agungappkey/tugas-akhir/vendor/laravel/framework/src/Illuminate/Cookie/Middleware/EncryptCookies.php(67): Illuminate\\Pipeline\\Pipeline->Illuminate\\Pipeline\\{closure}(Object(Illuminate\\Http\\Request))
#30 /Users/appkey/Desktop/agungappkey/tugas-akhir/vendor/laravel/framework/src/Illuminate/Pipeline/Pipeline.php(183): Illuminate\\Cookie\\Middleware\\EncryptCookies->handle(Object(Illuminate\\Http\\Request), Object(Closure))
#31 /Users/appkey/Desktop/agungappkey/tugas-akhir/vendor/laravel/framework/src/Illuminate/Pipeline/Pipeline.php(119): Illuminate\\Pipeline\\Pipeline->Illuminate\\Pipeline\\{closure}(Object(Illuminate\\Http\\Request))
#32 /Users/appkey/Desktop/agungappkey/tugas-akhir/vendor/laravel/framework/src/Illuminate/Routing/Router.php(805): Illuminate\\Pipeline\\Pipeline->then(Object(Closure))
#33 /Users/appkey/Desktop/agungappkey/tugas-akhir/vendor/laravel/framework/src/Illuminate/Routing/Router.php(784): Illuminate\\Routing\\Router->runRouteWithinStack(Object(Illuminate\\Routing\\Route), Object(Illuminate\\Http\\Request))
#34 /Users/appkey/Desktop/agungappkey/tugas-akhir/vendor/laravel/framework/src/Illuminate/Routing/Router.php(748): Illuminate\\Routing\\Router->runRoute(Object(Illuminate\\Http\\Request), Object(Illuminate\\Routing\\Route))
#35 /Users/appkey/Desktop/agungappkey/tugas-akhir/vendor/laravel/framework/src/Illuminate/Routing/Router.php(737): Illuminate\\Routing\\Router->dispatchToRoute(Object(Illuminate\\Http\\Request))
#36 /Users/appkey/Desktop/agungappkey/tugas-akhir/vendor/laravel/framework/src/Illuminate/Foundation/Http/Kernel.php(200): Illuminate\\Routing\\Router->dispatch(Object(Illuminate\\Http\\Request))
#37 /Users/appkey/Desktop/agungappkey/tugas-akhir/vendor/laravel/framework/src/Illuminate/Pipeline/Pipeline.php(144): Illuminate\\Foundation\\Http\\Kernel->Illuminate\\Foundation\\Http\\{closure}(Object(Illuminate\\Http\\Request))
#38 /Users/appkey/Desktop/agungappkey/tugas-akhir/vendor/laravel/framework/src/Illuminate/Foundation/Http/Middleware/TransformsRequest.php(21): Illuminate\\Pipeline\\Pipeline->Illuminate\\Pipeline\\{closure}(Object(Illuminate\\Http\\Request))
#39 /Users/appkey/Desktop/agungappkey/tugas-akhir/vendor/laravel/framework/src/Illuminate/Foundation/Http/Middleware/ConvertEmptyStringsToNull.php(31): Illuminate\\Foundation\\Http\\Middleware\\TransformsRequest->handle(Object(Illuminate\\Http\\Request), Object(Closure))
#40 /Users/appkey/Desktop/agungappkey/tugas-akhir/vendor/laravel/framework/src/Illuminate/Pipeline/Pipeline.php(183): Illuminate\\Foundation\\Http\\Middleware\\ConvertEmptyStringsToNull->handle(Object(Illuminate\\Http\\Request), Object(Closure))
#41 /Users/appkey/Desktop/agungappkey/tugas-akhir/vendor/laravel/framework/src/Illuminate/Foundation/Http/Middleware/TransformsRequest.php(21): Illuminate\\Pipeline\\Pipeline->Illuminate\\Pipeline\\{closure}(Object(Illuminate\\Http\\Request))
#42 /Users/appkey/Desktop/agungappkey/tugas-akhir/vendor/laravel/framework/src/Illuminate/Foundation/Http/Middleware/TrimStrings.php(40): Illuminate\\Foundation\\Http\\Middleware\\TransformsRequest->handle(Object(Illuminate\\Http\\Request), Object(Closure))
#43 /Users/appkey/Desktop/agungappkey/tugas-akhir/vendor/laravel/framework/src/Illuminate/Pipeline/Pipeline.php(183): Illuminate\\Foundation\\Http\\Middleware\\TrimStrings->handle(Object(Illuminate\\Http\\Request), Object(Closure))
#44 /Users/appkey/Desktop/agungappkey/tugas-akhir/vendor/laravel/framework/src/Illuminate/Foundation/Http/Middleware/ValidatePostSize.php(27): Illuminate\\Pipeline\\Pipeline->Illuminate\\Pipeline\\{closure}(Object(Illuminate\\Http\\Request))
#45 /Users/appkey/Desktop/agungappkey/tugas-akhir/vendor/laravel/framework/src/Illuminate/Pipeline/Pipeline.php(183): Illuminate\\Foundation\\Http\\Middleware\\ValidatePostSize->handle(Object(Illuminate\\Http\\Request), Object(Closure))
#46 /Users/appkey/Desktop/agungappkey/tugas-akhir/vendor/laravel/framework/src/Illuminate/Foundation/Http/Middleware/PreventRequestsDuringMaintenance.php(99): Illuminate\\Pipeline\\Pipeline->Illuminate\\Pipeline\\{closure}(Object(Illuminate\\Http\\Request))
#47 /Users/appkey/Desktop/agungappkey/tugas-akhir/vendor/laravel/framework/src/Illuminate/Pipeline/Pipeline.php(183): Illuminate\\Foundation\\Http\\Middleware\\PreventRequestsDuringMaintenance->handle(Object(Illuminate\\Http\\Request), Object(Closure))
#48 /Users/appkey/Desktop/agungappkey/tugas-akhir/vendor/laravel/framework/src/Illuminate/Http/Middleware/HandleCors.php(49): Illuminate\\Pipeline\\Pipeline->Illuminate\\Pipeline\\{closure}(Object(Illuminate\\Http\\Request))
#49 /Users/appkey/Desktop/agungappkey/tugas-akhir/vendor/laravel/framework/src/Illuminate/Pipeline/Pipeline.php(183): Illuminate\\Http\\Middleware\\HandleCors->handle(Object(Illuminate\\Http\\Request), Object(Closure))
#50 /Users/appkey/Desktop/agungappkey/tugas-akhir/vendor/laravel/framework/src/Illuminate/Http/Middleware/TrustProxies.php(39): Illuminate\\Pipeline\\Pipeline->Illuminate\\Pipeline\\{closure}(Object(Illuminate\\Http\\Request))
#51 /Users/appkey/Desktop/agungappkey/tugas-akhir/vendor/laravel/framework/src/Illuminate/Pipeline/Pipeline.php(183): Illuminate\\Http\\Middleware\\TrustProxies->handle(Object(Illuminate\\Http\\Request), Object(Closure))
#52 /Users/appkey/Desktop/agungappkey/tugas-akhir/vendor/laravel/framework/src/Illuminate/Pipeline/Pipeline.php(119): Illuminate\\Pipeline\\Pipeline->Illuminate\\Pipeline\\{closure}(Object(Illuminate\\Http\\Request))
#53 /Users/appkey/Desktop/agungappkey/tugas-akhir/vendor/laravel/framework/src/Illuminate/Foundation/Http/Kernel.php(175): Illuminate\\Pipeline\\Pipeline->then(Object(Closure))
#54 /Users/appkey/Desktop/agungappkey/tugas-akhir/vendor/laravel/framework/src/Illuminate/Foundation/Http/Kernel.php(144): Illuminate\\Foundation\\Http\\Kernel->sendRequestThroughRouter(Object(Illuminate\\Http\\Request))
#55 /Users/appkey/Desktop/agungappkey/tugas-akhir/public/index.php(51): Illuminate\\Foundation\\Http\\Kernel->handle(Object(Illuminate\\Http\\Request))
#56 /Users/appkey/Desktop/agungappkey/tugas-akhir/vendor/laravel/framework/src/Illuminate/Foundation/resources/server.php(16): require_once('/Users/appkey/D...')
#57 {main}
"} 
[2025-12-06 09:00:33] laravel.INFO: User logout successful  
[2025-12-06 09:05:04] laravel.EMERGENCY: Unable to create configured logger. Using emergency logger. {"exception":"[object] (ErrorException(code: 0): Undefined array key \"channels\" at /Users/appkey/Desktop/agungappkey/tugas-akhir/vendor/laravel/framework/src/Illuminate/Log/LogManager.php:260)
[stacktrace]
#0 /Users/appkey/Desktop/agungappkey/tugas-akhir/vendor/laravel/framework/src/Illuminate/Foundation/Bootstrap/HandleExceptions.php(255): Illuminate\\Foundation\\Bootstrap\\HandleExceptions->handleError(2, 'Undefined array...', '/Users/appkey/D...', 260)
#1 /Users/appkey/Desktop/agungappkey/tugas-akhir/vendor/laravel/framework/src/Illuminate/Log/LogManager.php(260): Illuminate\\Foundation\\Bootstrap\\HandleExceptions->Illuminate\\Foundation\\Bootstrap\\{closure}(2, 'Undefined array...', '/Users/appkey/D...', 260)
#2 /Users/appkey/Desktop/agungappkey/tugas-akhir/vendor/laravel/framework/src/Illuminate/Log/LogManager.php(222): Illuminate\\Log\\LogManager->createStackDriver(Array)
#3 /Users/appkey/Desktop/agungappkey/tugas-akhir/vendor/laravel/framework/src/Illuminate/Log/LogManager.php(137): Illuminate\\Log\\LogManager->resolve('stack', Array)
#4 /Users/appkey/Desktop/agungappkey/tugas-akhir/vendor/laravel/framework/src/Illuminate/Log/LogManager.php(124): Illuminate\\Log\\LogManager->get('stack')
#5 /Users/appkey/Desktop/agungappkey/tugas-akhir/vendor/laravel/framework/src/Illuminate/Log/LogManager.php(681): Illuminate\\Log\\LogManager->driver()
#6 /Users/appkey/Desktop/agungappkey/tugas-akhir/vendor/laravel/framework/src/Illuminate/Support/Facades/Facade.php(355): Illuminate\\Log\\LogManager->error('Unhandled excep...', Array)
#7 /Users/appkey/Desktop/agungappkey/tugas-akhir/app/Exceptions/Handler.php(73): Illuminate\\Support\\Facades\\Facade::__callStatic('error', Array)
#8 /Users/appkey/Desktop/agungappkey/tugas-akhir/app/Exceptions/Handler.php(32): App\\Exceptions\\Handler->logException(Object(ParseError))
#9 [internal function]: App\\Exceptions\\Handler->App\\Exceptions\\{closure}(Object(ParseError))
#10 /Users/appkey/Desktop/agungappkey/tugas-akhir/vendor/laravel/framework/src/Illuminate/Foundation/Exceptions/ReportableHandler.php(45): call_user_func(Object(Closure), Object(ParseError))
#11 /Users/appkey/Desktop/agungappkey/tugas-akhir/vendor/laravel/framework/src/Illuminate/Foundation/Exceptions/Handler.php(299): Illuminate\\Foundation\\Exceptions\\ReportableHandler->__invoke(Object(ParseError))
#12 /Users/appkey/Desktop/agungappkey/tugas-akhir/vendor/laravel/framework/src/Illuminate/Foundation/Exceptions/Handler.php(278): Illuminate\\Foundation\\Exceptions\\Handler->reportThrowable(Object(ParseError))
#13 /Users/appkey/Desktop/agungappkey/tugas-akhir/vendor/nunomaduro/collision/src/Adapters/Laravel/ExceptionHandler.php(46): Illuminate\\Foundation\\Exceptions\\Handler->report(Object(ParseError))
#14 /Users/appkey/Desktop/agungappkey/tugas-akhir/vendor/laravel/framework/src/Illuminate/Foundation/Console/Kernel.php(523): NunoMaduro\\Collision\\Adapters\\Laravel\\ExceptionHandler->report(Object(ParseError))
#15 /Users/appkey/Desktop/agungappkey/tugas-akhir/vendor/laravel/framework/src/Illuminate/Foundation/Console/Kernel.php(203): Illuminate\\Foundation\\Console\\Kernel->reportException(Object(ParseError))
#16 Command line code(1): Illuminate\\Foundation\\Console\\Kernel->handle(Object(Symfony\\Component\\Console\\Input\\ArgvInput), Object(Symfony\\Component\\Console\\Output\\ConsoleOutput))
#17 {main}
"} 
[2025-12-06 09:05:04] laravel.ERROR: Unhandled exception {"exception":"ParseError","message":"Unclosed '(' does not match ']'","file":"/Users/appkey/Desktop/agungappkey/tugas-akhir/routes/auth.php","line":49,"trace":"#0 /Users/appkey/Desktop/agungappkey/tugas-akhir/vendor/laravel/framework/src/Illuminate/Routing/RouteFileRegistrar.php(35): require()
#1 /Users/appkey/Desktop/agungappkey/tugas-akhir/vendor/laravel/framework/src/Illuminate/Routing/Router.php(511): Illuminate\\Routing\\RouteFileRegistrar->register('/Users/appkey/D...')
#2 /Users/appkey/Desktop/agungappkey/tugas-akhir/vendor/laravel/framework/src/Illuminate/Routing/Router.php(465): Illuminate\\Routing\\Router->loadRoutes('/Users/appkey/D...')
#3 /Users/appkey/Desktop/agungappkey/tugas-akhir/vendor/laravel/framework/src/Illuminate/Routing/RouteRegistrar.php(194): Illuminate\\Routing\\Router->group(Array, '/Users/appkey/D...')
#4 /Users/appkey/Desktop/agungappkey/tugas-akhir/app/Providers/RouteServiceProvider.php(42): Illuminate\\Routing\\RouteRegistrar->group('/Users/appkey/D...')
#5 /Users/appkey/Desktop/agungappkey/tugas-akhir/vendor/laravel/framework/src/Illuminate/Container/BoundMethod.php(36): App\\Providers\\RouteServiceProvider->App\\Providers\\{closure}()
#6 /Users/appkey/Desktop/agungappkey/tugas-akhir/vendor/laravel/framework/src/Illuminate/Container/Util.php(41): Illuminate\\Container\\BoundMethod::Illuminate\\Container\\{closure}()
#7 /Users/appkey/Desktop/agungappkey/tugas-akhir/vendor/laravel/framework/src/Illuminate/Container/BoundMethod.php(81): Illuminate\\Container\\Util::unwrapIfClosure(Object(Closure))
#8 /Users/appkey/Desktop/agungappkey/tugas-akhir/vendor/laravel/framework/src/Illuminate/Container/BoundMethod.php(35): Illuminate\\Container\\BoundMethod::callBoundMethod(Object(Illuminate\\Foundation\\Application), Object(Closure), Object(Closure))
#9 /Users/appkey/Desktop/agungappkey/tugas-akhir/vendor/laravel/framework/src/Illuminate/Container/Container.php(662): Illuminate\\Container\\BoundMethod::call(Object(Illuminate\\Foundation\\Application), Object(Closure), Array, NULL)
#10 /Users/appkey/Desktop/agungappkey/tugas-akhir/vendor/laravel/framework/src/Illuminate/Foundation/Support/Providers/RouteServiceProvider.php(120): Illuminate\\Container\\Container->call(Object(Closure))
#11 /Users/appkey/Desktop/agungappkey/tugas-akhir/vendor/laravel/framework/src/Illuminate/Foundation/Support/Providers/RouteServiceProvider.php(45): Illuminate\\Foundation\\Support\\Providers\\RouteServiceProvider->loadRoutes()
#12 /Users/appkey/Desktop/agungappkey/tugas-akhir/vendor/laravel/framework/src/Illuminate/Container/BoundMethod.php(36): Illuminate\\Foundation\\Support\\Providers\\RouteServiceProvider->Illuminate\\Foundation\\Support\\Providers\\{closure}()
#13 /Users/appkey/Desktop/agungappkey/tugas-akhir/vendor/laravel/framework/src/Illuminate/Container/Util.php(41): Illuminate\\Container\\BoundMethod::Illuminate\\Container\\{closure}()
#14 /Users/appkey/Desktop/agungappkey/tugas-akhir/vendor/laravel/framework/src/Illuminate/Container/BoundMethod.php(81): Illuminate\\Container\\Util::unwrapIfClosure(Object(Closure))
#15 /Users/appkey/Desktop/agungappkey/tugas-akhir/vendor/laravel/framework/src/Illuminate/Container/BoundMethod.php(35): Illuminate\\Container\\BoundMethod::callBoundMethod(Object(Illuminate\\Foundation\\Application), Object(Closure), Object(Closure))
#16 /Users/appkey/Desktop/agungappkey/tugas-akhir/vendor/laravel/framework/src/Illuminate/Container/Container.php(662): Illuminate\\Container\\BoundMethod::call(Object(Illuminate\\Foundation\\Application), Object(Closure), Array, NULL)
#17 /Users/appkey/Desktop/agungappkey/tugas-akhir/vendor/laravel/framework/src/Illuminate/Support/ServiceProvider.php(119): Illuminate\\Container\\Container->call(Object(Closure))
#18 /Users/appkey/Desktop/agungappkey/tugas-akhir/vendor/laravel/framework/src/Illuminate/Foundation/Application.php(1062): Illuminate\\Support\\ServiceProvider->callBootedCallbacks()
#19 /Users/appkey/Desktop/agungappkey/tugas-akhir/vendor/laravel/framework/src/Illuminate/Foundation/Application.php(1040): Illuminate\\Foundation\\Application->bootProvider(Object(App\\Providers\\RouteServiceProvider))
#20 [internal function]: Illuminate\\Foundation\\Application->Illuminate\\Foundation\\{closure}(Object(App\\Providers\\RouteServiceProvider), 32)
#21 /Users/appkey/Desktop/agungappkey/tugas-akhir/vendor/laravel/framework/src/Illuminate/Foundation/Application.php(1039): array_walk(Array, Object(Closure))
#22 /Users/appkey/Desktop/agungappkey/tugas-akhir/vendor/laravel/framework/src/Illuminate/Foundation/Bootstrap/BootProviders.php(17): Illuminate\\Foundation\\Application->boot()
#23 /Users/appkey/Desktop/agungappkey/tugas-akhir/vendor/laravel/framework/src/Illuminate/Foundation/Application.php(286): Illuminate\\Foundation\\Bootstrap\\BootProviders->bootstrap(Object(Illuminate\\Foundation\\Application))
#24 /Users/appkey/Desktop/agungappkey/tugas-akhir/vendor/laravel/framework/src/Illuminate/Foundation/Console/Kernel.php(447): Illuminate\\Foundation\\Application->bootstrapWith(Array)
#25 /Users/appkey/Desktop/agungappkey/tugas-akhir/vendor/laravel/framework/src/Illuminate/Foundation/Console/Kernel.php(199): Illuminate\\Foundation\\Console\\Kernel->bootstrap()
#26 Command line code(1): Illuminate\\Foundation\\Console\\Kernel->handle(Object(Symfony\\Component\\Console\\Input\\ArgvInput), Object(Symfony\\Component\\Console\\Output\\ConsoleOutput))
#27 {main}","url":"http://localhost","method":"GET","ip":"127.0.0.1","user_agent":"Symfony","user_id":null} 
[2025-12-06 09:05:04] laravel.EMERGENCY: Unable to create configured logger. Using emergency logger. {"exception":"[object] (ErrorException(code: 0): Undefined array key \"channels\" at /Users/appkey/Desktop/agungappkey/tugas-akhir/vendor/laravel/framework/src/Illuminate/Log/LogManager.php:260)
[stacktrace]
#0 /Users/appkey/Desktop/agungappkey/tugas-akhir/vendor/laravel/framework/src/Illuminate/Foundation/Bootstrap/HandleExceptions.php(255): Illuminate\\Foundation\\Bootstrap\\HandleExceptions->handleError(2, 'Undefined array...', '/Users/appkey/D...', 260)
#1 /Users/appkey/Desktop/agungappkey/tugas-akhir/vendor/laravel/framework/src/Illuminate/Log/LogManager.php(260): Illuminate\\Foundation\\Bootstrap\\HandleExceptions->Illuminate\\Foundation\\Bootstrap\\{closure}(2, 'Undefined array...', '/Users/appkey/D...', 260)
#2 /Users/appkey/Desktop/agungappkey/tugas-akhir/vendor/laravel/framework/src/Illuminate/Log/LogManager.php(222): Illuminate\\Log\\LogManager->createStackDriver(Array)
#3 /Users/appkey/Desktop/agungappkey/tugas-akhir/vendor/laravel/framework/src/Illuminate/Log/LogManager.php(137): Illuminate\\Log\\LogManager->resolve('stack', Array)
#4 /Users/appkey/Desktop/agungappkey/tugas-akhir/vendor/laravel/framework/src/Illuminate/Log/LogManager.php(124): Illuminate\\Log\\LogManager->get('stack')
#5 /Users/appkey/Desktop/agungappkey/tugas-akhir/vendor/laravel/framework/src/Illuminate/Log/LogManager.php(681): Illuminate\\Log\\LogManager->driver()
#6 /Users/appkey/Desktop/agungappkey/tugas-akhir/vendor/laravel/framework/src/Illuminate/Foundation/Exceptions/Handler.php(317): Illuminate\\Log\\LogManager->error('Unclosed '(' do...', Array)
#7 /Users/appkey/Desktop/agungappkey/tugas-akhir/vendor/laravel/framework/src/Illuminate/Foundation/Exceptions/Handler.php(278): Illuminate\\Foundation\\Exceptions\\Handler->reportThrowable(Object(ParseError))
#8 /Users/appkey/Desktop/agungappkey/tugas-akhir/vendor/nunomaduro/collision/src/Adapters/Laravel/ExceptionHandler.php(46): Illuminate\\Foundation\\Exceptions\\Handler->report(Object(ParseError))
#9 /Users/appkey/Desktop/agungappkey/tugas-akhir/vendor/laravel/framework/src/Illuminate/Foundation/Console/Kernel.php(523): NunoMaduro\\Collision\\Adapters\\Laravel\\ExceptionHandler->report(Object(ParseError))
#10 /Users/appkey/Desktop/agungappkey/tugas-akhir/vendor/laravel/framework/src/Illuminate/Foundation/Console/Kernel.php(203): Illuminate\\Foundation\\Console\\Kernel->reportException(Object(ParseError))
#11 Command line code(1): Illuminate\\Foundation\\Console\\Kernel->handle(Object(Symfony\\Component\\Console\\Input\\ArgvInput), Object(Symfony\\Component\\Console\\Output\\ConsoleOutput))
#12 {main}
"} 
[2025-12-06 09:05:04] laravel.ERROR: Unclosed '(' does not match ']' {"exception":"[object] (ParseError(code: 0): Unclosed '(' does not match ']' at /Users/appkey/Desktop/agungappkey/tugas-akhir/routes/auth.php:49)
[stacktrace]
#0 /Users/appkey/Desktop/agungappkey/tugas-akhir/vendor/laravel/framework/src/Illuminate/Routing/RouteFileRegistrar.php(35): require()
#1 /Users/appkey/Desktop/agungappkey/tugas-akhir/vendor/laravel/framework/src/Illuminate/Routing/Router.php(511): Illuminate\\Routing\\RouteFileRegistrar->register('/Users/appkey/D...')
#2 /Users/appkey/Desktop/agungappkey/tugas-akhir/vendor/laravel/framework/src/Illuminate/Routing/Router.php(465): Illuminate\\Routing\\Router->loadRoutes('/Users/appkey/D...')
#3 /Users/appkey/Desktop/agungappkey/tugas-akhir/vendor/laravel/framework/src/Illuminate/Routing/RouteRegistrar.php(194): Illuminate\\Routing\\Router->group(Array, '/Users/appkey/D...')
#4 /Users/appkey/Desktop/agungappkey/tugas-akhir/app/Providers/RouteServiceProvider.php(42): Illuminate\\Routing\\RouteRegistrar->group('/Users/appkey/D...')
#5 /Users/appkey/Desktop/agungappkey/tugas-akhir/vendor/laravel/framework/src/Illuminate/Container/BoundMethod.php(36): App\\Providers\\RouteServiceProvider->App\\Providers\\{closure}()
#6 /Users/appkey/Desktop/agungappkey/tugas-akhir/vendor/laravel/framework/src/Illuminate/Container/Util.php(41): Illuminate\\Container\\BoundMethod::Illuminate\\Container\\{closure}()
#7 /Users/appkey/Desktop/agungappkey/tugas-akhir/vendor/laravel/framework/src/Illuminate/Container/BoundMethod.php(81): Illuminate\\Container\\Util::unwrapIfClosure(Object(Closure))
#8 /Users/appkey/Desktop/agungappkey/tugas-akhir/vendor/laravel/framework/src/Illuminate/Container/BoundMethod.php(35): Illuminate\\Container\\BoundMethod::callBoundMethod(Object(Illuminate\\Foundation\\Application), Object(Closure), Object(Closure))
#9 /Users/appkey/Desktop/agungappkey/tugas-akhir/vendor/laravel/framework/src/Illuminate/Container/Container.php(662): Illuminate\\Container\\BoundMethod::call(Object(Illuminate\\Foundation\\Application), Object(Closure), Array, NULL)
#10 /Users/appkey/Desktop/agungappkey/tugas-akhir/vendor/laravel/framework/src/Illuminate/Foundation/Support/Providers/RouteServiceProvider.php(120): Illuminate\\Container\\Container->call(Object(Closure))
#11 /Users/appkey/Desktop/agungappkey/tugas-akhir/vendor/laravel/framework/src/Illuminate/Foundation/Support/Providers/RouteServiceProvider.php(45): Illuminate\\Foundation\\Support\\Providers\\RouteServiceProvider->loadRoutes()
#12 /Users/appkey/Desktop/agungappkey/tugas-akhir/vendor/laravel/framework/src/Illuminate/Container/BoundMethod.php(36): Illuminate\\Foundation\\Support\\Providers\\RouteServiceProvider->Illuminate\\Foundation\\Support\\Providers\\{closure}()
#13 /Users/appkey/Desktop/agungappkey/tugas-akhir/vendor/laravel/framework/src/Illuminate/Container/Util.php(41): Illuminate\\Container\\BoundMethod::Illuminate\\Container\\{closure}()
#14 /Users/appkey/Desktop/agungappkey/tugas-akhir/vendor/laravel/framework/src/Illuminate/Container/BoundMethod.php(81): Illuminate\\Container\\Util::unwrapIfClosure(Object(Closure))
#15 /Users/appkey/Desktop/agungappkey/tugas-akhir/vendor/laravel/framework/src/Illuminate/Container/BoundMethod.php(35): Illuminate\\Container\\BoundMethod::callBoundMethod(Object(Illuminate\\Foundation\\Application), Object(Closure), Object(Closure))
#16 /Users/appkey/Desktop/agungappkey/tugas-akhir/vendor/laravel/framework/src/Illuminate/Container/Container.php(662): Illuminate\\Container\\BoundMethod::call(Object(Illuminate\\Foundation\\Application), Object(Closure), Array, NULL)
#17 /Users/appkey/Desktop/agungappkey/tugas-akhir/vendor/laravel/framework/src/Illuminate/Support/ServiceProvider.php(119): Illuminate\\Container\\Container->call(Object(Closure))
#18 /Users/appkey/Desktop/agungappkey/tugas-akhir/vendor/laravel/framework/src/Illuminate/Foundation/Application.php(1062): Illuminate\\Support\\ServiceProvider->callBootedCallbacks()
#19 /Users/appkey/Desktop/agungappkey/tugas-akhir/vendor/laravel/framework/src/Illuminate/Foundation/Application.php(1040): Illuminate\\Foundation\\Application->bootProvider(Object(App\\Providers\\RouteServiceProvider))
#20 [internal function]: Illuminate\\Foundation\\Application->Illuminate\\Foundation\\{closure}(Object(App\\Providers\\RouteServiceProvider), 32)
#21 /Users/appkey/Desktop/agungappkey/tugas-akhir/vendor/laravel/framework/src/Illuminate/Foundation/Application.php(1039): array_walk(Array, Object(Closure))
#22 /Users/appkey/Desktop/agungappkey/tugas-akhir/vendor/laravel/framework/src/Illuminate/Foundation/Bootstrap/BootProviders.php(17): Illuminate\\Foundation\\Application->boot()
#23 /Users/appkey/Desktop/agungappkey/tugas-akhir/vendor/laravel/framework/src/Illuminate/Foundation/Application.php(286): Illuminate\\Foundation\\Bootstrap\\BootProviders->bootstrap(Object(Illuminate\\Foundation\\Application))
#24 /Users/appkey/Desktop/agungappkey/tugas-akhir/vendor/laravel/framework/src/Illuminate/Foundation/Console/Kernel.php(447): Illuminate\\Foundation\\Application->bootstrapWith(Array)
#25 /Users/appkey/Desktop/agungappkey/tugas-akhir/vendor/laravel/framework/src/Illuminate/Foundation/Console/Kernel.php(199): Illuminate\\Foundation\\Console\\Kernel->bootstrap()
#26 Command line code(1): Illuminate\\Foundation\\Console\\Kernel->handle(Object(Symfony\\Component\\Console\\Input\\ArgvInput), Object(Symfony\\Component\\Console\\Output\\ConsoleOutput))
#27 {main}
"} 
[2025-12-06 09:05:14] laravel.EMERGENCY: Unable to create configured logger. Using emergency logger. {"exception":"[object] (ErrorException(code: 0): Undefined array key \"channels\" at /Users/appkey/Desktop/agungappkey/tugas-akhir/vendor/laravel/framework/src/Illuminate/Log/LogManager.php:260)
[stacktrace]
#0 /Users/appkey/Desktop/agungappkey/tugas-akhir/vendor/laravel/framework/src/Illuminate/Foundation/Bootstrap/HandleExceptions.php(255): Illuminate\\Foundation\\Bootstrap\\HandleExceptions->handleError(2, 'Undefined array...', '/Users/appkey/D...', 260)
#1 /Users/appkey/Desktop/agungappkey/tugas-akhir/vendor/laravel/framework/src/Illuminate/Log/LogManager.php(260): Illuminate\\Foundation\\Bootstrap\\HandleExceptions->Illuminate\\Foundation\\Bootstrap\\{closure}(2, 'Undefined array...', '/Users/appkey/D...', 260)
#2 /Users/appkey/Desktop/agungappkey/tugas-akhir/vendor/laravel/framework/src/Illuminate/Log/LogManager.php(222): Illuminate\\Log\\LogManager->createStackDriver(Array)
#3 /Users/appkey/Desktop/agungappkey/tugas-akhir/vendor/laravel/framework/src/Illuminate/Log/LogManager.php(137): Illuminate\\Log\\LogManager->resolve('stack', Array)
#4 /Users/appkey/Desktop/agungappkey/tugas-akhir/vendor/laravel/framework/src/Illuminate/Log/LogManager.php(124): Illuminate\\Log\\LogManager->get('stack')
#5 /Users/appkey/Desktop/agungappkey/tugas-akhir/vendor/laravel/framework/src/Illuminate/Log/LogManager.php(681): Illuminate\\Log\\LogManager->driver()
#6 /Users/appkey/Desktop/agungappkey/tugas-akhir/vendor/laravel/framework/src/Illuminate/Support/Facades/Facade.php(355): Illuminate\\Log\\LogManager->error('Unhandled excep...', Array)
#7 /Users/appkey/Desktop/agungappkey/tugas-akhir/app/Exceptions/Handler.php(73): Illuminate\\Support\\Facades\\Facade::__callStatic('error', Array)
#8 /Users/appkey/Desktop/agungappkey/tugas-akhir/app/Exceptions/Handler.php(32): App\\Exceptions\\Handler->logException(Object(ParseError))
#9 [internal function]: App\\Exceptions\\Handler->App\\Exceptions\\{closure}(Object(ParseError))
#10 /Users/appkey/Desktop/agungappkey/tugas-akhir/vendor/laravel/framework/src/Illuminate/Foundation/Exceptions/ReportableHandler.php(45): call_user_func(Object(Closure), Object(ParseError))
#11 /Users/appkey/Desktop/agungappkey/tugas-akhir/vendor/laravel/framework/src/Illuminate/Foundation/Exceptions/Handler.php(299): Illuminate\\Foundation\\Exceptions\\ReportableHandler->__invoke(Object(ParseError))
#12 /Users/appkey/Desktop/agungappkey/tugas-akhir/vendor/laravel/framework/src/Illuminate/Foundation/Exceptions/Handler.php(278): Illuminate\\Foundation\\Exceptions\\Handler->reportThrowable(Object(ParseError))
#13 /Users/appkey/Desktop/agungappkey/tugas-akhir/vendor/nunomaduro/collision/src/Adapters/Laravel/ExceptionHandler.php(46): Illuminate\\Foundation\\Exceptions\\Handler->report(Object(ParseError))
#14 /Users/appkey/Desktop/agungappkey/tugas-akhir/vendor/laravel/framework/src/Illuminate/Foundation/Console/Kernel.php(523): NunoMaduro\\Collision\\Adapters\\Laravel\\ExceptionHandler->report(Object(ParseError))
#15 /Users/appkey/Desktop/agungappkey/tugas-akhir/vendor/laravel/framework/src/Illuminate/Foundation/Console/Kernel.php(203): Illuminate\\Foundation\\Console\\Kernel->reportException(Object(ParseError))
#16 Command line code(1): Illuminate\\Foundation\\Console\\Kernel->handle(Object(Symfony\\Component\\Console\\Input\\ArgvInput), Object(Symfony\\Component\\Console\\Output\\ConsoleOutput))
#17 {main}
"} 
[2025-12-06 09:05:14] laravel.ERROR: Unhandled exception {"exception":"ParseError","message":"Unclosed '(' does not match ']'","file":"/Users/appkey/Desktop/agungappkey/tugas-akhir/routes/auth.php","line":49,"trace":"#0 /Users/appkey/Desktop/agungappkey/tugas-akhir/vendor/laravel/framework/src/Illuminate/Routing/RouteFileRegistrar.php(35): require()
#1 /Users/appkey/Desktop/agungappkey/tugas-akhir/vendor/laravel/framework/src/Illuminate/Routing/Router.php(511): Illuminate\\Routing\\RouteFileRegistrar->register('/Users/appkey/D...')
#2 /Users/appkey/Desktop/agungappkey/tugas-akhir/vendor/laravel/framework/src/Illuminate/Routing/Router.php(465): Illuminate\\Routing\\Router->loadRoutes('/Users/appkey/D...')
#3 /Users/appkey/Desktop/agungappkey/tugas-akhir/vendor/laravel/framework/src/Illuminate/Routing/RouteRegistrar.php(194): Illuminate\\Routing\\Router->group(Array, '/Users/appkey/D...')
#4 /Users/appkey/Desktop/agungappkey/tugas-akhir/app/Providers/RouteServiceProvider.php(42): Illuminate\\Routing\\RouteRegistrar->group('/Users/appkey/D...')
#5 /Users/appkey/Desktop/agungappkey/tugas-akhir/vendor/laravel/framework/src/Illuminate/Container/BoundMethod.php(36): App\\Providers\\RouteServiceProvider->App\\Providers\\{closure}()
#6 /Users/appkey/Desktop/agungappkey/tugas-akhir/vendor/laravel/framework/src/Illuminate/Container/Util.php(41): Illuminate\\Container\\BoundMethod::Illuminate\\Container\\{closure}()
#7 /Users/appkey/Desktop/agungappkey/tugas-akhir/vendor/laravel/framework/src/Illuminate/Container/BoundMethod.php(81): Illuminate\\Container\\Util::unwrapIfClosure(Object(Closure))
#8 /Users/appkey/Desktop/agungappkey/tugas-akhir/vendor/laravel/framework/src/Illuminate/Container/BoundMethod.php(35): Illuminate\\Container\\BoundMethod::callBoundMethod(Object(Illuminate\\Foundation\\Application), Object(Closure), Object(Closure))
#9 /Users/appkey/Desktop/agungappkey/tugas-akhir/vendor/laravel/framework/src/Illuminate/Container/Container.php(662): Illuminate\\Container\\BoundMethod::call(Object(Illuminate\\Foundation\\Application), Object(Closure), Array, NULL)
#10 /Users/appkey/Desktop/agungappkey/tugas-akhir/vendor/laravel/framework/src/Illuminate/Foundation/Support/Providers/RouteServiceProvider.php(120): Illuminate\\Container\\Container->call(Object(Closure))
#11 /Users/appkey/Desktop/agungappkey/tugas-akhir/vendor/laravel/framework/src/Illuminate/Foundation/Support/Providers/RouteServiceProvider.php(45): Illuminate\\Foundation\\Support\\Providers\\RouteServiceProvider->loadRoutes()
#12 /Users/appkey/Desktop/agungappkey/tugas-akhir/vendor/laravel/framework/src/Illuminate/Container/BoundMethod.php(36): Illuminate\\Foundation\\Support\\Providers\\RouteServiceProvider->Illuminate\\Foundation\\Support\\Providers\\{closure}()
#13 /Users/appkey/Desktop/agungappkey/tugas-akhir/vendor/laravel/framework/src/Illuminate/Container/Util.php(41): Illuminate\\Container\\BoundMethod::Illuminate\\Container\\{closure}()
#14 /Users/appkey/Desktop/agungappkey/tugas-akhir/vendor/laravel/framework/src/Illuminate/Container/BoundMethod.php(81): Illuminate\\Container\\Util::unwrapIfClosure(Object(Closure))
#15 /Users/appkey/Desktop/agungappkey/tugas-akhir/vendor/laravel/framework/src/Illuminate/Container/BoundMethod.php(35): Illuminate\\Container\\BoundMethod::callBoundMethod(Object(Illuminate\\Foundation\\Application), Object(Closure), Object(Closure))
#16 /Users/appkey/Desktop/agungappkey/tugas-akhir/vendor/laravel/framework/src/Illuminate/Container/Container.php(662): Illuminate\\Container\\BoundMethod::call(Object(Illuminate\\Foundation\\Application), Object(Closure), Array, NULL)
#17 /Users/appkey/Desktop/agungappkey/tugas-akhir/vendor/laravel/framework/src/Illuminate/Support/ServiceProvider.php(119): Illuminate\\Container\\Container->call(Object(Closure))
#18 /Users/appkey/Desktop/agungappkey/tugas-akhir/vendor/laravel/framework/src/Illuminate/Foundation/Application.php(1062): Illuminate\\Support\\ServiceProvider->callBootedCallbacks()
#19 /Users/appkey/Desktop/agungappkey/tugas-akhir/vendor/laravel/framework/src/Illuminate/Foundation/Application.php(1040): Illuminate\\Foundation\\Application->bootProvider(Object(App\\Providers\\RouteServiceProvider))
#20 [internal function]: Illuminate\\Foundation\\Application->Illuminate\\Foundation\\{closure}(Object(App\\Providers\\RouteServiceProvider), 32)
#21 /Users/appkey/Desktop/agungappkey/tugas-akhir/vendor/laravel/framework/src/Illuminate/Foundation/Application.php(1039): array_walk(Array, Object(Closure))
#22 /Users/appkey/Desktop/agungappkey/tugas-akhir/vendor/laravel/framework/src/Illuminate/Foundation/Bootstrap/BootProviders.php(17): Illuminate\\Foundation\\Application->boot()
#23 /Users/appkey/Desktop/agungappkey/tugas-akhir/vendor/laravel/framework/src/Illuminate/Foundation/Application.php(286): Illuminate\\Foundation\\Bootstrap\\BootProviders->bootstrap(Object(Illuminate\\Foundation\\Application))
#24 /Users/appkey/Desktop/agungappkey/tugas-akhir/vendor/laravel/framework/src/Illuminate/Foundation/Console/Kernel.php(447): Illuminate\\Foundation\\Application->bootstrapWith(Array)
#25 /Users/appkey/Desktop/agungappkey/tugas-akhir/vendor/laravel/framework/src/Illuminate/Foundation/Console/Kernel.php(199): Illuminate\\Foundation\\Console\\Kernel->bootstrap()
#26 Command line code(1): Illuminate\\Foundation\\Console\\Kernel->handle(Object(Symfony\\Component\\Console\\Input\\ArgvInput), Object(Symfony\\Component\\Console\\Output\\ConsoleOutput))
#27 {main}","url":"http://localhost","method":"GET","ip":"127.0.0.1","user_agent":"Symfony","user_id":null} 
[2025-12-06 09:05:14] laravel.EMERGENCY: Unable to create configured logger. Using emergency logger. {"exception":"[object] (ErrorException(code: 0): Undefined array key \"channels\" at /Users/appkey/Desktop/agungappkey/tugas-akhir/vendor/laravel/framework/src/Illuminate/Log/LogManager.php:260)
[stacktrace]
#0 /Users/appkey/Desktop/agungappkey/tugas-akhir/vendor/laravel/framework/src/Illuminate/Foundation/Bootstrap/HandleExceptions.php(255): Illuminate\\Foundation\\Bootstrap\\HandleExceptions->handleError(2, 'Undefined array...', '/Users/appkey/D...', 260)
#1 /Users/appkey/Desktop/agungappkey/tugas-akhir/vendor/laravel/framework/src/Illuminate/Log/LogManager.php(260): Illuminate\\Foundation\\Bootstrap\\HandleExceptions->Illuminate\\Foundation\\Bootstrap\\{closure}(2, 'Undefined array...', '/Users/appkey/D...', 260)
#2 /Users/appkey/Desktop/agungappkey/tugas-akhir/vendor/laravel/framework/src/Illuminate/Log/LogManager.php(222): Illuminate\\Log\\LogManager->createStackDriver(Array)
#3 /Users/appkey/Desktop/agungappkey/tugas-akhir/vendor/laravel/framework/src/Illuminate/Log/LogManager.php(137): Illuminate\\Log\\LogManager->resolve('stack', Array)
#4 /Users/appkey/Desktop/agungappkey/tugas-akhir/vendor/laravel/framework/src/Illuminate/Log/LogManager.php(124): Illuminate\\Log\\LogManager->get('stack')
#5 /Users/appkey/Desktop/agungappkey/tugas-akhir/vendor/laravel/framework/src/Illuminate/Log/LogManager.php(681): Illuminate\\Log\\LogManager->driver()
#6 /Users/appkey/Desktop/agungappkey/tugas-akhir/vendor/laravel/framework/src/Illuminate/Foundation/Exceptions/Handler.php(317): Illuminate\\Log\\LogManager->error('Unclosed '(' do...', Array)
#7 /Users/appkey/Desktop/agungappkey/tugas-akhir/vendor/laravel/framework/src/Illuminate/Foundation/Exceptions/Handler.php(278): Illuminate\\Foundation\\Exceptions\\Handler->reportThrowable(Object(ParseError))
#8 /Users/appkey/Desktop/agungappkey/tugas-akhir/vendor/nunomaduro/collision/src/Adapters/Laravel/ExceptionHandler.php(46): Illuminate\\Foundation\\Exceptions\\Handler->report(Object(ParseError))
#9 /Users/appkey/Desktop/agungappkey/tugas-akhir/vendor/laravel/framework/src/Illuminate/Foundation/Console/Kernel.php(523): NunoMaduro\\Collision\\Adapters\\Laravel\\ExceptionHandler->report(Object(ParseError))
#10 /Users/appkey/Desktop/agungappkey/tugas-akhir/vendor/laravel/framework/src/Illuminate/Foundation/Console/Kernel.php(203): Illuminate\\Foundation\\Console\\Kernel->reportException(Object(ParseError))
#11 Command line code(1): Illuminate\\Foundation\\Console\\Kernel->handle(Object(Symfony\\Component\\Console\\Input\\ArgvInput), Object(Symfony\\Component\\Console\\Output\\ConsoleOutput))
#12 {main}
"} 
[2025-12-06 09:05:14] laravel.ERROR: Unclosed '(' does not match ']' {"exception":"[object] (ParseError(code: 0): Unclosed '(' does not match ']' at /Users/appkey/Desktop/agungappkey/tugas-akhir/routes/auth.php:49)
[stacktrace]
#0 /Users/appkey/Desktop/agungappkey/tugas-akhir/vendor/laravel/framework/src/Illuminate/Routing/RouteFileRegistrar.php(35): require()
#1 /Users/appkey/Desktop/agungappkey/tugas-akhir/vendor/laravel/framework/src/Illuminate/Routing/Router.php(511): Illuminate\\Routing\\RouteFileRegistrar->register('/Users/appkey/D...')
#2 /Users/appkey/Desktop/agungappkey/tugas-akhir/vendor/laravel/framework/src/Illuminate/Routing/Router.php(465): Illuminate\\Routing\\Router->loadRoutes('/Users/appkey/D...')
#3 /Users/appkey/Desktop/agungappkey/tugas-akhir/vendor/laravel/framework/src/Illuminate/Routing/RouteRegistrar.php(194): Illuminate\\Routing\\Router->group(Array, '/Users/appkey/D...')
#4 /Users/appkey/Desktop/agungappkey/tugas-akhir/app/Providers/RouteServiceProvider.php(42): Illuminate\\Routing\\RouteRegistrar->group('/Users/appkey/D...')
#5 /Users/appkey/Desktop/agungappkey/tugas-akhir/vendor/laravel/framework/src/Illuminate/Container/BoundMethod.php(36): App\\Providers\\RouteServiceProvider->App\\Providers\\{closure}()
#6 /Users/appkey/Desktop/agungappkey/tugas-akhir/vendor/laravel/framework/src/Illuminate/Container/Util.php(41): Illuminate\\Container\\BoundMethod::Illuminate\\Container\\{closure}()
#7 /Users/appkey/Desktop/agungappkey/tugas-akhir/vendor/laravel/framework/src/Illuminate/Container/BoundMethod.php(81): Illuminate\\Container\\Util::unwrapIfClosure(Object(Closure))
#8 /Users/appkey/Desktop/agungappkey/tugas-akhir/vendor/laravel/framework/src/Illuminate/Container/BoundMethod.php(35): Illuminate\\Container\\BoundMethod::callBoundMethod(Object(Illuminate\\Foundation\\Application), Object(Closure), Object(Closure))
#9 /Users/appkey/Desktop/agungappkey/tugas-akhir/vendor/laravel/framework/src/Illuminate/Container/Container.php(662): Illuminate\\Container\\BoundMethod::call(Object(Illuminate\\Foundation\\Application), Object(Closure), Array, NULL)
#10 /Users/appkey/Desktop/agungappkey/tugas-akhir/vendor/laravel/framework/src/Illuminate/Foundation/Support/Providers/RouteServiceProvider.php(120): Illuminate\\Container\\Container->call(Object(Closure))
#11 /Users/appkey/Desktop/agungappkey/tugas-akhir/vendor/laravel/framework/src/Illuminate/Foundation/Support/Providers/RouteServiceProvider.php(45): Illuminate\\Foundation\\Support\\Providers\\RouteServiceProvider->loadRoutes()
#12 /Users/appkey/Desktop/agungappkey/tugas-akhir/vendor/laravel/framework/src/Illuminate/Container/BoundMethod.php(36): Illuminate\\Foundation\\Support\\Providers\\RouteServiceProvider->Illuminate\\Foundation\\Support\\Providers\\{closure}()
#13 /Users/appkey/Desktop/agungappkey/tugas-akhir/vendor/laravel/framework/src/Illuminate/Container/Util.php(41): Illuminate\\Container\\BoundMethod::Illuminate\\Container\\{closure}()
#14 /Users/appkey/Desktop/agungappkey/tugas-akhir/vendor/laravel/framework/src/Illuminate/Container/BoundMethod.php(81): Illuminate\\Container\\Util::unwrapIfClosure(Object(Closure))
#15 /Users/appkey/Desktop/agungappkey/tugas-akhir/vendor/laravel/framework/src/Illuminate/Container/BoundMethod.php(35): Illuminate\\Container\\BoundMethod::callBoundMethod(Object(Illuminate\\Foundation\\Application), Object(Closure), Object(Closure))
#16 /Users/appkey/Desktop/agungappkey/tugas-akhir/vendor/laravel/framework/src/Illuminate/Container/Container.php(662): Illuminate\\Container\\BoundMethod::call(Object(Illuminate\\Foundation\\Application), Object(Closure), Array, NULL)
#17 /Users/appkey/Desktop/agungappkey/tugas-akhir/vendor/laravel/framework/src/Illuminate/Support/ServiceProvider.php(119): Illuminate\\Container\\Container->call(Object(Closure))
#18 /Users/appkey/Desktop/agungappkey/tugas-akhir/vendor/laravel/framework/src/Illuminate/Foundation/Application.php(1062): Illuminate\\Support\\ServiceProvider->callBootedCallbacks()
#19 /Users/appkey/Desktop/agungappkey/tugas-akhir/vendor/laravel/framework/src/Illuminate/Foundation/Application.php(1040): Illuminate\\Foundation\\Application->bootProvider(Object(App\\Providers\\RouteServiceProvider))
#20 [internal function]: Illuminate\\Foundation\\Application->Illuminate\\Foundation\\{closure}(Object(App\\Providers\\RouteServiceProvider), 32)
#21 /Users/appkey/Desktop/agungappkey/tugas-akhir/vendor/laravel/framework/src/Illuminate/Foundation/Application.php(1039): array_walk(Array, Object(Closure))
#22 /Users/appkey/Desktop/agungappkey/tugas-akhir/vendor/laravel/framework/src/Illuminate/Foundation/Bootstrap/BootProviders.php(17): Illuminate\\Foundation\\Application->boot()
#23 /Users/appkey/Desktop/agungappkey/tugas-akhir/vendor/laravel/framework/src/Illuminate/Foundation/Application.php(286): Illuminate\\Foundation\\Bootstrap\\BootProviders->bootstrap(Object(Illuminate\\Foundation\\Application))
#24 /Users/appkey/Desktop/agungappkey/tugas-akhir/vendor/laravel/framework/src/Illuminate/Foundation/Console/Kernel.php(447): Illuminate\\Foundation\\Application->bootstrapWith(Array)
#25 /Users/appkey/Desktop/agungappkey/tugas-akhir/vendor/laravel/framework/src/Illuminate/Foundation/Console/Kernel.php(199): Illuminate\\Foundation\\Console\\Kernel->bootstrap()
#26 Command line code(1): Illuminate\\Foundation\\Console\\Kernel->handle(Object(Symfony\\Component\\Console\\Input\\ArgvInput), Object(Symfony\\Component\\Console\\Output\\ConsoleOutput))
#27 {main}
"} 
[2025-12-06 09:05:39] laravel.EMERGENCY: Unable to create configured logger. Using emergency logger. {"exception":"[object] (ErrorException(code: 0): Undefined array key \"channels\" at /Users/appkey/Desktop/agungappkey/tugas-akhir/vendor/laravel/framework/src/Illuminate/Log/LogManager.php:260)
[stacktrace]
#0 /Users/appkey/Desktop/agungappkey/tugas-akhir/vendor/laravel/framework/src/Illuminate/Foundation/Bootstrap/HandleExceptions.php(255): Illuminate\\Foundation\\Bootstrap\\HandleExceptions->handleError(2, 'Undefined array...', '/Users/appkey/D...', 260)
#1 /Users/appkey/Desktop/agungappkey/tugas-akhir/vendor/laravel/framework/src/Illuminate/Log/LogManager.php(260): Illuminate\\Foundation\\Bootstrap\\HandleExceptions->Illuminate\\Foundation\\Bootstrap\\{closure}(2, 'Undefined array...', '/Users/appkey/D...', 260)
#2 /Users/appkey/Desktop/agungappkey/tugas-akhir/vendor/laravel/framework/src/Illuminate/Log/LogManager.php(222): Illuminate\\Log\\LogManager->createStackDriver(Array)
#3 /Users/appkey/Desktop/agungappkey/tugas-akhir/vendor/laravel/framework/src/Illuminate/Log/LogManager.php(137): Illuminate\\Log\\LogManager->resolve('stack', Array)
#4 /Users/appkey/Desktop/agungappkey/tugas-akhir/vendor/laravel/framework/src/Illuminate/Log/LogManager.php(124): Illuminate\\Log\\LogManager->get('stack')
#5 /Users/appkey/Desktop/agungappkey/tugas-akhir/vendor/laravel/framework/src/Illuminate/Log/LogManager.php(681): Illuminate\\Log\\LogManager->driver()
#6 /Users/appkey/Desktop/agungappkey/tugas-akhir/vendor/laravel/framework/src/Illuminate/Support/Facades/Facade.php(355): Illuminate\\Log\\LogManager->error('Unhandled excep...', Array)
#7 /Users/appkey/Desktop/agungappkey/tugas-akhir/app/Exceptions/Handler.php(73): Illuminate\\Support\\Facades\\Facade::__callStatic('error', Array)
#8 /Users/appkey/Desktop/agungappkey/tugas-akhir/app/Exceptions/Handler.php(32): App\\Exceptions\\Handler->logException(Object(ParseError))
#9 [internal function]: App\\Exceptions\\Handler->App\\Exceptions\\{closure}(Object(ParseError))
#10 /Users/appkey/Desktop/agungappkey/tugas-akhir/vendor/laravel/framework/src/Illuminate/Foundation/Exceptions/ReportableHandler.php(45): call_user_func(Object(Closure), Object(ParseError))
#11 /Users/appkey/Desktop/agungappkey/tugas-akhir/vendor/laravel/framework/src/Illuminate/Foundation/Exceptions/Handler.php(299): Illuminate\\Foundation\\Exceptions\\ReportableHandler->__invoke(Object(ParseError))
#12 /Users/appkey/Desktop/agungappkey/tugas-akhir/vendor/laravel/framework/src/Illuminate/Foundation/Exceptions/Handler.php(278): Illuminate\\Foundation\\Exceptions\\Handler->reportThrowable(Object(ParseError))
#13 /Users/appkey/Desktop/agungappkey/tugas-akhir/vendor/nunomaduro/collision/src/Adapters/Laravel/ExceptionHandler.php(46): Illuminate\\Foundation\\Exceptions\\Handler->report(Object(ParseError))
#14 /Users/appkey/Desktop/agungappkey/tugas-akhir/vendor/laravel/framework/src/Illuminate/Foundation/Console/Kernel.php(523): NunoMaduro\\Collision\\Adapters\\Laravel\\ExceptionHandler->report(Object(ParseError))
#15 /Users/appkey/Desktop/agungappkey/tugas-akhir/vendor/laravel/framework/src/Illuminate/Foundation/Console/Kernel.php(203): Illuminate\\Foundation\\Console\\Kernel->reportException(Object(ParseError))
#16 Command line code(1): Illuminate\\Foundation\\Console\\Kernel->handle(Object(Symfony\\Component\\Console\\Input\\ArgvInput), Object(Symfony\\Component\\Console\\Output\\ConsoleOutput))
#17 {main}
"} 
[2025-12-06 09:05:39] laravel.EMERGENCY: Unable to create configured logger. Using emergency logger. {"exception":"[object] (ErrorException(code: 0): Undefined array key \"channels\" at /Users/appkey/Desktop/agungappkey/tugas-akhir/vendor/laravel/framework/src/Illuminate/Log/LogManager.php:260)
[stacktrace]
#0 /Users/appkey/Desktop/agungappkey/tugas-akhir/vendor/laravel/framework/src/Illuminate/Foundation/Bootstrap/HandleExceptions.php(255): Illuminate\\Foundation\\Bootstrap\\HandleExceptions->handleError(2, 'Undefined array...', '/Users/appkey/D...', 260)
#1 /Users/appkey/Desktop/agungappkey/tugas-akhir/vendor/laravel/framework/src/Illuminate/Log/LogManager.php(260): Illuminate\\Foundation\\Bootstrap\\HandleExceptions->Illuminate\\Foundation\\Bootstrap\\{closure}(2, 'Undefined array...', '/Users/appkey/D...', 260)
#2 /Users/appkey/Desktop/agungappkey/tugas-akhir/vendor/laravel/framework/src/Illuminate/Log/LogManager.php(222): Illuminate\\Log\\LogManager->createStackDriver(Array)
#3 /Users/appkey/Desktop/agungappkey/tugas-akhir/vendor/laravel/framework/src/Illuminate/Log/LogManager.php(137): Illuminate\\Log\\LogManager->resolve('stack', Array)
#4 /Users/appkey/Desktop/agungappkey/tugas-akhir/vendor/laravel/framework/src/Illuminate/Log/LogManager.php(124): Illuminate\\Log\\LogManager->get('stack')
#5 /Users/appkey/Desktop/agungappkey/tugas-akhir/vendor/laravel/framework/src/Illuminate/Log/LogManager.php(681): Illuminate\\Log\\LogManager->driver()
#6 /Users/appkey/Desktop/agungappkey/tugas-akhir/vendor/laravel/framework/src/Illuminate/Support/Facades/Facade.php(355): Illuminate\\Log\\LogManager->error('Unhandled excep...', Array)
#7 /Users/appkey/Desktop/agungappkey/tugas-akhir/app/Exceptions/Handler.php(73): Illuminate\\Support\\Facades\\Facade::__callStatic('error', Array)
#8 /Users/appkey/Desktop/agungappkey/tugas-akhir/app/Exceptions/Handler.php(32): App\\Exceptions\\Handler->logException(Object(ParseError))
#9 [internal function]: App\\Exceptions\\Handler->App\\Exceptions\\{closure}(Object(ParseError))
#10 /Users/appkey/Desktop/agungappkey/tugas-akhir/vendor/laravel/framework/src/Illuminate/Foundation/Exceptions/ReportableHandler.php(45): call_user_func(Object(Closure), Object(ParseError))
#11 /Users/appkey/Desktop/agungappkey/tugas-akhir/vendor/laravel/framework/src/Illuminate/Foundation/Exceptions/Handler.php(299): Illuminate\\Foundation\\Exceptions\\ReportableHandler->__invoke(Object(ParseError))
#12 /Users/appkey/Desktop/agungappkey/tugas-akhir/vendor/laravel/framework/src/Illuminate/Foundation/Exceptions/Handler.php(278): Illuminate\\Foundation\\Exceptions\\Handler->reportThrowable(Object(ParseError))
#13 /Users/appkey/Desktop/agungappkey/tugas-akhir/vendor/nunomaduro/collision/src/Adapters/Laravel/ExceptionHandler.php(46): Illuminate\\Foundation\\Exceptions\\Handler->report(Object(ParseError))
#14 /Users/appkey/Desktop/agungappkey/tugas-akhir/vendor/laravel/framework/src/Illuminate/Foundation/Console/Kernel.php(523): NunoMaduro\\Collision\\Adapters\\Laravel\\ExceptionHandler->report(Object(ParseError))
#15 /Users/appkey/Desktop/agungappkey/tugas-akhir/vendor/laravel/framework/src/Illuminate/Foundation/Console/Kernel.php(203): Illuminate\\Foundation\\Console\\Kernel->reportException(Object(ParseError))
#16 Command line code(1): Illuminate\\Foundation\\Console\\Kernel->handle(Object(Symfony\\Component\\Console\\Input\\ArgvInput), Object(Symfony\\Component\\Console\\Output\\ConsoleOutput))
#17 {main}
"} 
[2025-12-06 09:05:39] laravel.ERROR: Unhandled exception {"exception":"ParseError","message":"Unclosed '(' does not match ']'","file":"/Users/appkey/Desktop/agungappkey/tugas-akhir/routes/auth.php","line":49,"trace":"#0 /Users/appkey/Desktop/agungappkey/tugas-akhir/vendor/laravel/framework/src/Illuminate/Routing/RouteFileRegistrar.php(35): require()
#1 /Users/appkey/Desktop/agungappkey/tugas-akhir/vendor/laravel/framework/src/Illuminate/Routing/Router.php(511): Illuminate\\Routing\\RouteFileRegistrar->register('/Users/appkey/D...')
#2 /Users/appkey/Desktop/agungappkey/tugas-akhir/vendor/laravel/framework/src/Illuminate/Routing/Router.php(465): Illuminate\\Routing\\Router->loadRoutes('/Users/appkey/D...')
#3 /Users/appkey/Desktop/agungappkey/tugas-akhir/vendor/laravel/framework/src/Illuminate/Routing/RouteRegistrar.php(194): Illuminate\\Routing\\Router->group(Array, '/Users/appkey/D...')
#4 /Users/appkey/Desktop/agungappkey/tugas-akhir/app/Providers/RouteServiceProvider.php(42): Illuminate\\Routing\\RouteRegistrar->group('/Users/appkey/D...')
#5 /Users/appkey/Desktop/agungappkey/tugas-akhir/vendor/laravel/framework/src/Illuminate/Container/BoundMethod.php(36): App\\Providers\\RouteServiceProvider->App\\Providers\\{closure}()
#6 /Users/appkey/Desktop/agungappkey/tugas-akhir/vendor/laravel/framework/src/Illuminate/Container/Util.php(41): Illuminate\\Container\\BoundMethod::Illuminate\\Container\\{closure}()
#7 /Users/appkey/Desktop/agungappkey/tugas-akhir/vendor/laravel/framework/src/Illuminate/Container/BoundMethod.php(81): Illuminate\\Container\\Util::unwrapIfClosure(Object(Closure))
#8 /Users/appkey/Desktop/agungappkey/tugas-akhir/vendor/laravel/framework/src/Illuminate/Container/BoundMethod.php(35): Illuminate\\Container\\BoundMethod::callBoundMethod(Object(Illuminate\\Foundation\\Application), Object(Closure), Object(Closure))
#9 /Users/appkey/Desktop/agungappkey/tugas-akhir/vendor/laravel/framework/src/Illuminate/Container/Container.php(662): Illuminate\\Container\\BoundMethod::call(Object(Illuminate\\Foundation\\Application), Object(Closure), Array, NULL)
#10 /Users/appkey/Desktop/agungappkey/tugas-akhir/vendor/laravel/framework/src/Illuminate/Foundation/Support/Providers/RouteServiceProvider.php(120): Illuminate\\Container\\Container->call(Object(Closure))
#11 /Users/appkey/Desktop/agungappkey/tugas-akhir/vendor/laravel/framework/src/Illuminate/Foundation/Support/Providers/RouteServiceProvider.php(45): Illuminate\\Foundation\\Support\\Providers\\RouteServiceProvider->loadRoutes()
#12 /Users/appkey/Desktop/agungappkey/tugas-akhir/vendor/laravel/framework/src/Illuminate/Container/BoundMethod.php(36): Illuminate\\Foundation\\Support\\Providers\\RouteServiceProvider->Illuminate\\Foundation\\Support\\Providers\\{closure}()
#13 /Users/appkey/Desktop/agungappkey/tugas-akhir/vendor/laravel/framework/src/Illuminate/Container/Util.php(41): Illuminate\\Container\\BoundMethod::Illuminate\\Container\\{closure}()
#14 /Users/appkey/Desktop/agungappkey/tugas-akhir/vendor/laravel/framework/src/Illuminate/Container/BoundMethod.php(81): Illuminate\\Container\\Util::unwrapIfClosure(Object(Closure))
#15 /Users/appkey/Desktop/agungappkey/tugas-akhir/vendor/laravel/framework/src/Illuminate/Container/BoundMethod.php(35): Illuminate\\Container\\BoundMethod::callBoundMethod(Object(Illuminate\\Foundation\\Application), Object(Closure), Object(Closure))
#16 /Users/appkey/Desktop/agungappkey/tugas-akhir/vendor/laravel/framework/src/Illuminate/Container/Container.php(662): Illuminate\\Container\\BoundMethod::call(Object(Illuminate\\Foundation\\Application), Object(Closure), Array, NULL)
#17 /Users/appkey/Desktop/agungappkey/tugas-akhir/vendor/laravel/framework/src/Illuminate/Support/ServiceProvider.php(119): Illuminate\\Container\\Container->call(Object(Closure))
#18 /Users/appkey/Desktop/agungappkey/tugas-akhir/vendor/laravel/framework/src/Illuminate/Foundation/Application.php(1062): Illuminate\\Support\\ServiceProvider->callBootedCallbacks()
#19 /Users/appkey/Desktop/agungappkey/tugas-akhir/vendor/laravel/framework/src/Illuminate/Foundation/Application.php(1040): Illuminate\\Foundation\\Application->bootProvider(Object(App\\Providers\\RouteServiceProvider))
#20 [internal function]: Illuminate\\Foundation\\Application->Illuminate\\Foundation\\{closure}(Object(App\\Providers\\RouteServiceProvider), 32)
#21 /Users/appkey/Desktop/agungappkey/tugas-akhir/vendor/laravel/framework/src/Illuminate/Foundation/Application.php(1039): array_walk(Array, Object(Closure))
#22 /Users/appkey/Desktop/agungappkey/tugas-akhir/vendor/laravel/framework/src/Illuminate/Foundation/Bootstrap/BootProviders.php(17): Illuminate\\Foundation\\Application->boot()
#23 /Users/appkey/Desktop/agungappkey/tugas-akhir/vendor/laravel/framework/src/Illuminate/Foundation/Application.php(286): Illuminate\\Foundation\\Bootstrap\\BootProviders->bootstrap(Object(Illuminate\\Foundation\\Application))
#24 /Users/appkey/Desktop/agungappkey/tugas-akhir/vendor/laravel/framework/src/Illuminate/Foundation/Console/Kernel.php(447): Illuminate\\Foundation\\Application->bootstrapWith(Array)
#25 /Users/appkey/Desktop/agungappkey/tugas-akhir/vendor/laravel/framework/src/Illuminate/Foundation/Console/Kernel.php(199): Illuminate\\Foundation\\Console\\Kernel->bootstrap()
#26 Command line code(1): Illuminate\\Foundation\\Console\\Kernel->handle(Object(Symfony\\Component\\Console\\Input\\ArgvInput), Object(Symfony\\Component\\Console\\Output\\ConsoleOutput))
#27 {main}","url":"http://localhost","method":"GET","ip":"127.0.0.1","user_agent":"Symfony","user_id":null} 
[2025-12-06 09:05:39] laravel.ERROR: Unhandled exception {"exception":"ParseError","message":"Unclosed '(' does not match ']'","file":"/Users/appkey/Desktop/agungappkey/tugas-akhir/routes/auth.php","line":49,"trace":"#0 /Users/appkey/Desktop/agungappkey/tugas-akhir/vendor/laravel/framework/src/Illuminate/Routing/RouteFileRegistrar.php(35): require()
#1 /Users/appkey/Desktop/agungappkey/tugas-akhir/vendor/laravel/framework/src/Illuminate/Routing/Router.php(511): Illuminate\\Routing\\RouteFileRegistrar->register('/Users/appkey/D...')
#2 /Users/appkey/Desktop/agungappkey/tugas-akhir/vendor/laravel/framework/src/Illuminate/Routing/Router.php(465): Illuminate\\Routing\\Router->loadRoutes('/Users/appkey/D...')
#3 /Users/appkey/Desktop/agungappkey/tugas-akhir/vendor/laravel/framework/src/Illuminate/Routing/RouteRegistrar.php(194): Illuminate\\Routing\\Router->group(Array, '/Users/appkey/D...')
#4 /Users/appkey/Desktop/agungappkey/tugas-akhir/app/Providers/RouteServiceProvider.php(42): Illuminate\\Routing\\RouteRegistrar->group('/Users/appkey/D...')
#5 /Users/appkey/Desktop/agungappkey/tugas-akhir/vendor/laravel/framework/src/Illuminate/Container/BoundMethod.php(36): App\\Providers\\RouteServiceProvider->App\\Providers\\{closure}()
#6 /Users/appkey/Desktop/agungappkey/tugas-akhir/vendor/laravel/framework/src/Illuminate/Container/Util.php(41): Illuminate\\Container\\BoundMethod::Illuminate\\Container\\{closure}()
#7 /Users/appkey/Desktop/agungappkey/tugas-akhir/vendor/laravel/framework/src/Illuminate/Container/BoundMethod.php(81): Illuminate\\Container\\Util::unwrapIfClosure(Object(Closure))
#8 /Users/appkey/Desktop/agungappkey/tugas-akhir/vendor/laravel/framework/src/Illuminate/Container/BoundMethod.php(35): Illuminate\\Container\\BoundMethod::callBoundMethod(Object(Illuminate\\Foundation\\Application), Object(Closure), Object(Closure))
#9 /Users/appkey/Desktop/agungappkey/tugas-akhir/vendor/laravel/framework/src/Illuminate/Container/Container.php(662): Illuminate\\Container\\BoundMethod::call(Object(Illuminate\\Foundation\\Application), Object(Closure), Array, NULL)
#10 /Users/appkey/Desktop/agungappkey/tugas-akhir/vendor/laravel/framework/src/Illuminate/Foundation/Support/Providers/RouteServiceProvider.php(120): Illuminate\\Container\\Container->call(Object(Closure))
#11 /Users/appkey/Desktop/agungappkey/tugas-akhir/vendor/laravel/framework/src/Illuminate/Foundation/Support/Providers/RouteServiceProvider.php(45): Illuminate\\Foundation\\Support\\Providers\\RouteServiceProvider->loadRoutes()
#12 /Users/appkey/Desktop/agungappkey/tugas-akhir/vendor/laravel/framework/src/Illuminate/Container/BoundMethod.php(36): Illuminate\\Foundation\\Support\\Providers\\RouteServiceProvider->Illuminate\\Foundation\\Support\\Providers\\{closure}()
#13 /Users/appkey/Desktop/agungappkey/tugas-akhir/vendor/laravel/framework/src/Illuminate/Container/Util.php(41): Illuminate\\Container\\BoundMethod::Illuminate\\Container\\{closure}()
#14 /Users/appkey/Desktop/agungappkey/tugas-akhir/vendor/laravel/framework/src/Illuminate/Container/BoundMethod.php(81): Illuminate\\Container\\Util::unwrapIfClosure(Object(Closure))
#15 /Users/appkey/Desktop/agungappkey/tugas-akhir/vendor/laravel/framework/src/Illuminate/Container/BoundMethod.php(35): Illuminate\\Container\\BoundMethod::callBoundMethod(Object(Illuminate\\Foundation\\Application), Object(Closure), Object(Closure))
#16 /Users/appkey/Desktop/agungappkey/tugas-akhir/vendor/laravel/framework/src/Illuminate/Container/Container.php(662): Illuminate\\Container\\BoundMethod::call(Object(Illuminate\\Foundation\\Application), Object(Closure), Array, NULL)
#17 /Users/appkey/Desktop/agungappkey/tugas-akhir/vendor/laravel/framework/src/Illuminate/Support/ServiceProvider.php(119): Illuminate\\Container\\Container->call(Object(Closure))
#18 /Users/appkey/Desktop/agungappkey/tugas-akhir/vendor/laravel/framework/src/Illuminate/Foundation/Application.php(1062): Illuminate\\Support\\ServiceProvider->callBootedCallbacks()
#19 /Users/appkey/Desktop/agungappkey/tugas-akhir/vendor/laravel/framework/src/Illuminate/Foundation/Application.php(1040): Illuminate\\Foundation\\Application->bootProvider(Object(App\\Providers\\RouteServiceProvider))
#20 [internal function]: Illuminate\\Foundation\\Application->Illuminate\\Foundation\\{closure}(Object(App\\Providers\\RouteServiceProvider), 32)
#21 /Users/appkey/Desktop/agungappkey/tugas-akhir/vendor/laravel/framework/src/Illuminate/Foundation/Application.php(1039): array_walk(Array, Object(Closure))
#22 /Users/appkey/Desktop/agungappkey/tugas-akhir/vendor/laravel/framework/src/Illuminate/Foundation/Bootstrap/BootProviders.php(17): Illuminate\\Foundation\\Application->boot()
#23 /Users/appkey/Desktop/agungappkey/tugas-akhir/vendor/laravel/framework/src/Illuminate/Foundation/Application.php(286): Illuminate\\Foundation\\Bootstrap\\BootProviders->bootstrap(Object(Illuminate\\Foundation\\Application))
#24 /Users/appkey/Desktop/agungappkey/tugas-akhir/vendor/laravel/framework/src/Illuminate/Foundation/Console/Kernel.php(447): Illuminate\\Foundation\\Application->bootstrapWith(Array)
#25 /Users/appkey/Desktop/agungappkey/tugas-akhir/vendor/laravel/framework/src/Illuminate/Foundation/Console/Kernel.php(199): Illuminate\\Foundation\\Console\\Kernel->bootstrap()
#26 Command line code(1): Illuminate\\Foundation\\Console\\Kernel->handle(Object(Symfony\\Component\\Console\\Input\\ArgvInput), Object(Symfony\\Component\\Console\\Output\\ConsoleOutput))
#27 {main}","url":"http://localhost","method":"GET","ip":"127.0.0.1","user_agent":"Symfony","user_id":null} 
[2025-12-06 09:05:39] laravel.EMERGENCY: Unable to create configured logger. Using emergency logger. {"exception":"[object] (ErrorException(code: 0): Undefined array key \"channels\" at /Users/appkey/Desktop/agungappkey/tugas-akhir/vendor/laravel/framework/src/Illuminate/Log/LogManager.php:260)
[stacktrace]
#0 /Users/appkey/Desktop/agungappkey/tugas-akhir/vendor/laravel/framework/src/Illuminate/Foundation/Bootstrap/HandleExceptions.php(255): Illuminate\\Foundation\\Bootstrap\\HandleExceptions->handleError(2, 'Undefined array...', '/Users/appkey/D...', 260)
#1 /Users/appkey/Desktop/agungappkey/tugas-akhir/vendor/laravel/framework/src/Illuminate/Log/LogManager.php(260): Illuminate\\Foundation\\Bootstrap\\HandleExceptions->Illuminate\\Foundation\\Bootstrap\\{closure}(2, 'Undefined array...', '/Users/appkey/D...', 260)
#2 /Users/appkey/Desktop/agungappkey/tugas-akhir/vendor/laravel/framework/src/Illuminate/Log/LogManager.php(222): Illuminate\\Log\\LogManager->createStackDriver(Array)
#3 /Users/appkey/Desktop/agungappkey/tugas-akhir/vendor/laravel/framework/src/Illuminate/Log/LogManager.php(137): Illuminate\\Log\\LogManager->resolve('stack', Array)
#4 /Users/appkey/Desktop/agungappkey/tugas-akhir/vendor/laravel/framework/src/Illuminate/Log/LogManager.php(124): Illuminate\\Log\\LogManager->get('stack')
#5 /Users/appkey/Desktop/agungappkey/tugas-akhir/vendor/laravel/framework/src/Illuminate/Log/LogManager.php(681): Illuminate\\Log\\LogManager->driver()
#6 /Users/appkey/Desktop/agungappkey/tugas-akhir/vendor/laravel/framework/src/Illuminate/Foundation/Exceptions/Handler.php(317): Illuminate\\Log\\LogManager->error('Unclosed '(' do...', Array)
#7 /Users/appkey/Desktop/agungappkey/tugas-akhir/vendor/laravel/framework/src/Illuminate/Foundation/Exceptions/Handler.php(278): Illuminate\\Foundation\\Exceptions\\Handler->reportThrowable(Object(ParseError))
#8 /Users/appkey/Desktop/agungappkey/tugas-akhir/vendor/nunomaduro/collision/src/Adapters/Laravel/ExceptionHandler.php(46): Illuminate\\Foundation\\Exceptions\\Handler->report(Object(ParseError))
#9 /Users/appkey/Desktop/agungappkey/tugas-akhir/vendor/laravel/framework/src/Illuminate/Foundation/Console/Kernel.php(523): NunoMaduro\\Collision\\Adapters\\Laravel\\ExceptionHandler->report(Object(ParseError))
#10 /Users/appkey/Desktop/agungappkey/tugas-akhir/vendor/laravel/framework/src/Illuminate/Foundation/Console/Kernel.php(203): Illuminate\\Foundation\\Console\\Kernel->reportException(Object(ParseError))
#11 Command line code(1): Illuminate\\Foundation\\Console\\Kernel->handle(Object(Symfony\\Component\\Console\\Input\\ArgvInput), Object(Symfony\\Component\\Console\\Output\\ConsoleOutput))
#12 {main}
"} 
[2025-12-06 09:05:39] laravel.EMERGENCY: Unable to create configured logger. Using emergency logger. {"exception":"[object] (ErrorException(code: 0): Undefined array key \"channels\" at /Users/appkey/Desktop/agungappkey/tugas-akhir/vendor/laravel/framework/src/Illuminate/Log/LogManager.php:260)
[stacktrace]
#0 /Users/appkey/Desktop/agungappkey/tugas-akhir/vendor/laravel/framework/src/Illuminate/Foundation/Bootstrap/HandleExceptions.php(255): Illuminate\\Foundation\\Bootstrap\\HandleExceptions->handleError(2, 'Undefined array...', '/Users/appkey/D...', 260)
#1 /Users/appkey/Desktop/agungappkey/tugas-akhir/vendor/laravel/framework/src/Illuminate/Log/LogManager.php(260): Illuminate\\Foundation\\Bootstrap\\HandleExceptions->Illuminate\\Foundation\\Bootstrap\\{closure}(2, 'Undefined array...', '/Users/appkey/D...', 260)
#2 /Users/appkey/Desktop/agungappkey/tugas-akhir/vendor/laravel/framework/src/Illuminate/Log/LogManager.php(222): Illuminate\\Log\\LogManager->createStackDriver(Array)
#3 /Users/appkey/Desktop/agungappkey/tugas-akhir/vendor/laravel/framework/src/Illuminate/Log/LogManager.php(137): Illuminate\\Log\\LogManager->resolve('stack', Array)
#4 /Users/appkey/Desktop/agungappkey/tugas-akhir/vendor/laravel/framework/src/Illuminate/Log/LogManager.php(124): Illuminate\\Log\\LogManager->get('stack')
#5 /Users/appkey/Desktop/agungappkey/tugas-akhir/vendor/laravel/framework/src/Illuminate/Log/LogManager.php(681): Illuminate\\Log\\LogManager->driver()
#6 /Users/appkey/Desktop/agungappkey/tugas-akhir/vendor/laravel/framework/src/Illuminate/Foundation/Exceptions/Handler.php(317): Illuminate\\Log\\LogManager->error('Unclosed '(' do...', Array)
#7 /Users/appkey/Desktop/agungappkey/tugas-akhir/vendor/laravel/framework/src/Illuminate/Foundation/Exceptions/Handler.php(278): Illuminate\\Foundation\\Exceptions\\Handler->reportThrowable(Object(ParseError))
#8 /Users/appkey/Desktop/agungappkey/tugas-akhir/vendor/nunomaduro/collision/src/Adapters/Laravel/ExceptionHandler.php(46): Illuminate\\Foundation\\Exceptions\\Handler->report(Object(ParseError))
#9 /Users/appkey/Desktop/agungappkey/tugas-akhir/vendor/laravel/framework/src/Illuminate/Foundation/Console/Kernel.php(523): NunoMaduro\\Collision\\Adapters\\Laravel\\ExceptionHandler->report(Object(ParseError))
#10 /Users/appkey/Desktop/agungappkey/tugas-akhir/vendor/laravel/framework/src/Illuminate/Foundation/Console/Kernel.php(203): Illuminate\\Foundation\\Console\\Kernel->reportException(Object(ParseError))
#11 Command line code(1): Illuminate\\Foundation\\Console\\Kernel->handle(Object(Symfony\\Component\\Console\\Input\\ArgvInput), Object(Symfony\\Component\\Console\\Output\\ConsoleOutput))
#12 {main}
"} 
[2025-12-06 09:05:39] laravel.ERROR: Unclosed '(' does not match ']' {"exception":"[object] (ParseError(code: 0): Unclosed '(' does not match ']' at /Users/appkey/Desktop/agungappkey/tugas-akhir/routes/auth.php:49)
[stacktrace]
#0 /Users/appkey/Desktop/agungappkey/tugas-akhir/vendor/laravel/framework/src/Illuminate/Routing/RouteFileRegistrar.php(35): require()
#1 /Users/appkey/Desktop/agungappkey/tugas-akhir/vendor/laravel/framework/src/Illuminate/Routing/Router.php(511): Illuminate\\Routing\\RouteFileRegistrar->register('/Users/appkey/D...')
#2 /Users/appkey/Desktop/agungappkey/tugas-akhir/vendor/laravel/framework/src/Illuminate/Routing/Router.php(465): Illuminate\\Routing\\Router->loadRoutes('/Users/appkey/D...')
#3 /Users/appkey/Desktop/agungappkey/tugas-akhir/vendor/laravel/framework/src/Illuminate/Routing/RouteRegistrar.php(194): Illuminate\\Routing\\Router->group(Array, '/Users/appkey/D...')
#4 /Users/appkey/Desktop/agungappkey/tugas-akhir/app/Providers/RouteServiceProvider.php(42): Illuminate\\Routing\\RouteRegistrar->group('/Users/appkey/D...')
#5 /Users/appkey/Desktop/agungappkey/tugas-akhir/vendor/laravel/framework/src/Illuminate/Container/BoundMethod.php(36): App\\Providers\\RouteServiceProvider->App\\Providers\\{closure}()
#6 /Users/appkey/Desktop/agungappkey/tugas-akhir/vendor/laravel/framework/src/Illuminate/Container/Util.php(41): Illuminate\\Container\\BoundMethod::Illuminate\\Container\\{closure}()
#7 /Users/appkey/Desktop/agungappkey/tugas-akhir/vendor/laravel/framework/src/Illuminate/Container/BoundMethod.php(81): Illuminate\\Container\\Util::unwrapIfClosure(Object(Closure))
#8 /Users/appkey/Desktop/agungappkey/tugas-akhir/vendor/laravel/framework/src/Illuminate/Container/BoundMethod.php(35): Illuminate\\Container\\BoundMethod::callBoundMethod(Object(Illuminate\\Foundation\\Application), Object(Closure), Object(Closure))
#9 /Users/appkey/Desktop/agungappkey/tugas-akhir/vendor/laravel/framework/src/Illuminate/Container/Container.php(662): Illuminate\\Container\\BoundMethod::call(Object(Illuminate\\Foundation\\Application), Object(Closure), Array, NULL)
#10 /Users/appkey/Desktop/agungappkey/tugas-akhir/vendor/laravel/framework/src/Illuminate/Foundation/Support/Providers/RouteServiceProvider.php(120): Illuminate\\Container\\Container->call(Object(Closure))
#11 /Users/appkey/Desktop/agungappkey/tugas-akhir/vendor/laravel/framework/src/Illuminate/Foundation/Support/Providers/RouteServiceProvider.php(45): Illuminate\\Foundation\\Support\\Providers\\RouteServiceProvider->loadRoutes()
#12 /Users/appkey/Desktop/agungappkey/tugas-akhir/vendor/laravel/framework/src/Illuminate/Container/BoundMethod.php(36): Illuminate\\Foundation\\Support\\Providers\\RouteServiceProvider->Illuminate\\Foundation\\Support\\Providers\\{closure}()
#13 /Users/appkey/Desktop/agungappkey/tugas-akhir/vendor/laravel/framework/src/Illuminate/Container/Util.php(41): Illuminate\\Container\\BoundMethod::Illuminate\\Container\\{closure}()
#14 /Users/appkey/Desktop/agungappkey/tugas-akhir/vendor/laravel/framework/src/Illuminate/Container/BoundMethod.php(81): Illuminate\\Container\\Util::unwrapIfClosure(Object(Closure))
#15 /Users/appkey/Desktop/agungappkey/tugas-akhir/vendor/laravel/framework/src/Illuminate/Container/BoundMethod.php(35): Illuminate\\Container\\BoundMethod::callBoundMethod(Object(Illuminate\\Foundation\\Application), Object(Closure), Object(Closure))
#16 /Users/appkey/Desktop/agungappkey/tugas-akhir/vendor/laravel/framework/src/Illuminate/Container/Container.php(662): Illuminate\\Container\\BoundMethod::call(Object(Illuminate\\Foundation\\Application), Object(Closure), Array, NULL)
#17 /Users/appkey/Desktop/agungappkey/tugas-akhir/vendor/laravel/framework/src/Illuminate/Support/ServiceProvider.php(119): Illuminate\\Container\\Container->call(Object(Closure))
#18 /Users/appkey/Desktop/agungappkey/tugas-akhir/vendor/laravel/framework/src/Illuminate/Foundation/Application.php(1062): Illuminate\\Support\\ServiceProvider->callBootedCallbacks()
#19 /Users/appkey/Desktop/agungappkey/tugas-akhir/vendor/laravel/framework/src/Illuminate/Foundation/Application.php(1040): Illuminate\\Foundation\\Application->bootProvider(Object(App\\Providers\\RouteServiceProvider))
#20 [internal function]: Illuminate\\Foundation\\Application->Illuminate\\Foundation\\{closure}(Object(App\\Providers\\RouteServiceProvider), 32)
#21 /Users/appkey/Desktop/agungappkey/tugas-akhir/vendor/laravel/framework/src/Illuminate/Foundation/Application.php(1039): array_walk(Array, Object(Closure))
#22 /Users/appkey/Desktop/agungappkey/tugas-akhir/vendor/laravel/framework/src/Illuminate/Foundation/Bootstrap/BootProviders.php(17): Illuminate\\Foundation\\Application->boot()
#23 /Users/appkey/Desktop/agungappkey/tugas-akhir/vendor/laravel/framework/src/Illuminate/Foundation/Application.php(286): Illuminate\\Foundation\\Bootstrap\\BootProviders->bootstrap(Object(Illuminate\\Foundation\\Application))
#24 /Users/appkey/Desktop/agungappkey/tugas-akhir/vendor/laravel/framework/src/Illuminate/Foundation/Console/Kernel.php(447): Illuminate\\Foundation\\Application->bootstrapWith(Array)
#25 /Users/appkey/Desktop/agungappkey/tugas-akhir/vendor/laravel/framework/src/Illuminate/Foundation/Console/Kernel.php(199): Illuminate\\Foundation\\Console\\Kernel->bootstrap()
#26 Command line code(1): Illuminate\\Foundation\\Console\\Kernel->handle(Object(Symfony\\Component\\Console\\Input\\ArgvInput), Object(Symfony\\Component\\Console\\Output\\ConsoleOutput))
#27 {main}
"} 
[2025-12-06 09:05:39] laravel.ERROR: Unclosed '(' does not match ']' {"exception":"[object] (ParseError(code: 0): Unclosed '(' does not match ']' at /Users/appkey/Desktop/agungappkey/tugas-akhir/routes/auth.php:49)
[stacktrace]
#0 /Users/appkey/Desktop/agungappkey/tugas-akhir/vendor/laravel/framework/src/Illuminate/Routing/RouteFileRegistrar.php(35): require()
#1 /Users/appkey/Desktop/agungappkey/tugas-akhir/vendor/laravel/framework/src/Illuminate/Routing/Router.php(511): Illuminate\\Routing\\RouteFileRegistrar->register('/Users/appkey/D...')
#2 /Users/appkey/Desktop/agungappkey/tugas-akhir/vendor/laravel/framework/src/Illuminate/Routing/Router.php(465): Illuminate\\Routing\\Router->loadRoutes('/Users/appkey/D...')
#3 /Users/appkey/Desktop/agungappkey/tugas-akhir/vendor/laravel/framework/src/Illuminate/Routing/RouteRegistrar.php(194): Illuminate\\Routing\\Router->group(Array, '/Users/appkey/D...')
#4 /Users/appkey/Desktop/agungappkey/tugas-akhir/app/Providers/RouteServiceProvider.php(42): Illuminate\\Routing\\RouteRegistrar->group('/Users/appkey/D...')
#5 /Users/appkey/Desktop/agungappkey/tugas-akhir/vendor/laravel/framework/src/Illuminate/Container/BoundMethod.php(36): App\\Providers\\RouteServiceProvider->App\\Providers\\{closure}()
#6 /Users/appkey/Desktop/agungappkey/tugas-akhir/vendor/laravel/framework/src/Illuminate/Container/Util.php(41): Illuminate\\Container\\BoundMethod::Illuminate\\Container\\{closure}()
#7 /Users/appkey/Desktop/agungappkey/tugas-akhir/vendor/laravel/framework/src/Illuminate/Container/BoundMethod.php(81): Illuminate\\Container\\Util::unwrapIfClosure(Object(Closure))
#8 /Users/appkey/Desktop/agungappkey/tugas-akhir/vendor/laravel/framework/src/Illuminate/Container/BoundMethod.php(35): Illuminate\\Container\\BoundMethod::callBoundMethod(Object(Illuminate\\Foundation\\Application), Object(Closure), Object(Closure))
#9 /Users/appkey/Desktop/agungappkey/tugas-akhir/vendor/laravel/framework/src/Illuminate/Container/Container.php(662): Illuminate\\Container\\BoundMethod::call(Object(Illuminate\\Foundation\\Application), Object(Closure), Array, NULL)
#10 /Users/appkey/Desktop/agungappkey/tugas-akhir/vendor/laravel/framework/src/Illuminate/Foundation/Support/Providers/RouteServiceProvider.php(120): Illuminate\\Container\\Container->call(Object(Closure))
#11 /Users/appkey/Desktop/agungappkey/tugas-akhir/vendor/laravel/framework/src/Illuminate/Foundation/Support/Providers/RouteServiceProvider.php(45): Illuminate\\Foundation\\Support\\Providers\\RouteServiceProvider->loadRoutes()
#12 /Users/appkey/Desktop/agungappkey/tugas-akhir/vendor/laravel/framework/src/Illuminate/Container/BoundMethod.php(36): Illuminate\\Foundation\\Support\\Providers\\RouteServiceProvider->Illuminate\\Foundation\\Support\\Providers\\{closure}()
#13 /Users/appkey/Desktop/agungappkey/tugas-akhir/vendor/laravel/framework/src/Illuminate/Container/Util.php(41): Illuminate\\Container\\BoundMethod::Illuminate\\Container\\{closure}()
#14 /Users/appkey/Desktop/agungappkey/tugas-akhir/vendor/laravel/framework/src/Illuminate/Container/BoundMethod.php(81): Illuminate\\Container\\Util::unwrapIfClosure(Object(Closure))
#15 /Users/appkey/Desktop/agungappkey/tugas-akhir/vendor/laravel/framework/src/Illuminate/Container/BoundMethod.php(35): Illuminate\\Container\\BoundMethod::callBoundMethod(Object(Illuminate\\Foundation\\Application), Object(Closure), Object(Closure))
#16 /Users/appkey/Desktop/agungappkey/tugas-akhir/vendor/laravel/framework/src/Illuminate/Container/Container.php(662): Illuminate\\Container\\BoundMethod::call(Object(Illuminate\\Foundation\\Application), Object(Closure), Array, NULL)
#17 /Users/appkey/Desktop/agungappkey/tugas-akhir/vendor/laravel/framework/src/Illuminate/Support/ServiceProvider.php(119): Illuminate\\Container\\Container->call(Object(Closure))
#18 /Users/appkey/Desktop/agungappkey/tugas-akhir/vendor/laravel/framework/src/Illuminate/Foundation/Application.php(1062): Illuminate\\Support\\ServiceProvider->callBootedCallbacks()
#19 /Users/appkey/Desktop/agungappkey/tugas-akhir/vendor/laravel/framework/src/Illuminate/Foundation/Application.php(1040): Illuminate\\Foundation\\Application->bootProvider(Object(App\\Providers\\RouteServiceProvider))
#20 [internal function]: Illuminate\\Foundation\\Application->Illuminate\\Foundation\\{closure}(Object(App\\Providers\\RouteServiceProvider), 32)
#21 /Users/appkey/Desktop/agungappkey/tugas-akhir/vendor/laravel/framework/src/Illuminate/Foundation/Application.php(1039): array_walk(Array, Object(Closure))
#22 /Users/appkey/Desktop/agungappkey/tugas-akhir/vendor/laravel/framework/src/Illuminate/Foundation/Bootstrap/BootProviders.php(17): Illuminate\\Foundation\\Application->boot()
#23 /Users/appkey/Desktop/agungappkey/tugas-akhir/vendor/laravel/framework/src/Illuminate/Foundation/Application.php(286): Illuminate\\Foundation\\Bootstrap\\BootProviders->bootstrap(Object(Illuminate\\Foundation\\Application))
#24 /Users/appkey/Desktop/agungappkey/tugas-akhir/vendor/laravel/framework/src/Illuminate/Foundation/Console/Kernel.php(447): Illuminate\\Foundation\\Application->bootstrapWith(Array)
#25 /Users/appkey/Desktop/agungappkey/tugas-akhir/vendor/laravel/framework/src/Illuminate/Foundation/Console/Kernel.php(199): Illuminate\\Foundation\\Console\\Kernel->bootstrap()
#26 Command line code(1): Illuminate\\Foundation\\Console\\Kernel->handle(Object(Symfony\\Component\\Console\\Input\\ArgvInput), Object(Symfony\\Component\\Console\\Output\\ConsoleOutput))
#27 {main}
"} 
[2025-12-06 09:06:07] laravel.EMERGENCY: Unable to create configured logger. Using emergency logger. {"exception":"[object] (ErrorException(code: 0): Undefined array key \"channels\" at /Users/appkey/Desktop/agungappkey/tugas-akhir/vendor/laravel/framework/src/Illuminate/Log/LogManager.php:260)
[stacktrace]
#0 /Users/appkey/Desktop/agungappkey/tugas-akhir/vendor/laravel/framework/src/Illuminate/Foundation/Bootstrap/HandleExceptions.php(255): Illuminate\\Foundation\\Bootstrap\\HandleExceptions->handleError(2, 'Undefined array...', '/Users/appkey/D...', 260)
#1 /Users/appkey/Desktop/agungappkey/tugas-akhir/vendor/laravel/framework/src/Illuminate/Log/LogManager.php(260): Illuminate\\Foundation\\Bootstrap\\HandleExceptions->Illuminate\\Foundation\\Bootstrap\\{closure}(2, 'Undefined array...', '/Users/appkey/D...', 260)
#2 /Users/appkey/Desktop/agungappkey/tugas-akhir/vendor/laravel/framework/src/Illuminate/Log/LogManager.php(222): Illuminate\\Log\\LogManager->createStackDriver(Array)
#3 /Users/appkey/Desktop/agungappkey/tugas-akhir/vendor/laravel/framework/src/Illuminate/Log/LogManager.php(137): Illuminate\\Log\\LogManager->resolve('stack', Array)
#4 /Users/appkey/Desktop/agungappkey/tugas-akhir/vendor/laravel/framework/src/Illuminate/Log/LogManager.php(124): Illuminate\\Log\\LogManager->get('stack')
#5 /Users/appkey/Desktop/agungappkey/tugas-akhir/vendor/laravel/framework/src/Illuminate/Log/LogManager.php(681): Illuminate\\Log\\LogManager->driver()
#6 /Users/appkey/Desktop/agungappkey/tugas-akhir/vendor/laravel/framework/src/Illuminate/Support/Facades/Facade.php(355): Illuminate\\Log\\LogManager->error('Unhandled excep...', Array)
#7 /Users/appkey/Desktop/agungappkey/tugas-akhir/app/Exceptions/Handler.php(73): Illuminate\\Support\\Facades\\Facade::__callStatic('error', Array)
#8 /Users/appkey/Desktop/agungappkey/tugas-akhir/app/Exceptions/Handler.php(32): App\\Exceptions\\Handler->logException(Object(ParseError))
#9 [internal function]: App\\Exceptions\\Handler->App\\Exceptions\\{closure}(Object(ParseError))
#10 /Users/appkey/Desktop/agungappkey/tugas-akhir/vendor/laravel/framework/src/Illuminate/Foundation/Exceptions/ReportableHandler.php(45): call_user_func(Object(Closure), Object(ParseError))
#11 /Users/appkey/Desktop/agungappkey/tugas-akhir/vendor/laravel/framework/src/Illuminate/Foundation/Exceptions/Handler.php(299): Illuminate\\Foundation\\Exceptions\\ReportableHandler->__invoke(Object(ParseError))
#12 /Users/appkey/Desktop/agungappkey/tugas-akhir/vendor/laravel/framework/src/Illuminate/Foundation/Exceptions/Handler.php(278): Illuminate\\Foundation\\Exceptions\\Handler->reportThrowable(Object(ParseError))
#13 /Users/appkey/Desktop/agungappkey/tugas-akhir/vendor/nunomaduro/collision/src/Adapters/Laravel/ExceptionHandler.php(46): Illuminate\\Foundation\\Exceptions\\Handler->report(Object(ParseError))
#14 /Users/appkey/Desktop/agungappkey/tugas-akhir/vendor/laravel/framework/src/Illuminate/Foundation/Console/Kernel.php(523): NunoMaduro\\Collision\\Adapters\\Laravel\\ExceptionHandler->report(Object(ParseError))
#15 /Users/appkey/Desktop/agungappkey/tugas-akhir/vendor/laravel/framework/src/Illuminate/Foundation/Console/Kernel.php(203): Illuminate\\Foundation\\Console\\Kernel->reportException(Object(ParseError))
#16 Command line code(1): Illuminate\\Foundation\\Console\\Kernel->handle(Object(Symfony\\Component\\Console\\Input\\ArgvInput), Object(Symfony\\Component\\Console\\Output\\ConsoleOutput))
#17 {main}
"} 
[2025-12-06 09:06:07] laravel.ERROR: Unhandled exception {"exception":"ParseError","message":"Unclosed '(' does not match ']'","file":"/Users/appkey/Desktop/agungappkey/tugas-akhir/routes/auth.php","line":49,"trace":"#0 /Users/appkey/Desktop/agungappkey/tugas-akhir/vendor/laravel/framework/src/Illuminate/Routing/RouteFileRegistrar.php(35): require()
#1 /Users/appkey/Desktop/agungappkey/tugas-akhir/vendor/laravel/framework/src/Illuminate/Routing/Router.php(511): Illuminate\\Routing\\RouteFileRegistrar->register('/Users/appkey/D...')
#2 /Users/appkey/Desktop/agungappkey/tugas-akhir/vendor/laravel/framework/src/Illuminate/Routing/Router.php(465): Illuminate\\Routing\\Router->loadRoutes('/Users/appkey/D...')
#3 /Users/appkey/Desktop/agungappkey/tugas-akhir/vendor/laravel/framework/src/Illuminate/Routing/RouteRegistrar.php(194): Illuminate\\Routing\\Router->group(Array, '/Users/appkey/D...')
#4 /Users/appkey/Desktop/agungappkey/tugas-akhir/app/Providers/RouteServiceProvider.php(42): Illuminate\\Routing\\RouteRegistrar->group('/Users/appkey/D...')
#5 /Users/appkey/Desktop/agungappkey/tugas-akhir/vendor/laravel/framework/src/Illuminate/Container/BoundMethod.php(36): App\\Providers\\RouteServiceProvider->App\\Providers\\{closure}()
#6 /Users/appkey/Desktop/agungappkey/tugas-akhir/vendor/laravel/framework/src/Illuminate/Container/Util.php(41): Illuminate\\Container\\BoundMethod::Illuminate\\Container\\{closure}()
#7 /Users/appkey/Desktop/agungappkey/tugas-akhir/vendor/laravel/framework/src/Illuminate/Container/BoundMethod.php(81): Illuminate\\Container\\Util::unwrapIfClosure(Object(Closure))
#8 /Users/appkey/Desktop/agungappkey/tugas-akhir/vendor/laravel/framework/src/Illuminate/Container/BoundMethod.php(35): Illuminate\\Container\\BoundMethod::callBoundMethod(Object(Illuminate\\Foundation\\Application), Object(Closure), Object(Closure))
#9 /Users/appkey/Desktop/agungappkey/tugas-akhir/vendor/laravel/framework/src/Illuminate/Container/Container.php(662): Illuminate\\Container\\BoundMethod::call(Object(Illuminate\\Foundation\\Application), Object(Closure), Array, NULL)
#10 /Users/appkey/Desktop/agungappkey/tugas-akhir/vendor/laravel/framework/src/Illuminate/Foundation/Support/Providers/RouteServiceProvider.php(120): Illuminate\\Container\\Container->call(Object(Closure))
#11 /Users/appkey/Desktop/agungappkey/tugas-akhir/vendor/laravel/framework/src/Illuminate/Foundation/Support/Providers/RouteServiceProvider.php(45): Illuminate\\Foundation\\Support\\Providers\\RouteServiceProvider->loadRoutes()
#12 /Users/appkey/Desktop/agungappkey/tugas-akhir/vendor/laravel/framework/src/Illuminate/Container/BoundMethod.php(36): Illuminate\\Foundation\\Support\\Providers\\RouteServiceProvider->Illuminate\\Foundation\\Support\\Providers\\{closure}()
#13 /Users/appkey/Desktop/agungappkey/tugas-akhir/vendor/laravel/framework/src/Illuminate/Container/Util.php(41): Illuminate\\Container\\BoundMethod::Illuminate\\Container\\{closure}()
#14 /Users/appkey/Desktop/agungappkey/tugas-akhir/vendor/laravel/framework/src/Illuminate/Container/BoundMethod.php(81): Illuminate\\Container\\Util::unwrapIfClosure(Object(Closure))
#15 /Users/appkey/Desktop/agungappkey/tugas-akhir/vendor/laravel/framework/src/Illuminate/Container/BoundMethod.php(35): Illuminate\\Container\\BoundMethod::callBoundMethod(Object(Illuminate\\Foundation\\Application), Object(Closure), Object(Closure))
#16 /Users/appkey/Desktop/agungappkey/tugas-akhir/vendor/laravel/framework/src/Illuminate/Container/Container.php(662): Illuminate\\Container\\BoundMethod::call(Object(Illuminate\\Foundation\\Application), Object(Closure), Array, NULL)
#17 /Users/appkey/Desktop/agungappkey/tugas-akhir/vendor/laravel/framework/src/Illuminate/Support/ServiceProvider.php(119): Illuminate\\Container\\Container->call(Object(Closure))
#18 /Users/appkey/Desktop/agungappkey/tugas-akhir/vendor/laravel/framework/src/Illuminate/Foundation/Application.php(1062): Illuminate\\Support\\ServiceProvider->callBootedCallbacks()
#19 /Users/appkey/Desktop/agungappkey/tugas-akhir/vendor/laravel/framework/src/Illuminate/Foundation/Application.php(1040): Illuminate\\Foundation\\Application->bootProvider(Object(App\\Providers\\RouteServiceProvider))
#20 [internal function]: Illuminate\\Foundation\\Application->Illuminate\\Foundation\\{closure}(Object(App\\Providers\\RouteServiceProvider), 32)
#21 /Users/appkey/Desktop/agungappkey/tugas-akhir/vendor/laravel/framework/src/Illuminate/Foundation/Application.php(1039): array_walk(Array, Object(Closure))
#22 /Users/appkey/Desktop/agungappkey/tugas-akhir/vendor/laravel/framework/src/Illuminate/Foundation/Bootstrap/BootProviders.php(17): Illuminate\\Foundation\\Application->boot()
#23 /Users/appkey/Desktop/agungappkey/tugas-akhir/vendor/laravel/framework/src/Illuminate/Foundation/Application.php(286): Illuminate\\Foundation\\Bootstrap\\BootProviders->bootstrap(Object(Illuminate\\Foundation\\Application))
#24 /Users/appkey/Desktop/agungappkey/tugas-akhir/vendor/laravel/framework/src/Illuminate/Foundation/Console/Kernel.php(447): Illuminate\\Foundation\\Application->bootstrapWith(Array)
#25 /Users/appkey/Desktop/agungappkey/tugas-akhir/vendor/laravel/framework/src/Illuminate/Foundation/Console/Kernel.php(199): Illuminate\\Foundation\\Console\\Kernel->bootstrap()
#26 Command line code(1): Illuminate\\Foundation\\Console\\Kernel->handle(Object(Symfony\\Component\\Console\\Input\\ArgvInput), Object(Symfony\\Component\\Console\\Output\\ConsoleOutput))
#27 {main}","url":"http://localhost","method":"GET","ip":"127.0.0.1","user_agent":"Symfony","user_id":null} 
[2025-12-06 09:06:07] laravel.EMERGENCY: Unable to create configured logger. Using emergency logger. {"exception":"[object] (ErrorException(code: 0): Undefined array key \"channels\" at /Users/appkey/Desktop/agungappkey/tugas-akhir/vendor/laravel/framework/src/Illuminate/Log/LogManager.php:260)
[stacktrace]
#0 /Users/appkey/Desktop/agungappkey/tugas-akhir/vendor/laravel/framework/src/Illuminate/Foundation/Bootstrap/HandleExceptions.php(255): Illuminate\\Foundation\\Bootstrap\\HandleExceptions->handleError(2, 'Undefined array...', '/Users/appkey/D...', 260)
#1 /Users/appkey/Desktop/agungappkey/tugas-akhir/vendor/laravel/framework/src/Illuminate/Log/LogManager.php(260): Illuminate\\Foundation\\Bootstrap\\HandleExceptions->Illuminate\\Foundation\\Bootstrap\\{closure}(2, 'Undefined array...', '/Users/appkey/D...', 260)
#2 /Users/appkey/Desktop/agungappkey/tugas-akhir/vendor/laravel/framework/src/Illuminate/Log/LogManager.php(222): Illuminate\\Log\\LogManager->createStackDriver(Array)
#3 /Users/appkey/Desktop/agungappkey/tugas-akhir/vendor/laravel/framework/src/Illuminate/Log/LogManager.php(137): Illuminate\\Log\\LogManager->resolve('stack', Array)
#4 /Users/appkey/Desktop/agungappkey/tugas-akhir/vendor/laravel/framework/src/Illuminate/Log/LogManager.php(124): Illuminate\\Log\\LogManager->get('stack')
#5 /Users/appkey/Desktop/agungappkey/tugas-akhir/vendor/laravel/framework/src/Illuminate/Log/LogManager.php(681): Illuminate\\Log\\LogManager->driver()
#6 /Users/appkey/Desktop/agungappkey/tugas-akhir/vendor/laravel/framework/src/Illuminate/Foundation/Exceptions/Handler.php(317): Illuminate\\Log\\LogManager->error('Unclosed '(' do...', Array)
#7 /Users/appkey/Desktop/agungappkey/tugas-akhir/vendor/laravel/framework/src/Illuminate/Foundation/Exceptions/Handler.php(278): Illuminate\\Foundation\\Exceptions\\Handler->reportThrowable(Object(ParseError))
#8 /Users/appkey/Desktop/agungappkey/tugas-akhir/vendor/nunomaduro/collision/src/Adapters/Laravel/ExceptionHandler.php(46): Illuminate\\Foundation\\Exceptions\\Handler->report(Object(ParseError))
#9 /Users/appkey/Desktop/agungappkey/tugas-akhir/vendor/laravel/framework/src/Illuminate/Foundation/Console/Kernel.php(523): NunoMaduro\\Collision\\Adapters\\Laravel\\ExceptionHandler->report(Object(ParseError))
#10 /Users/appkey/Desktop/agungappkey/tugas-akhir/vendor/laravel/framework/src/Illuminate/Foundation/Console/Kernel.php(203): Illuminate\\Foundation\\Console\\Kernel->reportException(Object(ParseError))
#11 Command line code(1): Illuminate\\Foundation\\Console\\Kernel->handle(Object(Symfony\\Component\\Console\\Input\\ArgvInput), Object(Symfony\\Component\\Console\\Output\\ConsoleOutput))
#12 {main}
"} 
[2025-12-06 09:06:07] laravel.ERROR: Unclosed '(' does not match ']' {"exception":"[object] (ParseError(code: 0): Unclosed '(' does not match ']' at /Users/appkey/Desktop/agungappkey/tugas-akhir/routes/auth.php:49)
[stacktrace]
#0 /Users/appkey/Desktop/agungappkey/tugas-akhir/vendor/laravel/framework/src/Illuminate/Routing/RouteFileRegistrar.php(35): require()
#1 /Users/appkey/Desktop/agungappkey/tugas-akhir/vendor/laravel/framework/src/Illuminate/Routing/Router.php(511): Illuminate\\Routing\\RouteFileRegistrar->register('/Users/appkey/D...')
#2 /Users/appkey/Desktop/agungappkey/tugas-akhir/vendor/laravel/framework/src/Illuminate/Routing/Router.php(465): Illuminate\\Routing\\Router->loadRoutes('/Users/appkey/D...')
#3 /Users/appkey/Desktop/agungappkey/tugas-akhir/vendor/laravel/framework/src/Illuminate/Routing/RouteRegistrar.php(194): Illuminate\\Routing\\Router->group(Array, '/Users/appkey/D...')
#4 /Users/appkey/Desktop/agungappkey/tugas-akhir/app/Providers/RouteServiceProvider.php(42): Illuminate\\Routing\\RouteRegistrar->group('/Users/appkey/D...')
#5 /Users/appkey/Desktop/agungappkey/tugas-akhir/vendor/laravel/framework/src/Illuminate/Container/BoundMethod.php(36): App\\Providers\\RouteServiceProvider->App\\Providers\\{closure}()
#6 /Users/appkey/Desktop/agungappkey/tugas-akhir/vendor/laravel/framework/src/Illuminate/Container/Util.php(41): Illuminate\\Container\\BoundMethod::Illuminate\\Container\\{closure}()
#7 /Users/appkey/Desktop/agungappkey/tugas-akhir/vendor/laravel/framework/src/Illuminate/Container/BoundMethod.php(81): Illuminate\\Container\\Util::unwrapIfClosure(Object(Closure))
#8 /Users/appkey/Desktop/agungappkey/tugas-akhir/vendor/laravel/framework/src/Illuminate/Container/BoundMethod.php(35): Illuminate\\Container\\BoundMethod::callBoundMethod(Object(Illuminate\\Foundation\\Application), Object(Closure), Object(Closure))
#9 /Users/appkey/Desktop/agungappkey/tugas-akhir/vendor/laravel/framework/src/Illuminate/Container/Container.php(662): Illuminate\\Container\\BoundMethod::call(Object(Illuminate\\Foundation\\Application), Object(Closure), Array, NULL)
#10 /Users/appkey/Desktop/agungappkey/tugas-akhir/vendor/laravel/framework/src/Illuminate/Foundation/Support/Providers/RouteServiceProvider.php(120): Illuminate\\Container\\Container->call(Object(Closure))
#11 /Users/appkey/Desktop/agungappkey/tugas-akhir/vendor/laravel/framework/src/Illuminate/Foundation/Support/Providers/RouteServiceProvider.php(45): Illuminate\\Foundation\\Support\\Providers\\RouteServiceProvider->loadRoutes()
#12 /Users/appkey/Desktop/agungappkey/tugas-akhir/vendor/laravel/framework/src/Illuminate/Container/BoundMethod.php(36): Illuminate\\Foundation\\Support\\Providers\\RouteServiceProvider->Illuminate\\Foundation\\Support\\Providers\\{closure}()
#13 /Users/appkey/Desktop/agungappkey/tugas-akhir/vendor/laravel/framework/src/Illuminate/Container/Util.php(41): Illuminate\\Container\\BoundMethod::Illuminate\\Container\\{closure}()
#14 /Users/appkey/Desktop/agungappkey/tugas-akhir/vendor/laravel/framework/src/Illuminate/Container/BoundMethod.php(81): Illuminate\\Container\\Util::unwrapIfClosure(Object(Closure))
#15 /Users/appkey/Desktop/agungappkey/tugas-akhir/vendor/laravel/framework/src/Illuminate/Container/BoundMethod.php(35): Illuminate\\Container\\BoundMethod::callBoundMethod(Object(Illuminate\\Foundation\\Application), Object(Closure), Object(Closure))
#16 /Users/appkey/Desktop/agungappkey/tugas-akhir/vendor/laravel/framework/src/Illuminate/Container/Container.php(662): Illuminate\\Container\\BoundMethod::call(Object(Illuminate\\Foundation\\Application), Object(Closure), Array, NULL)
#17 /Users/appkey/Desktop/agungappkey/tugas-akhir/vendor/laravel/framework/src/Illuminate/Support/ServiceProvider.php(119): Illuminate\\Container\\Container->call(Object(Closure))
#18 /Users/appkey/Desktop/agungappkey/tugas-akhir/vendor/laravel/framework/src/Illuminate/Foundation/Application.php(1062): Illuminate\\Support\\ServiceProvider->callBootedCallbacks()
#19 /Users/appkey/Desktop/agungappkey/tugas-akhir/vendor/laravel/framework/src/Illuminate/Foundation/Application.php(1040): Illuminate\\Foundation\\Application->bootProvider(Object(App\\Providers\\RouteServiceProvider))
#20 [internal function]: Illuminate\\Foundation\\Application->Illuminate\\Foundation\\{closure}(Object(App\\Providers\\RouteServiceProvider), 32)
#21 /Users/appkey/Desktop/agungappkey/tugas-akhir/vendor/laravel/framework/src/Illuminate/Foundation/Application.php(1039): array_walk(Array, Object(Closure))
#22 /Users/appkey/Desktop/agungappkey/tugas-akhir/vendor/laravel/framework/src/Illuminate/Foundation/Bootstrap/BootProviders.php(17): Illuminate\\Foundation\\Application->boot()
#23 /Users/appkey/Desktop/agungappkey/tugas-akhir/vendor/laravel/framework/src/Illuminate/Foundation/Application.php(286): Illuminate\\Foundation\\Bootstrap\\BootProviders->bootstrap(Object(Illuminate\\Foundation\\Application))
#24 /Users/appkey/Desktop/agungappkey/tugas-akhir/vendor/laravel/framework/src/Illuminate/Foundation/Console/Kernel.php(447): Illuminate\\Foundation\\Application->bootstrapWith(Array)
#25 /Users/appkey/Desktop/agungappkey/tugas-akhir/vendor/laravel/framework/src/Illuminate/Foundation/Console/Kernel.php(199): Illuminate\\Foundation\\Console\\Kernel->bootstrap()
#26 Command line code(1): Illuminate\\Foundation\\Console\\Kernel->handle(Object(Symfony\\Component\\Console\\Input\\ArgvInput), Object(Symfony\\Component\\Console\\Output\\ConsoleOutput))
#27 {main}
"} 
[2025-12-06 09:06:07] laravel.EMERGENCY: Unable to create configured logger. Using emergency logger. {"exception":"[object] (ErrorException(code: 0): Undefined array key \"channels\" at /Users/appkey/Desktop/agungappkey/tugas-akhir/vendor/laravel/framework/src/Illuminate/Log/LogManager.php:260)
[stacktrace]
#0 /Users/appkey/Desktop/agungappkey/tugas-akhir/vendor/laravel/framework/src/Illuminate/Foundation/Bootstrap/HandleExceptions.php(255): Illuminate\\Foundation\\Bootstrap\\HandleExceptions->handleError(2, 'Undefined array...', '/Users/appkey/D...', 260)
#1 /Users/appkey/Desktop/agungappkey/tugas-akhir/vendor/laravel/framework/src/Illuminate/Log/LogManager.php(260): Illuminate\\Foundation\\Bootstrap\\HandleExceptions->Illuminate\\Foundation\\Bootstrap\\{closure}(2, 'Undefined array...', '/Users/appkey/D...', 260)
#2 /Users/appkey/Desktop/agungappkey/tugas-akhir/vendor/laravel/framework/src/Illuminate/Log/LogManager.php(222): Illuminate\\Log\\LogManager->createStackDriver(Array)
#3 /Users/appkey/Desktop/agungappkey/tugas-akhir/vendor/laravel/framework/src/Illuminate/Log/LogManager.php(137): Illuminate\\Log\\LogManager->resolve('stack', Array)
#4 /Users/appkey/Desktop/agungappkey/tugas-akhir/vendor/laravel/framework/src/Illuminate/Log/LogManager.php(124): Illuminate\\Log\\LogManager->get('stack')
#5 /Users/appkey/Desktop/agungappkey/tugas-akhir/vendor/laravel/framework/src/Illuminate/Log/LogManager.php(681): Illuminate\\Log\\LogManager->driver()
#6 /Users/appkey/Desktop/agungappkey/tugas-akhir/vendor/laravel/framework/src/Illuminate/Support/Facades/Facade.php(355): Illuminate\\Log\\LogManager->error('Unhandled excep...', Array)
#7 /Users/appkey/Desktop/agungappkey/tugas-akhir/app/Exceptions/Handler.php(73): Illuminate\\Support\\Facades\\Facade::__callStatic('error', Array)
#8 /Users/appkey/Desktop/agungappkey/tugas-akhir/app/Exceptions/Handler.php(32): App\\Exceptions\\Handler->logException(Object(ParseError))
#9 [internal function]: App\\Exceptions\\Handler->App\\Exceptions\\{closure}(Object(ParseError))
#10 /Users/appkey/Desktop/agungappkey/tugas-akhir/vendor/laravel/framework/src/Illuminate/Foundation/Exceptions/ReportableHandler.php(45): call_user_func(Object(Closure), Object(ParseError))
#11 /Users/appkey/Desktop/agungappkey/tugas-akhir/vendor/laravel/framework/src/Illuminate/Foundation/Exceptions/Handler.php(299): Illuminate\\Foundation\\Exceptions\\ReportableHandler->__invoke(Object(ParseError))
#12 /Users/appkey/Desktop/agungappkey/tugas-akhir/vendor/laravel/framework/src/Illuminate/Foundation/Exceptions/Handler.php(278): Illuminate\\Foundation\\Exceptions\\Handler->reportThrowable(Object(ParseError))
#13 /Users/appkey/Desktop/agungappkey/tugas-akhir/vendor/nunomaduro/collision/src/Adapters/Laravel/ExceptionHandler.php(46): Illuminate\\Foundation\\Exceptions\\Handler->report(Object(ParseError))
#14 /Users/appkey/Desktop/agungappkey/tugas-akhir/vendor/laravel/framework/src/Illuminate/Foundation/Console/Kernel.php(523): NunoMaduro\\Collision\\Adapters\\Laravel\\ExceptionHandler->report(Object(ParseError))
#15 /Users/appkey/Desktop/agungappkey/tugas-akhir/vendor/laravel/framework/src/Illuminate/Foundation/Console/Kernel.php(203): Illuminate\\Foundation\\Console\\Kernel->reportException(Object(ParseError))
#16 Command line code(1): Illuminate\\Foundation\\Console\\Kernel->handle(Object(Symfony\\Component\\Console\\Input\\ArgvInput), Object(Symfony\\Component\\Console\\Output\\ConsoleOutput))
#17 {main}
"} 
[2025-12-06 09:06:07] laravel.ERROR: Unhandled exception {"exception":"ParseError","message":"Unclosed '(' does not match ']'","file":"/Users/appkey/Desktop/agungappkey/tugas-akhir/routes/auth.php","line":49,"trace":"#0 /Users/appkey/Desktop/agungappkey/tugas-akhir/vendor/laravel/framework/src/Illuminate/Routing/RouteFileRegistrar.php(35): require()
#1 /Users/appkey/Desktop/agungappkey/tugas-akhir/vendor/laravel/framework/src/Illuminate/Routing/Router.php(511): Illuminate\\Routing\\RouteFileRegistrar->register('/Users/appkey/D...')
#2 /Users/appkey/Desktop/agungappkey/tugas-akhir/vendor/laravel/framework/src/Illuminate/Routing/Router.php(465): Illuminate\\Routing\\Router->loadRoutes('/Users/appkey/D...')
#3 /Users/appkey/Desktop/agungappkey/tugas-akhir/vendor/laravel/framework/src/Illuminate/Routing/RouteRegistrar.php(194): Illuminate\\Routing\\Router->group(Array, '/Users/appkey/D...')
#4 /Users/appkey/Desktop/agungappkey/tugas-akhir/app/Providers/RouteServiceProvider.php(42): Illuminate\\Routing\\RouteRegistrar->group('/Users/appkey/D...')
#5 /Users/appkey/Desktop/agungappkey/tugas-akhir/vendor/laravel/framework/src/Illuminate/Container/BoundMethod.php(36): App\\Providers\\RouteServiceProvider->App\\Providers\\{closure}()
#6 /Users/appkey/Desktop/agungappkey/tugas-akhir/vendor/laravel/framework/src/Illuminate/Container/Util.php(41): Illuminate\\Container\\BoundMethod::Illuminate\\Container\\{closure}()
#7 /Users/appkey/Desktop/agungappkey/tugas-akhir/vendor/laravel/framework/src/Illuminate/Container/BoundMethod.php(81): Illuminate\\Container\\Util::unwrapIfClosure(Object(Closure))
#8 /Users/appkey/Desktop/agungappkey/tugas-akhir/vendor/laravel/framework/src/Illuminate/Container/BoundMethod.php(35): Illuminate\\Container\\BoundMethod::callBoundMethod(Object(Illuminate\\Foundation\\Application), Object(Closure), Object(Closure))
#9 /Users/appkey/Desktop/agungappkey/tugas-akhir/vendor/laravel/framework/src/Illuminate/Container/Container.php(662): Illuminate\\Container\\BoundMethod::call(Object(Illuminate\\Foundation\\Application), Object(Closure), Array, NULL)
#10 /Users/appkey/Desktop/agungappkey/tugas-akhir/vendor/laravel/framework/src/Illuminate/Foundation/Support/Providers/RouteServiceProvider.php(120): Illuminate\\Container\\Container->call(Object(Closure))
#11 /Users/appkey/Desktop/agungappkey/tugas-akhir/vendor/laravel/framework/src/Illuminate/Foundation/Support/Providers/RouteServiceProvider.php(45): Illuminate\\Foundation\\Support\\Providers\\RouteServiceProvider->loadRoutes()
#12 /Users/appkey/Desktop/agungappkey/tugas-akhir/vendor/laravel/framework/src/Illuminate/Container/BoundMethod.php(36): Illuminate\\Foundation\\Support\\Providers\\RouteServiceProvider->Illuminate\\Foundation\\Support\\Providers\\{closure}()
#13 /Users/appkey/Desktop/agungappkey/tugas-akhir/vendor/laravel/framework/src/Illuminate/Container/Util.php(41): Illuminate\\Container\\BoundMethod::Illuminate\\Container\\{closure}()
#14 /Users/appkey/Desktop/agungappkey/tugas-akhir/vendor/laravel/framework/src/Illuminate/Container/BoundMethod.php(81): Illuminate\\Container\\Util::unwrapIfClosure(Object(Closure))
#15 /Users/appkey/Desktop/agungappkey/tugas-akhir/vendor/laravel/framework/src/Illuminate/Container/BoundMethod.php(35): Illuminate\\Container\\BoundMethod::callBoundMethod(Object(Illuminate\\Foundation\\Application), Object(Closure), Object(Closure))
#16 /Users/appkey/Desktop/agungappkey/tugas-akhir/vendor/laravel/framework/src/Illuminate/Container/Container.php(662): Illuminate\\Container\\BoundMethod::call(Object(Illuminate\\Foundation\\Application), Object(Closure), Array, NULL)
#17 /Users/appkey/Desktop/agungappkey/tugas-akhir/vendor/laravel/framework/src/Illuminate/Support/ServiceProvider.php(119): Illuminate\\Container\\Container->call(Object(Closure))
#18 /Users/appkey/Desktop/agungappkey/tugas-akhir/vendor/laravel/framework/src/Illuminate/Foundation/Application.php(1062): Illuminate\\Support\\ServiceProvider->callBootedCallbacks()
#19 /Users/appkey/Desktop/agungappkey/tugas-akhir/vendor/laravel/framework/src/Illuminate/Foundation/Application.php(1040): Illuminate\\Foundation\\Application->bootProvider(Object(App\\Providers\\RouteServiceProvider))
#20 [internal function]: Illuminate\\Foundation\\Application->Illuminate\\Foundation\\{closure}(Object(App\\Providers\\RouteServiceProvider), 32)
#21 /Users/appkey/Desktop/agungappkey/tugas-akhir/vendor/laravel/framework/src/Illuminate/Foundation/Application.php(1039): array_walk(Array, Object(Closure))
#22 /Users/appkey/Desktop/agungappkey/tugas-akhir/vendor/laravel/framework/src/Illuminate/Foundation/Bootstrap/BootProviders.php(17): Illuminate\\Foundation\\Application->boot()
#23 /Users/appkey/Desktop/agungappkey/tugas-akhir/vendor/laravel/framework/src/Illuminate/Foundation/Application.php(286): Illuminate\\Foundation\\Bootstrap\\BootProviders->bootstrap(Object(Illuminate\\Foundation\\Application))
#24 /Users/appkey/Desktop/agungappkey/tugas-akhir/vendor/laravel/framework/src/Illuminate/Foundation/Console/Kernel.php(447): Illuminate\\Foundation\\Application->bootstrapWith(Array)
#25 /Users/appkey/Desktop/agungappkey/tugas-akhir/vendor/laravel/framework/src/Illuminate/Foundation/Console/Kernel.php(199): Illuminate\\Foundation\\Console\\Kernel->bootstrap()
#26 Command line code(1): Illuminate\\Foundation\\Console\\Kernel->handle(Object(Symfony\\Component\\Console\\Input\\ArgvInput), Object(Symfony\\Component\\Console\\Output\\ConsoleOutput))
#27 {main}","url":"http://localhost","method":"GET","ip":"127.0.0.1","user_agent":"Symfony","user_id":null} 
[2025-12-06 09:06:07] laravel.EMERGENCY: Unable to create configured logger. Using emergency logger. {"exception":"[object] (ErrorException(code: 0): Undefined array key \"channels\" at /Users/appkey/Desktop/agungappkey/tugas-akhir/vendor/laravel/framework/src/Illuminate/Log/LogManager.php:260)
[stacktrace]
#0 /Users/appkey/Desktop/agungappkey/tugas-akhir/vendor/laravel/framework/src/Illuminate/Foundation/Bootstrap/HandleExceptions.php(255): Illuminate\\Foundation\\Bootstrap\\HandleExceptions->handleError(2, 'Undefined array...', '/Users/appkey/D...', 260)
#1 /Users/appkey/Desktop/agungappkey/tugas-akhir/vendor/laravel/framework/src/Illuminate/Log/LogManager.php(260): Illuminate\\Foundation\\Bootstrap\\HandleExceptions->Illuminate\\Foundation\\Bootstrap\\{closure}(2, 'Undefined array...', '/Users/appkey/D...', 260)
#2 /Users/appkey/Desktop/agungappkey/tugas-akhir/vendor/laravel/framework/src/Illuminate/Log/LogManager.php(222): Illuminate\\Log\\LogManager->createStackDriver(Array)
#3 /Users/appkey/Desktop/agungappkey/tugas-akhir/vendor/laravel/framework/src/Illuminate/Log/LogManager.php(137): Illuminate\\Log\\LogManager->resolve('stack', Array)
#4 /Users/appkey/Desktop/agungappkey/tugas-akhir/vendor/laravel/framework/src/Illuminate/Log/LogManager.php(124): Illuminate\\Log\\LogManager->get('stack')
#5 /Users/appkey/Desktop/agungappkey/tugas-akhir/vendor/laravel/framework/src/Illuminate/Log/LogManager.php(681): Illuminate\\Log\\LogManager->driver()
#6 /Users/appkey/Desktop/agungappkey/tugas-akhir/vendor/laravel/framework/src/Illuminate/Foundation/Exceptions/Handler.php(317): Illuminate\\Log\\LogManager->error('Unclosed '(' do...', Array)
#7 /Users/appkey/Desktop/agungappkey/tugas-akhir/vendor/laravel/framework/src/Illuminate/Foundation/Exceptions/Handler.php(278): Illuminate\\Foundation\\Exceptions\\Handler->reportThrowable(Object(ParseError))
#8 /Users/appkey/Desktop/agungappkey/tugas-akhir/vendor/nunomaduro/collision/src/Adapters/Laravel/ExceptionHandler.php(46): Illuminate\\Foundation\\Exceptions\\Handler->report(Object(ParseError))
#9 /Users/appkey/Desktop/agungappkey/tugas-akhir/vendor/laravel/framework/src/Illuminate/Foundation/Console/Kernel.php(523): NunoMaduro\\Collision\\Adapters\\Laravel\\ExceptionHandler->report(Object(ParseError))
#10 /Users/appkey/Desktop/agungappkey/tugas-akhir/vendor/laravel/framework/src/Illuminate/Foundation/Console/Kernel.php(203): Illuminate\\Foundation\\Console\\Kernel->reportException(Object(ParseError))
#11 Command line code(1): Illuminate\\Foundation\\Console\\Kernel->handle(Object(Symfony\\Component\\Console\\Input\\ArgvInput), Object(Symfony\\Component\\Console\\Output\\ConsoleOutput))
#12 {main}
"} 
[2025-12-06 09:06:07] laravel.ERROR: Unclosed '(' does not match ']' {"exception":"[object] (ParseError(code: 0): Unclosed '(' does not match ']' at /Users/appkey/Desktop/agungappkey/tugas-akhir/routes/auth.php:49)
[stacktrace]
#0 /Users/appkey/Desktop/agungappkey/tugas-akhir/vendor/laravel/framework/src/Illuminate/Routing/RouteFileRegistrar.php(35): require()
#1 /Users/appkey/Desktop/agungappkey/tugas-akhir/vendor/laravel/framework/src/Illuminate/Routing/Router.php(511): Illuminate\\Routing\\RouteFileRegistrar->register('/Users/appkey/D...')
#2 /Users/appkey/Desktop/agungappkey/tugas-akhir/vendor/laravel/framework/src/Illuminate/Routing/Router.php(465): Illuminate\\Routing\\Router->loadRoutes('/Users/appkey/D...')
#3 /Users/appkey/Desktop/agungappkey/tugas-akhir/vendor/laravel/framework/src/Illuminate/Routing/RouteRegistrar.php(194): Illuminate\\Routing\\Router->group(Array, '/Users/appkey/D...')
#4 /Users/appkey/Desktop/agungappkey/tugas-akhir/app/Providers/RouteServiceProvider.php(42): Illuminate\\Routing\\RouteRegistrar->group('/Users/appkey/D...')
#5 /Users/appkey/Desktop/agungappkey/tugas-akhir/vendor/laravel/framework/src/Illuminate/Container/BoundMethod.php(36): App\\Providers\\RouteServiceProvider->App\\Providers\\{closure}()
#6 /Users/appkey/Desktop/agungappkey/tugas-akhir/vendor/laravel/framework/src/Illuminate/Container/Util.php(41): Illuminate\\Container\\BoundMethod::Illuminate\\Container\\{closure}()
#7 /Users/appkey/Desktop/agungappkey/tugas-akhir/vendor/laravel/framework/src/Illuminate/Container/BoundMethod.php(81): Illuminate\\Container\\Util::unwrapIfClosure(Object(Closure))
#8 /Users/appkey/Desktop/agungappkey/tugas-akhir/vendor/laravel/framework/src/Illuminate/Container/BoundMethod.php(35): Illuminate\\Container\\BoundMethod::callBoundMethod(Object(Illuminate\\Foundation\\Application), Object(Closure), Object(Closure))
#9 /Users/appkey/Desktop/agungappkey/tugas-akhir/vendor/laravel/framework/src/Illuminate/Container/Container.php(662): Illuminate\\Container\\BoundMethod::call(Object(Illuminate\\Foundation\\Application), Object(Closure), Array, NULL)
#10 /Users/appkey/Desktop/agungappkey/tugas-akhir/vendor/laravel/framework/src/Illuminate/Foundation/Support/Providers/RouteServiceProvider.php(120): Illuminate\\Container\\Container->call(Object(Closure))
#11 /Users/appkey/Desktop/agungappkey/tugas-akhir/vendor/laravel/framework/src/Illuminate/Foundation/Support/Providers/RouteServiceProvider.php(45): Illuminate\\Foundation\\Support\\Providers\\RouteServiceProvider->loadRoutes()
#12 /Users/appkey/Desktop/agungappkey/tugas-akhir/vendor/laravel/framework/src/Illuminate/Container/BoundMethod.php(36): Illuminate\\Foundation\\Support\\Providers\\RouteServiceProvider->Illuminate\\Foundation\\Support\\Providers\\{closure}()
#13 /Users/appkey/Desktop/agungappkey/tugas-akhir/vendor/laravel/framework/src/Illuminate/Container/Util.php(41): Illuminate\\Container\\BoundMethod::Illuminate\\Container\\{closure}()
#14 /Users/appkey/Desktop/agungappkey/tugas-akhir/vendor/laravel/framework/src/Illuminate/Container/BoundMethod.php(81): Illuminate\\Container\\Util::unwrapIfClosure(Object(Closure))
#15 /Users/appkey/Desktop/agungappkey/tugas-akhir/vendor/laravel/framework/src/Illuminate/Container/BoundMethod.php(35): Illuminate\\Container\\BoundMethod::callBoundMethod(Object(Illuminate\\Foundation\\Application), Object(Closure), Object(Closure))
#16 /Users/appkey/Desktop/agungappkey/tugas-akhir/vendor/laravel/framework/src/Illuminate/Container/Container.php(662): Illuminate\\Container\\BoundMethod::call(Object(Illuminate\\Foundation\\Application), Object(Closure), Array, NULL)
#17 /Users/appkey/Desktop/agungappkey/tugas-akhir/vendor/laravel/framework/src/Illuminate/Support/ServiceProvider.php(119): Illuminate\\Container\\Container->call(Object(Closure))
#18 /Users/appkey/Desktop/agungappkey/tugas-akhir/vendor/laravel/framework/src/Illuminate/Foundation/Application.php(1062): Illuminate\\Support\\ServiceProvider->callBootedCallbacks()
#19 /Users/appkey/Desktop/agungappkey/tugas-akhir/vendor/laravel/framework/src/Illuminate/Foundation/Application.php(1040): Illuminate\\Foundation\\Application->bootProvider(Object(App\\Providers\\RouteServiceProvider))
#20 [internal function]: Illuminate\\Foundation\\Application->Illuminate\\Foundation\\{closure}(Object(App\\Providers\\RouteServiceProvider), 32)
#21 /Users/appkey/Desktop/agungappkey/tugas-akhir/vendor/laravel/framework/src/Illuminate/Foundation/Application.php(1039): array_walk(Array, Object(Closure))
#22 /Users/appkey/Desktop/agungappkey/tugas-akhir/vendor/laravel/framework/src/Illuminate/Foundation/Bootstrap/BootProviders.php(17): Illuminate\\Foundation\\Application->boot()
#23 /Users/appkey/Desktop/agungappkey/tugas-akhir/vendor/laravel/framework/src/Illuminate/Foundation/Application.php(286): Illuminate\\Foundation\\Bootstrap\\BootProviders->bootstrap(Object(Illuminate\\Foundation\\Application))
#24 /Users/appkey/Desktop/agungappkey/tugas-akhir/vendor/laravel/framework/src/Illuminate/Foundation/Console/Kernel.php(447): Illuminate\\Foundation\\Application->bootstrapWith(Array)
#25 /Users/appkey/Desktop/agungappkey/tugas-akhir/vendor/laravel/framework/src/Illuminate/Foundation/Console/Kernel.php(199): Illuminate\\Foundation\\Console\\Kernel->bootstrap()
#26 Command line code(1): Illuminate\\Foundation\\Console\\Kernel->handle(Object(Symfony\\Component\\Console\\Input\\ArgvInput), Object(Symfony\\Component\\Console\\Output\\ConsoleOutput))
#27 {main}
"} 
[2025-12-06 09:06:07] laravel.EMERGENCY: Unable to create configured logger. Using emergency logger. {"exception":"[object] (ErrorException(code: 0): Undefined array key \"channels\" at /Users/appkey/Desktop/agungappkey/tugas-akhir/vendor/laravel/framework/src/Illuminate/Log/LogManager.php:260)
[stacktrace]
#0 /Users/appkey/Desktop/agungappkey/tugas-akhir/vendor/laravel/framework/src/Illuminate/Foundation/Bootstrap/HandleExceptions.php(255): Illuminate\\Foundation\\Bootstrap\\HandleExceptions->handleError(2, 'Undefined array...', '/Users/appkey/D...', 260)
#1 /Users/appkey/Desktop/agungappkey/tugas-akhir/vendor/laravel/framework/src/Illuminate/Log/LogManager.php(260): Illuminate\\Foundation\\Bootstrap\\HandleExceptions->Illuminate\\Foundation\\Bootstrap\\{closure}(2, 'Undefined array...', '/Users/appkey/D...', 260)
#2 /Users/appkey/Desktop/agungappkey/tugas-akhir/vendor/laravel/framework/src/Illuminate/Log/LogManager.php(222): Illuminate\\Log\\LogManager->createStackDriver(Array)
#3 /Users/appkey/Desktop/agungappkey/tugas-akhir/vendor/laravel/framework/src/Illuminate/Log/LogManager.php(137): Illuminate\\Log\\LogManager->resolve('stack', Array)
#4 /Users/appkey/Desktop/agungappkey/tugas-akhir/vendor/laravel/framework/src/Illuminate/Log/LogManager.php(124): Illuminate\\Log\\LogManager->get('stack')
#5 /Users/appkey/Desktop/agungappkey/tugas-akhir/vendor/laravel/framework/src/Illuminate/Log/LogManager.php(681): Illuminate\\Log\\LogManager->driver()
#6 /Users/appkey/Desktop/agungappkey/tugas-akhir/vendor/laravel/framework/src/Illuminate/Support/Facades/Facade.php(355): Illuminate\\Log\\LogManager->error('Unhandled excep...', Array)
#7 /Users/appkey/Desktop/agungappkey/tugas-akhir/app/Exceptions/Handler.php(73): Illuminate\\Support\\Facades\\Facade::__callStatic('error', Array)
#8 /Users/appkey/Desktop/agungappkey/tugas-akhir/app/Exceptions/Handler.php(32): App\\Exceptions\\Handler->logException(Object(ParseError))
#9 [internal function]: App\\Exceptions\\Handler->App\\Exceptions\\{closure}(Object(ParseError))
#10 /Users/appkey/Desktop/agungappkey/tugas-akhir/vendor/laravel/framework/src/Illuminate/Foundation/Exceptions/ReportableHandler.php(45): call_user_func(Object(Closure), Object(ParseError))
#11 /Users/appkey/Desktop/agungappkey/tugas-akhir/vendor/laravel/framework/src/Illuminate/Foundation/Exceptions/Handler.php(299): Illuminate\\Foundation\\Exceptions\\ReportableHandler->__invoke(Object(ParseError))
#12 /Users/appkey/Desktop/agungappkey/tugas-akhir/vendor/laravel/framework/src/Illuminate/Foundation/Exceptions/Handler.php(278): Illuminate\\Foundation\\Exceptions\\Handler->reportThrowable(Object(ParseError))
#13 /Users/appkey/Desktop/agungappkey/tugas-akhir/vendor/nunomaduro/collision/src/Adapters/Laravel/ExceptionHandler.php(46): Illuminate\\Foundation\\Exceptions\\Handler->report(Object(ParseError))
#14 /Users/appkey/Desktop/agungappkey/tugas-akhir/vendor/laravel/framework/src/Illuminate/Foundation/Console/Kernel.php(523): NunoMaduro\\Collision\\Adapters\\Laravel\\ExceptionHandler->report(Object(ParseError))
#15 /Users/appkey/Desktop/agungappkey/tugas-akhir/vendor/laravel/framework/src/Illuminate/Foundation/Console/Kernel.php(203): Illuminate\\Foundation\\Console\\Kernel->reportException(Object(ParseError))
#16 Command line code(1): Illuminate\\Foundation\\Console\\Kernel->handle(Object(Symfony\\Component\\Console\\Input\\ArgvInput), Object(Symfony\\Component\\Console\\Output\\ConsoleOutput))
#17 {main}
"} 
[2025-12-06 09:06:07] laravel.ERROR: Unhandled exception {"exception":"ParseError","message":"Unclosed '(' does not match ']'","file":"/Users/appkey/Desktop/agungappkey/tugas-akhir/routes/auth.php","line":49,"trace":"#0 /Users/appkey/Desktop/agungappkey/tugas-akhir/vendor/laravel/framework/src/Illuminate/Routing/RouteFileRegistrar.php(35): require()
#1 /Users/appkey/Desktop/agungappkey/tugas-akhir/vendor/laravel/framework/src/Illuminate/Routing/Router.php(511): Illuminate\\Routing\\RouteFileRegistrar->register('/Users/appkey/D...')
#2 /Users/appkey/Desktop/agungappkey/tugas-akhir/vendor/laravel/framework/src/Illuminate/Routing/Router.php(465): Illuminate\\Routing\\Router->loadRoutes('/Users/appkey/D...')
#3 /Users/appkey/Desktop/agungappkey/tugas-akhir/vendor/laravel/framework/src/Illuminate/Routing/RouteRegistrar.php(194): Illuminate\\Routing\\Router->group(Array, '/Users/appkey/D...')
#4 /Users/appkey/Desktop/agungappkey/tugas-akhir/app/Providers/RouteServiceProvider.php(42): Illuminate\\Routing\\RouteRegistrar->group('/Users/appkey/D...')
#5 /Users/appkey/Desktop/agungappkey/tugas-akhir/vendor/laravel/framework/src/Illuminate/Container/BoundMethod.php(36): App\\Providers\\RouteServiceProvider->App\\Providers\\{closure}()
#6 /Users/appkey/Desktop/agungappkey/tugas-akhir/vendor/laravel/framework/src/Illuminate/Container/Util.php(41): Illuminate\\Container\\BoundMethod::Illuminate\\Container\\{closure}()
#7 /Users/appkey/Desktop/agungappkey/tugas-akhir/vendor/laravel/framework/src/Illuminate/Container/BoundMethod.php(81): Illuminate\\Container\\Util::unwrapIfClosure(Object(Closure))
#8 /Users/appkey/Desktop/agungappkey/tugas-akhir/vendor/laravel/framework/src/Illuminate/Container/BoundMethod.php(35): Illuminate\\Container\\BoundMethod::callBoundMethod(Object(Illuminate\\Foundation\\Application), Object(Closure), Object(Closure))
#9 /Users/appkey/Desktop/agungappkey/tugas-akhir/vendor/laravel/framework/src/Illuminate/Container/Container.php(662): Illuminate\\Container\\BoundMethod::call(Object(Illuminate\\Foundation\\Application), Object(Closure), Array, NULL)
#10 /Users/appkey/Desktop/agungappkey/tugas-akhir/vendor/laravel/framework/src/Illuminate/Foundation/Support/Providers/RouteServiceProvider.php(120): Illuminate\\Container\\Container->call(Object(Closure))
#11 /Users/appkey/Desktop/agungappkey/tugas-akhir/vendor/laravel/framework/src/Illuminate/Foundation/Support/Providers/RouteServiceProvider.php(45): Illuminate\\Foundation\\Support\\Providers\\RouteServiceProvider->loadRoutes()
#12 /Users/appkey/Desktop/agungappkey/tugas-akhir/vendor/laravel/framework/src/Illuminate/Container/BoundMethod.php(36): Illuminate\\Foundation\\Support\\Providers\\RouteServiceProvider->Illuminate\\Foundation\\Support\\Providers\\{closure}()
#13 /Users/appkey/Desktop/agungappkey/tugas-akhir/vendor/laravel/framework/src/Illuminate/Container/Util.php(41): Illuminate\\Container\\BoundMethod::Illuminate\\Container\\{closure}()
#14 /Users/appkey/Desktop/agungappkey/tugas-akhir/vendor/laravel/framework/src/Illuminate/Container/BoundMethod.php(81): Illuminate\\Container\\Util::unwrapIfClosure(Object(Closure))
#15 /Users/appkey/Desktop/agungappkey/tugas-akhir/vendor/laravel/framework/src/Illuminate/Container/BoundMethod.php(35): Illuminate\\Container\\BoundMethod::callBoundMethod(Object(Illuminate\\Foundation\\Application), Object(Closure), Object(Closure))
#16 /Users/appkey/Desktop/agungappkey/tugas-akhir/vendor/laravel/framework/src/Illuminate/Container/Container.php(662): Illuminate\\Container\\BoundMethod::call(Object(Illuminate\\Foundation\\Application), Object(Closure), Array, NULL)
#17 /Users/appkey/Desktop/agungappkey/tugas-akhir/vendor/laravel/framework/src/Illuminate/Support/ServiceProvider.php(119): Illuminate\\Container\\Container->call(Object(Closure))
#18 /Users/appkey/Desktop/agungappkey/tugas-akhir/vendor/laravel/framework/src/Illuminate/Foundation/Application.php(1062): Illuminate\\Support\\ServiceProvider->callBootedCallbacks()
#19 /Users/appkey/Desktop/agungappkey/tugas-akhir/vendor/laravel/framework/src/Illuminate/Foundation/Application.php(1040): Illuminate\\Foundation\\Application->bootProvider(Object(App\\Providers\\RouteServiceProvider))
#20 [internal function]: Illuminate\\Foundation\\Application->Illuminate\\Foundation\\{closure}(Object(App\\Providers\\RouteServiceProvider), 32)
#21 /Users/appkey/Desktop/agungappkey/tugas-akhir/vendor/laravel/framework/src/Illuminate/Foundation/Application.php(1039): array_walk(Array, Object(Closure))
#22 /Users/appkey/Desktop/agungappkey/tugas-akhir/vendor/laravel/framework/src/Illuminate/Foundation/Bootstrap/BootProviders.php(17): Illuminate\\Foundation\\Application->boot()
#23 /Users/appkey/Desktop/agungappkey/tugas-akhir/vendor/laravel/framework/src/Illuminate/Foundation/Application.php(286): Illuminate\\Foundation\\Bootstrap\\BootProviders->bootstrap(Object(Illuminate\\Foundation\\Application))
#24 /Users/appkey/Desktop/agungappkey/tugas-akhir/vendor/laravel/framework/src/Illuminate/Foundation/Console/Kernel.php(447): Illuminate\\Foundation\\Application->bootstrapWith(Array)
#25 /Users/appkey/Desktop/agungappkey/tugas-akhir/vendor/laravel/framework/src/Illuminate/Foundation/Console/Kernel.php(199): Illuminate\\Foundation\\Console\\Kernel->bootstrap()
#26 Command line code(1): Illuminate\\Foundation\\Console\\Kernel->handle(Object(Symfony\\Component\\Console\\Input\\ArgvInput), Object(Symfony\\Component\\Console\\Output\\ConsoleOutput))
#27 {main}","url":"http://localhost","method":"GET","ip":"127.0.0.1","user_agent":"Symfony","user_id":null} 
[2025-12-06 09:06:07] laravel.EMERGENCY: Unable to create configured logger. Using emergency logger. {"exception":"[object] (ErrorException(code: 0): Undefined array key \"channels\" at /Users/appkey/Desktop/agungappkey/tugas-akhir/vendor/laravel/framework/src/Illuminate/Log/LogManager.php:260)
[stacktrace]
#0 /Users/appkey/Desktop/agungappkey/tugas-akhir/vendor/laravel/framework/src/Illuminate/Foundation/Bootstrap/HandleExceptions.php(255): Illuminate\\Foundation\\Bootstrap\\HandleExceptions->handleError(2, 'Undefined array...', '/Users/appkey/D...', 260)
#1 /Users/appkey/Desktop/agungappkey/tugas-akhir/vendor/laravel/framework/src/Illuminate/Log/LogManager.php(260): Illuminate\\Foundation\\Bootstrap\\HandleExceptions->Illuminate\\Foundation\\Bootstrap\\{closure}(2, 'Undefined array...', '/Users/appkey/D...', 260)
#2 /Users/appkey/Desktop/agungappkey/tugas-akhir/vendor/laravel/framework/src/Illuminate/Log/LogManager.php(222): Illuminate\\Log\\LogManager->createStackDriver(Array)
#3 /Users/appkey/Desktop/agungappkey/tugas-akhir/vendor/laravel/framework/src/Illuminate/Log/LogManager.php(137): Illuminate\\Log\\LogManager->resolve('stack', Array)
#4 /Users/appkey/Desktop/agungappkey/tugas-akhir/vendor/laravel/framework/src/Illuminate/Log/LogManager.php(124): Illuminate\\Log\\LogManager->get('stack')
#5 /Users/appkey/Desktop/agungappkey/tugas-akhir/vendor/laravel/framework/src/Illuminate/Log/LogManager.php(681): Illuminate\\Log\\LogManager->driver()
#6 /Users/appkey/Desktop/agungappkey/tugas-akhir/vendor/laravel/framework/src/Illuminate/Foundation/Exceptions/Handler.php(317): Illuminate\\Log\\LogManager->error('Unclosed '(' do...', Array)
#7 /Users/appkey/Desktop/agungappkey/tugas-akhir/vendor/laravel/framework/src/Illuminate/Foundation/Exceptions/Handler.php(278): Illuminate\\Foundation\\Exceptions\\Handler->reportThrowable(Object(ParseError))
#8 /Users/appkey/Desktop/agungappkey/tugas-akhir/vendor/nunomaduro/collision/src/Adapters/Laravel/ExceptionHandler.php(46): Illuminate\\Foundation\\Exceptions\\Handler->report(Object(ParseError))
#9 /Users/appkey/Desktop/agungappkey/tugas-akhir/vendor/laravel/framework/src/Illuminate/Foundation/Console/Kernel.php(523): NunoMaduro\\Collision\\Adapters\\Laravel\\ExceptionHandler->report(Object(ParseError))
#10 /Users/appkey/Desktop/agungappkey/tugas-akhir/vendor/laravel/framework/src/Illuminate/Foundation/Console/Kernel.php(203): Illuminate\\Foundation\\Console\\Kernel->reportException(Object(ParseError))
#11 Command line code(1): Illuminate\\Foundation\\Console\\Kernel->handle(Object(Symfony\\Component\\Console\\Input\\ArgvInput), Object(Symfony\\Component\\Console\\Output\\ConsoleOutput))
#12 {main}
"} 
[2025-12-06 09:06:07] laravel.ERROR: Unclosed '(' does not match ']' {"exception":"[object] (ParseError(code: 0): Unclosed '(' does not match ']' at /Users/appkey/Desktop/agungappkey/tugas-akhir/routes/auth.php:49)
[stacktrace]
#0 /Users/appkey/Desktop/agungappkey/tugas-akhir/vendor/laravel/framework/src/Illuminate/Routing/RouteFileRegistrar.php(35): require()
#1 /Users/appkey/Desktop/agungappkey/tugas-akhir/vendor/laravel/framework/src/Illuminate/Routing/Router.php(511): Illuminate\\Routing\\RouteFileRegistrar->register('/Users/appkey/D...')
#2 /Users/appkey/Desktop/agungappkey/tugas-akhir/vendor/laravel/framework/src/Illuminate/Routing/Router.php(465): Illuminate\\Routing\\Router->loadRoutes('/Users/appkey/D...')
#3 /Users/appkey/Desktop/agungappkey/tugas-akhir/vendor/laravel/framework/src/Illuminate/Routing/RouteRegistrar.php(194): Illuminate\\Routing\\Router->group(Array, '/Users/appkey/D...')
#4 /Users/appkey/Desktop/agungappkey/tugas-akhir/app/Providers/RouteServiceProvider.php(42): Illuminate\\Routing\\RouteRegistrar->group('/Users/appkey/D...')
#5 /Users/appkey/Desktop/agungappkey/tugas-akhir/vendor/laravel/framework/src/Illuminate/Container/BoundMethod.php(36): App\\Providers\\RouteServiceProvider->App\\Providers\\{closure}()
#6 /Users/appkey/Desktop/agungappkey/tugas-akhir/vendor/laravel/framework/src/Illuminate/Container/Util.php(41): Illuminate\\Container\\BoundMethod::Illuminate\\Container\\{closure}()
#7 /Users/appkey/Desktop/agungappkey/tugas-akhir/vendor/laravel/framework/src/Illuminate/Container/BoundMethod.php(81): Illuminate\\Container\\Util::unwrapIfClosure(Object(Closure))
#8 /Users/appkey/Desktop/agungappkey/tugas-akhir/vendor/laravel/framework/src/Illuminate/Container/BoundMethod.php(35): Illuminate\\Container\\BoundMethod::callBoundMethod(Object(Illuminate\\Foundation\\Application), Object(Closure), Object(Closure))
#9 /Users/appkey/Desktop/agungappkey/tugas-akhir/vendor/laravel/framework/src/Illuminate/Container/Container.php(662): Illuminate\\Container\\BoundMethod::call(Object(Illuminate\\Foundation\\Application), Object(Closure), Array, NULL)
#10 /Users/appkey/Desktop/agungappkey/tugas-akhir/vendor/laravel/framework/src/Illuminate/Foundation/Support/Providers/RouteServiceProvider.php(120): Illuminate\\Container\\Container->call(Object(Closure))
#11 /Users/appkey/Desktop/agungappkey/tugas-akhir/vendor/laravel/framework/src/Illuminate/Foundation/Support/Providers/RouteServiceProvider.php(45): Illuminate\\Foundation\\Support\\Providers\\RouteServiceProvider->loadRoutes()
#12 /Users/appkey/Desktop/agungappkey/tugas-akhir/vendor/laravel/framework/src/Illuminate/Container/BoundMethod.php(36): Illuminate\\Foundation\\Support\\Providers\\RouteServiceProvider->Illuminate\\Foundation\\Support\\Providers\\{closure}()
#13 /Users/appkey/Desktop/agungappkey/tugas-akhir/vendor/laravel/framework/src/Illuminate/Container/Util.php(41): Illuminate\\Container\\BoundMethod::Illuminate\\Container\\{closure}()
#14 /Users/appkey/Desktop/agungappkey/tugas-akhir/vendor/laravel/framework/src/Illuminate/Container/BoundMethod.php(81): Illuminate\\Container\\Util::unwrapIfClosure(Object(Closure))
#15 /Users/appkey/Desktop/agungappkey/tugas-akhir/vendor/laravel/framework/src/Illuminate/Container/BoundMethod.php(35): Illuminate\\Container\\BoundMethod::callBoundMethod(Object(Illuminate\\Foundation\\Application), Object(Closure), Object(Closure))
#16 /Users/appkey/Desktop/agungappkey/tugas-akhir/vendor/laravel/framework/src/Illuminate/Container/Container.php(662): Illuminate\\Container\\BoundMethod::call(Object(Illuminate\\Foundation\\Application), Object(Closure), Array, NULL)
#17 /Users/appkey/Desktop/agungappkey/tugas-akhir/vendor/laravel/framework/src/Illuminate/Support/ServiceProvider.php(119): Illuminate\\Container\\Container->call(Object(Closure))
#18 /Users/appkey/Desktop/agungappkey/tugas-akhir/vendor/laravel/framework/src/Illuminate/Foundation/Application.php(1062): Illuminate\\Support\\ServiceProvider->callBootedCallbacks()
#19 /Users/appkey/Desktop/agungappkey/tugas-akhir/vendor/laravel/framework/src/Illuminate/Foundation/Application.php(1040): Illuminate\\Foundation\\Application->bootProvider(Object(App\\Providers\\RouteServiceProvider))
#20 [internal function]: Illuminate\\Foundation\\Application->Illuminate\\Foundation\\{closure}(Object(App\\Providers\\RouteServiceProvider), 32)
#21 /Users/appkey/Desktop/agungappkey/tugas-akhir/vendor/laravel/framework/src/Illuminate/Foundation/Application.php(1039): array_walk(Array, Object(Closure))
#22 /Users/appkey/Desktop/agungappkey/tugas-akhir/vendor/laravel/framework/src/Illuminate/Foundation/Bootstrap/BootProviders.php(17): Illuminate\\Foundation\\Application->boot()
#23 /Users/appkey/Desktop/agungappkey/tugas-akhir/vendor/laravel/framework/src/Illuminate/Foundation/Application.php(286): Illuminate\\Foundation\\Bootstrap\\BootProviders->bootstrap(Object(Illuminate\\Foundation\\Application))
#24 /Users/appkey/Desktop/agungappkey/tugas-akhir/vendor/laravel/framework/src/Illuminate/Foundation/Console/Kernel.php(447): Illuminate\\Foundation\\Application->bootstrapWith(Array)
#25 /Users/appkey/Desktop/agungappkey/tugas-akhir/vendor/laravel/framework/src/Illuminate/Foundation/Console/Kernel.php(199): Illuminate\\Foundation\\Console\\Kernel->bootstrap()
#26 Command line code(1): Illuminate\\Foundation\\Console\\Kernel->handle(Object(Symfony\\Component\\Console\\Input\\ArgvInput), Object(Symfony\\Component\\Console\\Output\\ConsoleOutput))
#27 {main}
"} 
[2025-12-06 09:06:07] laravel.EMERGENCY: Unable to create configured logger. Using emergency logger. {"exception":"[object] (ErrorException(code: 0): Undefined array key \"channels\" at /Users/appkey/Desktop/agungappkey/tugas-akhir/vendor/laravel/framework/src/Illuminate/Log/LogManager.php:260)
[stacktrace]
#0 /Users/appkey/Desktop/agungappkey/tugas-akhir/vendor/laravel/framework/src/Illuminate/Foundation/Bootstrap/HandleExceptions.php(255): Illuminate\\Foundation\\Bootstrap\\HandleExceptions->handleError(2, 'Undefined array...', '/Users/appkey/D...', 260)
#1 /Users/appkey/Desktop/agungappkey/tugas-akhir/vendor/laravel/framework/src/Illuminate/Log/LogManager.php(260): Illuminate\\Foundation\\Bootstrap\\HandleExceptions->Illuminate\\Foundation\\Bootstrap\\{closure}(2, 'Undefined array...', '/Users/appkey/D...', 260)
#2 /Users/appkey/Desktop/agungappkey/tugas-akhir/vendor/laravel/framework/src/Illuminate/Log/LogManager.php(222): Illuminate\\Log\\LogManager->createStackDriver(Array)
#3 /Users/appkey/Desktop/agungappkey/tugas-akhir/vendor/laravel/framework/src/Illuminate/Log/LogManager.php(137): Illuminate\\Log\\LogManager->resolve('stack', Array)
#4 /Users/appkey/Desktop/agungappkey/tugas-akhir/vendor/laravel/framework/src/Illuminate/Log/LogManager.php(124): Illuminate\\Log\\LogManager->get('stack')
#5 /Users/appkey/Desktop/agungappkey/tugas-akhir/vendor/laravel/framework/src/Illuminate/Log/LogManager.php(681): Illuminate\\Log\\LogManager->driver()
#6 /Users/appkey/Desktop/agungappkey/tugas-akhir/vendor/laravel/framework/src/Illuminate/Support/Facades/Facade.php(355): Illuminate\\Log\\LogManager->error('Unhandled excep...', Array)
#7 /Users/appkey/Desktop/agungappkey/tugas-akhir/app/Exceptions/Handler.php(73): Illuminate\\Support\\Facades\\Facade::__callStatic('error', Array)
#8 /Users/appkey/Desktop/agungappkey/tugas-akhir/app/Exceptions/Handler.php(32): App\\Exceptions\\Handler->logException(Object(ParseError))
#9 [internal function]: App\\Exceptions\\Handler->App\\Exceptions\\{closure}(Object(ParseError))
#10 /Users/appkey/Desktop/agungappkey/tugas-akhir/vendor/laravel/framework/src/Illuminate/Foundation/Exceptions/ReportableHandler.php(45): call_user_func(Object(Closure), Object(ParseError))
#11 /Users/appkey/Desktop/agungappkey/tugas-akhir/vendor/laravel/framework/src/Illuminate/Foundation/Exceptions/Handler.php(299): Illuminate\\Foundation\\Exceptions\\ReportableHandler->__invoke(Object(ParseError))
#12 /Users/appkey/Desktop/agungappkey/tugas-akhir/vendor/laravel/framework/src/Illuminate/Foundation/Exceptions/Handler.php(278): Illuminate\\Foundation\\Exceptions\\Handler->reportThrowable(Object(ParseError))
#13 /Users/appkey/Desktop/agungappkey/tugas-akhir/vendor/nunomaduro/collision/src/Adapters/Laravel/ExceptionHandler.php(46): Illuminate\\Foundation\\Exceptions\\Handler->report(Object(ParseError))
#14 /Users/appkey/Desktop/agungappkey/tugas-akhir/vendor/laravel/framework/src/Illuminate/Foundation/Console/Kernel.php(523): NunoMaduro\\Collision\\Adapters\\Laravel\\ExceptionHandler->report(Object(ParseError))
#15 /Users/appkey/Desktop/agungappkey/tugas-akhir/vendor/laravel/framework/src/Illuminate/Foundation/Console/Kernel.php(203): Illuminate\\Foundation\\Console\\Kernel->reportException(Object(ParseError))
#16 Command line code(1): Illuminate\\Foundation\\Console\\Kernel->handle(Object(Symfony\\Component\\Console\\Input\\ArgvInput), Object(Symfony\\Component\\Console\\Output\\ConsoleOutput))
#17 {main}
"} 
[2025-12-06 09:06:07] laravel.ERROR: Unhandled exception {"exception":"ParseError","message":"Unclosed '(' does not match ']'","file":"/Users/appkey/Desktop/agungappkey/tugas-akhir/routes/auth.php","line":49,"trace":"#0 /Users/appkey/Desktop/agungappkey/tugas-akhir/vendor/laravel/framework/src/Illuminate/Routing/RouteFileRegistrar.php(35): require()
#1 /Users/appkey/Desktop/agungappkey/tugas-akhir/vendor/laravel/framework/src/Illuminate/Routing/Router.php(511): Illuminate\\Routing\\RouteFileRegistrar->register('/Users/appkey/D...')
#2 /Users/appkey/Desktop/agungappkey/tugas-akhir/vendor/laravel/framework/src/Illuminate/Routing/Router.php(465): Illuminate\\Routing\\Router->loadRoutes('/Users/appkey/D...')
#3 /Users/appkey/Desktop/agungappkey/tugas-akhir/vendor/laravel/framework/src/Illuminate/Routing/RouteRegistrar.php(194): Illuminate\\Routing\\Router->group(Array, '/Users/appkey/D...')
#4 /Users/appkey/Desktop/agungappkey/tugas-akhir/app/Providers/RouteServiceProvider.php(42): Illuminate\\Routing\\RouteRegistrar->group('/Users/appkey/D...')
#5 /Users/appkey/Desktop/agungappkey/tugas-akhir/vendor/laravel/framework/src/Illuminate/Container/BoundMethod.php(36): App\\Providers\\RouteServiceProvider->App\\Providers\\{closure}()
#6 /Users/appkey/Desktop/agungappkey/tugas-akhir/vendor/laravel/framework/src/Illuminate/Container/Util.php(41): Illuminate\\Container\\BoundMethod::Illuminate\\Container\\{closure}()
#7 /Users/appkey/Desktop/agungappkey/tugas-akhir/vendor/laravel/framework/src/Illuminate/Container/BoundMethod.php(81): Illuminate\\Container\\Util::unwrapIfClosure(Object(Closure))
#8 /Users/appkey/Desktop/agungappkey/tugas-akhir/vendor/laravel/framework/src/Illuminate/Container/BoundMethod.php(35): Illuminate\\Container\\BoundMethod::callBoundMethod(Object(Illuminate\\Foundation\\Application), Object(Closure), Object(Closure))
#9 /Users/appkey/Desktop/agungappkey/tugas-akhir/vendor/laravel/framework/src/Illuminate/Container/Container.php(662): Illuminate\\Container\\BoundMethod::call(Object(Illuminate\\Foundation\\Application), Object(Closure), Array, NULL)
#10 /Users/appkey/Desktop/agungappkey/tugas-akhir/vendor/laravel/framework/src/Illuminate/Foundation/Support/Providers/RouteServiceProvider.php(120): Illuminate\\Container\\Container->call(Object(Closure))
#11 /Users/appkey/Desktop/agungappkey/tugas-akhir/vendor/laravel/framework/src/Illuminate/Foundation/Support/Providers/RouteServiceProvider.php(45): Illuminate\\Foundation\\Support\\Providers\\RouteServiceProvider->loadRoutes()
#12 /Users/appkey/Desktop/agungappkey/tugas-akhir/vendor/laravel/framework/src/Illuminate/Container/BoundMethod.php(36): Illuminate\\Foundation\\Support\\Providers\\RouteServiceProvider->Illuminate\\Foundation\\Support\\Providers\\{closure}()
#13 /Users/appkey/Desktop/agungappkey/tugas-akhir/vendor/laravel/framework/src/Illuminate/Container/Util.php(41): Illuminate\\Container\\BoundMethod::Illuminate\\Container\\{closure}()
#14 /Users/appkey/Desktop/agungappkey/tugas-akhir/vendor/laravel/framework/src/Illuminate/Container/BoundMethod.php(81): Illuminate\\Container\\Util::unwrapIfClosure(Object(Closure))
#15 /Users/appkey/Desktop/agungappkey/tugas-akhir/vendor/laravel/framework/src/Illuminate/Container/BoundMethod.php(35): Illuminate\\Container\\BoundMethod::callBoundMethod(Object(Illuminate\\Foundation\\Application), Object(Closure), Object(Closure))
#16 /Users/appkey/Desktop/agungappkey/tugas-akhir/vendor/laravel/framework/src/Illuminate/Container/Container.php(662): Illuminate\\Container\\BoundMethod::call(Object(Illuminate\\Foundation\\Application), Object(Closure), Array, NULL)
#17 /Users/appkey/Desktop/agungappkey/tugas-akhir/vendor/laravel/framework/src/Illuminate/Support/ServiceProvider.php(119): Illuminate\\Container\\Container->call(Object(Closure))
#18 /Users/appkey/Desktop/agungappkey/tugas-akhir/vendor/laravel/framework/src/Illuminate/Foundation/Application.php(1062): Illuminate\\Support\\ServiceProvider->callBootedCallbacks()
#19 /Users/appkey/Desktop/agungappkey/tugas-akhir/vendor/laravel/framework/src/Illuminate/Foundation/Application.php(1040): Illuminate\\Foundation\\Application->bootProvider(Object(App\\Providers\\RouteServiceProvider))
#20 [internal function]: Illuminate\\Foundation\\Application->Illuminate\\Foundation\\{closure}(Object(App\\Providers\\RouteServiceProvider), 32)
#21 /Users/appkey/Desktop/agungappkey/tugas-akhir/vendor/laravel/framework/src/Illuminate/Foundation/Application.php(1039): array_walk(Array, Object(Closure))
#22 /Users/appkey/Desktop/agungappkey/tugas-akhir/vendor/laravel/framework/src/Illuminate/Foundation/Bootstrap/BootProviders.php(17): Illuminate\\Foundation\\Application->boot()
#23 /Users/appkey/Desktop/agungappkey/tugas-akhir/vendor/laravel/framework/src/Illuminate/Foundation/Application.php(286): Illuminate\\Foundation\\Bootstrap\\BootProviders->bootstrap(Object(Illuminate\\Foundation\\Application))
#24 /Users/appkey/Desktop/agungappkey/tugas-akhir/vendor/laravel/framework/src/Illuminate/Foundation/Console/Kernel.php(447): Illuminate\\Foundation\\Application->bootstrapWith(Array)
#25 /Users/appkey/Desktop/agungappkey/tugas-akhir/vendor/laravel/framework/src/Illuminate/Foundation/Console/Kernel.php(199): Illuminate\\Foundation\\Console\\Kernel->bootstrap()
#26 Command line code(1): Illuminate\\Foundation\\Console\\Kernel->handle(Object(Symfony\\Component\\Console\\Input\\ArgvInput), Object(Symfony\\Component\\Console\\Output\\ConsoleOutput))
#27 {main}","url":"http://localhost","method":"GET","ip":"127.0.0.1","user_agent":"Symfony","user_id":null} 
[2025-12-06 09:06:07] laravel.EMERGENCY: Unable to create configured logger. Using emergency logger. {"exception":"[object] (ErrorException(code: 0): Undefined array key \"channels\" at /Users/appkey/Desktop/agungappkey/tugas-akhir/vendor/laravel/framework/src/Illuminate/Log/LogManager.php:260)
[stacktrace]
#0 /Users/appkey/Desktop/agungappkey/tugas-akhir/vendor/laravel/framework/src/Illuminate/Foundation/Bootstrap/HandleExceptions.php(255): Illuminate\\Foundation\\Bootstrap\\HandleExceptions->handleError(2, 'Undefined array...', '/Users/appkey/D...', 260)
#1 /Users/appkey/Desktop/agungappkey/tugas-akhir/vendor/laravel/framework/src/Illuminate/Log/LogManager.php(260): Illuminate\\Foundation\\Bootstrap\\HandleExceptions->Illuminate\\Foundation\\Bootstrap\\{closure}(2, 'Undefined array...', '/Users/appkey/D...', 260)
#2 /Users/appkey/Desktop/agungappkey/tugas-akhir/vendor/laravel/framework/src/Illuminate/Log/LogManager.php(222): Illuminate\\Log\\LogManager->createStackDriver(Array)
#3 /Users/appkey/Desktop/agungappkey/tugas-akhir/vendor/laravel/framework/src/Illuminate/Log/LogManager.php(137): Illuminate\\Log\\LogManager->resolve('stack', Array)
#4 /Users/appkey/Desktop/agungappkey/tugas-akhir/vendor/laravel/framework/src/Illuminate/Log/LogManager.php(124): Illuminate\\Log\\LogManager->get('stack')
#5 /Users/appkey/Desktop/agungappkey/tugas-akhir/vendor/laravel/framework/src/Illuminate/Log/LogManager.php(681): Illuminate\\Log\\LogManager->driver()
#6 /Users/appkey/Desktop/agungappkey/tugas-akhir/vendor/laravel/framework/src/Illuminate/Foundation/Exceptions/Handler.php(317): Illuminate\\Log\\LogManager->error('Unclosed '(' do...', Array)
#7 /Users/appkey/Desktop/agungappkey/tugas-akhir/vendor/laravel/framework/src/Illuminate/Foundation/Exceptions/Handler.php(278): Illuminate\\Foundation\\Exceptions\\Handler->reportThrowable(Object(ParseError))
#8 /Users/appkey/Desktop/agungappkey/tugas-akhir/vendor/nunomaduro/collision/src/Adapters/Laravel/ExceptionHandler.php(46): Illuminate\\Foundation\\Exceptions\\Handler->report(Object(ParseError))
#9 /Users/appkey/Desktop/agungappkey/tugas-akhir/vendor/laravel/framework/src/Illuminate/Foundation/Console/Kernel.php(523): NunoMaduro\\Collision\\Adapters\\Laravel\\ExceptionHandler->report(Object(ParseError))
#10 /Users/appkey/Desktop/agungappkey/tugas-akhir/vendor/laravel/framework/src/Illuminate/Foundation/Console/Kernel.php(203): Illuminate\\Foundation\\Console\\Kernel->reportException(Object(ParseError))
#11 Command line code(1): Illuminate\\Foundation\\Console\\Kernel->handle(Object(Symfony\\Component\\Console\\Input\\ArgvInput), Object(Symfony\\Component\\Console\\Output\\ConsoleOutput))
#12 {main}
"} 
[2025-12-06 09:06:07] laravel.ERROR: Unclosed '(' does not match ']' {"exception":"[object] (ParseError(code: 0): Unclosed '(' does not match ']' at /Users/appkey/Desktop/agungappkey/tugas-akhir/routes/auth.php:49)
[stacktrace]
#0 /Users/appkey/Desktop/agungappkey/tugas-akhir/vendor/laravel/framework/src/Illuminate/Routing/RouteFileRegistrar.php(35): require()
#1 /Users/appkey/Desktop/agungappkey/tugas-akhir/vendor/laravel/framework/src/Illuminate/Routing/Router.php(511): Illuminate\\Routing\\RouteFileRegistrar->register('/Users/appkey/D...')
#2 /Users/appkey/Desktop/agungappkey/tugas-akhir/vendor/laravel/framework/src/Illuminate/Routing/Router.php(465): Illuminate\\Routing\\Router->loadRoutes('/Users/appkey/D...')
#3 /Users/appkey/Desktop/agungappkey/tugas-akhir/vendor/laravel/framework/src/Illuminate/Routing/RouteRegistrar.php(194): Illuminate\\Routing\\Router->group(Array, '/Users/appkey/D...')
#4 /Users/appkey/Desktop/agungappkey/tugas-akhir/app/Providers/RouteServiceProvider.php(42): Illuminate\\Routing\\RouteRegistrar->group('/Users/appkey/D...')
#5 /Users/appkey/Desktop/agungappkey/tugas-akhir/vendor/laravel/framework/src/Illuminate/Container/BoundMethod.php(36): App\\Providers\\RouteServiceProvider->App\\Providers\\{closure}()
#6 /Users/appkey/Desktop/agungappkey/tugas-akhir/vendor/laravel/framework/src/Illuminate/Container/Util.php(41): Illuminate\\Container\\BoundMethod::Illuminate\\Container\\{closure}()
#7 /Users/appkey/Desktop/agungappkey/tugas-akhir/vendor/laravel/framework/src/Illuminate/Container/BoundMethod.php(81): Illuminate\\Container\\Util::unwrapIfClosure(Object(Closure))
#8 /Users/appkey/Desktop/agungappkey/tugas-akhir/vendor/laravel/framework/src/Illuminate/Container/BoundMethod.php(35): Illuminate\\Container\\BoundMethod::callBoundMethod(Object(Illuminate\\Foundation\\Application), Object(Closure), Object(Closure))
#9 /Users/appkey/Desktop/agungappkey/tugas-akhir/vendor/laravel/framework/src/Illuminate/Container/Container.php(662): Illuminate\\Container\\BoundMethod::call(Object(Illuminate\\Foundation\\Application), Object(Closure), Array, NULL)
#10 /Users/appkey/Desktop/agungappkey/tugas-akhir/vendor/laravel/framework/src/Illuminate/Foundation/Support/Providers/RouteServiceProvider.php(120): Illuminate\\Container\\Container->call(Object(Closure))
#11 /Users/appkey/Desktop/agungappkey/tugas-akhir/vendor/laravel/framework/src/Illuminate/Foundation/Support/Providers/RouteServiceProvider.php(45): Illuminate\\Foundation\\Support\\Providers\\RouteServiceProvider->loadRoutes()
#12 /Users/appkey/Desktop/agungappkey/tugas-akhir/vendor/laravel/framework/src/Illuminate/Container/BoundMethod.php(36): Illuminate\\Foundation\\Support\\Providers\\RouteServiceProvider->Illuminate\\Foundation\\Support\\Providers\\{closure}()
#13 /Users/appkey/Desktop/agungappkey/tugas-akhir/vendor/laravel/framework/src/Illuminate/Container/Util.php(41): Illuminate\\Container\\BoundMethod::Illuminate\\Container\\{closure}()
#14 /Users/appkey/Desktop/agungappkey/tugas-akhir/vendor/laravel/framework/src/Illuminate/Container/BoundMethod.php(81): Illuminate\\Container\\Util::unwrapIfClosure(Object(Closure))
#15 /Users/appkey/Desktop/agungappkey/tugas-akhir/vendor/laravel/framework/src/Illuminate/Container/BoundMethod.php(35): Illuminate\\Container\\BoundMethod::callBoundMethod(Object(Illuminate\\Foundation\\Application), Object(Closure), Object(Closure))
#16 /Users/appkey/Desktop/agungappkey/tugas-akhir/vendor/laravel/framework/src/Illuminate/Container/Container.php(662): Illuminate\\Container\\BoundMethod::call(Object(Illuminate\\Foundation\\Application), Object(Closure), Array, NULL)
#17 /Users/appkey/Desktop/agungappkey/tugas-akhir/vendor/laravel/framework/src/Illuminate/Support/ServiceProvider.php(119): Illuminate\\Container\\Container->call(Object(Closure))
#18 /Users/appkey/Desktop/agungappkey/tugas-akhir/vendor/laravel/framework/src/Illuminate/Foundation/Application.php(1062): Illuminate\\Support\\ServiceProvider->callBootedCallbacks()
#19 /Users/appkey/Desktop/agungappkey/tugas-akhir/vendor/laravel/framework/src/Illuminate/Foundation/Application.php(1040): Illuminate\\Foundation\\Application->bootProvider(Object(App\\Providers\\RouteServiceProvider))
#20 [internal function]: Illuminate\\Foundation\\Application->Illuminate\\Foundation\\{closure}(Object(App\\Providers\\RouteServiceProvider), 32)
#21 /Users/appkey/Desktop/agungappkey/tugas-akhir/vendor/laravel/framework/src/Illuminate/Foundation/Application.php(1039): array_walk(Array, Object(Closure))
#22 /Users/appkey/Desktop/agungappkey/tugas-akhir/vendor/laravel/framework/src/Illuminate/Foundation/Bootstrap/BootProviders.php(17): Illuminate\\Foundation\\Application->boot()
#23 /Users/appkey/Desktop/agungappkey/tugas-akhir/vendor/laravel/framework/src/Illuminate/Foundation/Application.php(286): Illuminate\\Foundation\\Bootstrap\\BootProviders->bootstrap(Object(Illuminate\\Foundation\\Application))
#24 /Users/appkey/Desktop/agungappkey/tugas-akhir/vendor/laravel/framework/src/Illuminate/Foundation/Console/Kernel.php(447): Illuminate\\Foundation\\Application->bootstrapWith(Array)
#25 /Users/appkey/Desktop/agungappkey/tugas-akhir/vendor/laravel/framework/src/Illuminate/Foundation/Console/Kernel.php(199): Illuminate\\Foundation\\Console\\Kernel->bootstrap()
#26 Command line code(1): Illuminate\\Foundation\\Console\\Kernel->handle(Object(Symfony\\Component\\Console\\Input\\ArgvInput), Object(Symfony\\Component\\Console\\Output\\ConsoleOutput))
#27 {main}
"} 
[2025-12-06 09:06:07] laravel.EMERGENCY: Unable to create configured logger. Using emergency logger. {"exception":"[object] (ErrorException(code: 0): Undefined array key \"channels\" at /Users/appkey/Desktop/agungappkey/tugas-akhir/vendor/laravel/framework/src/Illuminate/Log/LogManager.php:260)
[stacktrace]
#0 /Users/appkey/Desktop/agungappkey/tugas-akhir/vendor/laravel/framework/src/Illuminate/Foundation/Bootstrap/HandleExceptions.php(255): Illuminate\\Foundation\\Bootstrap\\HandleExceptions->handleError(2, 'Undefined array...', '/Users/appkey/D...', 260)
#1 /Users/appkey/Desktop/agungappkey/tugas-akhir/vendor/laravel/framework/src/Illuminate/Log/LogManager.php(260): Illuminate\\Foundation\\Bootstrap\\HandleExceptions->Illuminate\\Foundation\\Bootstrap\\{closure}(2, 'Undefined array...', '/Users/appkey/D...', 260)
#2 /Users/appkey/Desktop/agungappkey/tugas-akhir/vendor/laravel/framework/src/Illuminate/Log/LogManager.php(222): Illuminate\\Log\\LogManager->createStackDriver(Array)
#3 /Users/appkey/Desktop/agungappkey/tugas-akhir/vendor/laravel/framework/src/Illuminate/Log/LogManager.php(137): Illuminate\\Log\\LogManager->resolve('stack', Array)
#4 /Users/appkey/Desktop/agungappkey/tugas-akhir/vendor/laravel/framework/src/Illuminate/Log/LogManager.php(124): Illuminate\\Log\\LogManager->get('stack')
#5 /Users/appkey/Desktop/agungappkey/tugas-akhir/vendor/laravel/framework/src/Illuminate/Log/LogManager.php(681): Illuminate\\Log\\LogManager->driver()
#6 /Users/appkey/Desktop/agungappkey/tugas-akhir/vendor/laravel/framework/src/Illuminate/Support/Facades/Facade.php(355): Illuminate\\Log\\LogManager->error('Unhandled excep...', Array)
#7 /Users/appkey/Desktop/agungappkey/tugas-akhir/app/Exceptions/Handler.php(73): Illuminate\\Support\\Facades\\Facade::__callStatic('error', Array)
#8 /Users/appkey/Desktop/agungappkey/tugas-akhir/app/Exceptions/Handler.php(32): App\\Exceptions\\Handler->logException(Object(ParseError))
#9 [internal function]: App\\Exceptions\\Handler->App\\Exceptions\\{closure}(Object(ParseError))
#10 /Users/appkey/Desktop/agungappkey/tugas-akhir/vendor/laravel/framework/src/Illuminate/Foundation/Exceptions/ReportableHandler.php(45): call_user_func(Object(Closure), Object(ParseError))
#11 /Users/appkey/Desktop/agungappkey/tugas-akhir/vendor/laravel/framework/src/Illuminate/Foundation/Exceptions/Handler.php(299): Illuminate\\Foundation\\Exceptions\\ReportableHandler->__invoke(Object(ParseError))
#12 /Users/appkey/Desktop/agungappkey/tugas-akhir/vendor/laravel/framework/src/Illuminate/Foundation/Exceptions/Handler.php(278): Illuminate\\Foundation\\Exceptions\\Handler->reportThrowable(Object(ParseError))
#13 /Users/appkey/Desktop/agungappkey/tugas-akhir/vendor/nunomaduro/collision/src/Adapters/Laravel/ExceptionHandler.php(46): Illuminate\\Foundation\\Exceptions\\Handler->report(Object(ParseError))
#14 /Users/appkey/Desktop/agungappkey/tugas-akhir/vendor/laravel/framework/src/Illuminate/Foundation/Console/Kernel.php(523): NunoMaduro\\Collision\\Adapters\\Laravel\\ExceptionHandler->report(Object(ParseError))
#15 /Users/appkey/Desktop/agungappkey/tugas-akhir/vendor/laravel/framework/src/Illuminate/Foundation/Console/Kernel.php(203): Illuminate\\Foundation\\Console\\Kernel->reportException(Object(ParseError))
#16 Command line code(1): Illuminate\\Foundation\\Console\\Kernel->handle(Object(Symfony\\Component\\Console\\Input\\ArgvInput), Object(Symfony\\Component\\Console\\Output\\ConsoleOutput))
#17 {main}
"} 
[2025-12-06 09:06:07] laravel.ERROR: Unhandled exception {"exception":"ParseError","message":"Unclosed '(' does not match ']'","file":"/Users/appkey/Desktop/agungappkey/tugas-akhir/routes/auth.php","line":49,"trace":"#0 /Users/appkey/Desktop/agungappkey/tugas-akhir/vendor/laravel/framework/src/Illuminate/Routing/RouteFileRegistrar.php(35): require()
#1 /Users/appkey/Desktop/agungappkey/tugas-akhir/vendor/laravel/framework/src/Illuminate/Routing/Router.php(511): Illuminate\\Routing\\RouteFileRegistrar->register('/Users/appkey/D...')
#2 /Users/appkey/Desktop/agungappkey/tugas-akhir/vendor/laravel/framework/src/Illuminate/Routing/Router.php(465): Illuminate\\Routing\\Router->loadRoutes('/Users/appkey/D...')
#3 /Users/appkey/Desktop/agungappkey/tugas-akhir/vendor/laravel/framework/src/Illuminate/Routing/RouteRegistrar.php(194): Illuminate\\Routing\\Router->group(Array, '/Users/appkey/D...')
#4 /Users/appkey/Desktop/agungappkey/tugas-akhir/app/Providers/RouteServiceProvider.php(42): Illuminate\\Routing\\RouteRegistrar->group('/Users/appkey/D...')
#5 /Users/appkey/Desktop/agungappkey/tugas-akhir/vendor/laravel/framework/src/Illuminate/Container/BoundMethod.php(36): App\\Providers\\RouteServiceProvider->App\\Providers\\{closure}()
#6 /Users/appkey/Desktop/agungappkey/tugas-akhir/vendor/laravel/framework/src/Illuminate/Container/Util.php(41): Illuminate\\Container\\BoundMethod::Illuminate\\Container\\{closure}()
#7 /Users/appkey/Desktop/agungappkey/tugas-akhir/vendor/laravel/framework/src/Illuminate/Container/BoundMethod.php(81): Illuminate\\Container\\Util::unwrapIfClosure(Object(Closure))
#8 /Users/appkey/Desktop/agungappkey/tugas-akhir/vendor/laravel/framework/src/Illuminate/Container/BoundMethod.php(35): Illuminate\\Container\\BoundMethod::callBoundMethod(Object(Illuminate\\Foundation\\Application), Object(Closure), Object(Closure))
#9 /Users/appkey/Desktop/agungappkey/tugas-akhir/vendor/laravel/framework/src/Illuminate/Container/Container.php(662): Illuminate\\Container\\BoundMethod::call(Object(Illuminate\\Foundation\\Application), Object(Closure), Array, NULL)
#10 /Users/appkey/Desktop/agungappkey/tugas-akhir/vendor/laravel/framework/src/Illuminate/Foundation/Support/Providers/RouteServiceProvider.php(120): Illuminate\\Container\\Container->call(Object(Closure))
#11 /Users/appkey/Desktop/agungappkey/tugas-akhir/vendor/laravel/framework/src/Illuminate/Foundation/Support/Providers/RouteServiceProvider.php(45): Illuminate\\Foundation\\Support\\Providers\\RouteServiceProvider->loadRoutes()
#12 /Users/appkey/Desktop/agungappkey/tugas-akhir/vendor/laravel/framework/src/Illuminate/Container/BoundMethod.php(36): Illuminate\\Foundation\\Support\\Providers\\RouteServiceProvider->Illuminate\\Foundation\\Support\\Providers\\{closure}()
#13 /Users/appkey/Desktop/agungappkey/tugas-akhir/vendor/laravel/framework/src/Illuminate/Container/Util.php(41): Illuminate\\Container\\BoundMethod::Illuminate\\Container\\{closure}()
#14 /Users/appkey/Desktop/agungappkey/tugas-akhir/vendor/laravel/framework/src/Illuminate/Container/BoundMethod.php(81): Illuminate\\Container\\Util::unwrapIfClosure(Object(Closure))
#15 /Users/appkey/Desktop/agungappkey/tugas-akhir/vendor/laravel/framework/src/Illuminate/Container/BoundMethod.php(35): Illuminate\\Container\\BoundMethod::callBoundMethod(Object(Illuminate\\Foundation\\Application), Object(Closure), Object(Closure))
#16 /Users/appkey/Desktop/agungappkey/tugas-akhir/vendor/laravel/framework/src/Illuminate/Container/Container.php(662): Illuminate\\Container\\BoundMethod::call(Object(Illuminate\\Foundation\\Application), Object(Closure), Array, NULL)
#17 /Users/appkey/Desktop/agungappkey/tugas-akhir/vendor/laravel/framework/src/Illuminate/Support/ServiceProvider.php(119): Illuminate\\Container\\Container->call(Object(Closure))
#18 /Users/appkey/Desktop/agungappkey/tugas-akhir/vendor/laravel/framework/src/Illuminate/Foundation/Application.php(1062): Illuminate\\Support\\ServiceProvider->callBootedCallbacks()
#19 /Users/appkey/Desktop/agungappkey/tugas-akhir/vendor/laravel/framework/src/Illuminate/Foundation/Application.php(1040): Illuminate\\Foundation\\Application->bootProvider(Object(App\\Providers\\RouteServiceProvider))
#20 [internal function]: Illuminate\\Foundation\\Application->Illuminate\\Foundation\\{closure}(Object(App\\Providers\\RouteServiceProvider), 32)
#21 /Users/appkey/Desktop/agungappkey/tugas-akhir/vendor/laravel/framework/src/Illuminate/Foundation/Application.php(1039): array_walk(Array, Object(Closure))
#22 /Users/appkey/Desktop/agungappkey/tugas-akhir/vendor/laravel/framework/src/Illuminate/Foundation/Bootstrap/BootProviders.php(17): Illuminate\\Foundation\\Application->boot()
#23 /Users/appkey/Desktop/agungappkey/tugas-akhir/vendor/laravel/framework/src/Illuminate/Foundation/Application.php(286): Illuminate\\Foundation\\Bootstrap\\BootProviders->bootstrap(Object(Illuminate\\Foundation\\Application))
#24 /Users/appkey/Desktop/agungappkey/tugas-akhir/vendor/laravel/framework/src/Illuminate/Foundation/Console/Kernel.php(447): Illuminate\\Foundation\\Application->bootstrapWith(Array)
#25 /Users/appkey/Desktop/agungappkey/tugas-akhir/vendor/laravel/framework/src/Illuminate/Foundation/Console/Kernel.php(199): Illuminate\\Foundation\\Console\\Kernel->bootstrap()
#26 Command line code(1): Illuminate\\Foundation\\Console\\Kernel->handle(Object(Symfony\\Component\\Console\\Input\\ArgvInput), Object(Symfony\\Component\\Console\\Output\\ConsoleOutput))
#27 {main}","url":"http://localhost","method":"GET","ip":"127.0.0.1","user_agent":"Symfony","user_id":null} 
[2025-12-06 09:06:07] laravel.EMERGENCY: Unable to create configured logger. Using emergency logger. {"exception":"[object] (ErrorException(code: 0): Undefined array key \"channels\" at /Users/appkey/Desktop/agungappkey/tugas-akhir/vendor/laravel/framework/src/Illuminate/Log/LogManager.php:260)
[stacktrace]
#0 /Users/appkey/Desktop/agungappkey/tugas-akhir/vendor/laravel/framework/src/Illuminate/Foundation/Bootstrap/HandleExceptions.php(255): Illuminate\\Foundation\\Bootstrap\\HandleExceptions->handleError(2, 'Undefined array...', '/Users/appkey/D...', 260)
#1 /Users/appkey/Desktop/agungappkey/tugas-akhir/vendor/laravel/framework/src/Illuminate/Log/LogManager.php(260): Illuminate\\Foundation\\Bootstrap\\HandleExceptions->Illuminate\\Foundation\\Bootstrap\\{closure}(2, 'Undefined array...', '/Users/appkey/D...', 260)
#2 /Users/appkey/Desktop/agungappkey/tugas-akhir/vendor/laravel/framework/src/Illuminate/Log/LogManager.php(222): Illuminate\\Log\\LogManager->createStackDriver(Array)
#3 /Users/appkey/Desktop/agungappkey/tugas-akhir/vendor/laravel/framework/src/Illuminate/Log/LogManager.php(137): Illuminate\\Log\\LogManager->resolve('stack', Array)
#4 /Users/appkey/Desktop/agungappkey/tugas-akhir/vendor/laravel/framework/src/Illuminate/Log/LogManager.php(124): Illuminate\\Log\\LogManager->get('stack')
#5 /Users/appkey/Desktop/agungappkey/tugas-akhir/vendor/laravel/framework/src/Illuminate/Log/LogManager.php(681): Illuminate\\Log\\LogManager->driver()
#6 /Users/appkey/Desktop/agungappkey/tugas-akhir/vendor/laravel/framework/src/Illuminate/Foundation/Exceptions/Handler.php(317): Illuminate\\Log\\LogManager->error('Unclosed '(' do...', Array)
#7 /Users/appkey/Desktop/agungappkey/tugas-akhir/vendor/laravel/framework/src/Illuminate/Foundation/Exceptions/Handler.php(278): Illuminate\\Foundation\\Exceptions\\Handler->reportThrowable(Object(ParseError))
#8 /Users/appkey/Desktop/agungappkey/tugas-akhir/vendor/nunomaduro/collision/src/Adapters/Laravel/ExceptionHandler.php(46): Illuminate\\Foundation\\Exceptions\\Handler->report(Object(ParseError))
#9 /Users/appkey/Desktop/agungappkey/tugas-akhir/vendor/laravel/framework/src/Illuminate/Foundation/Console/Kernel.php(523): NunoMaduro\\Collision\\Adapters\\Laravel\\ExceptionHandler->report(Object(ParseError))
#10 /Users/appkey/Desktop/agungappkey/tugas-akhir/vendor/laravel/framework/src/Illuminate/Foundation/Console/Kernel.php(203): Illuminate\\Foundation\\Console\\Kernel->reportException(Object(ParseError))
#11 Command line code(1): Illuminate\\Foundation\\Console\\Kernel->handle(Object(Symfony\\Component\\Console\\Input\\ArgvInput), Object(Symfony\\Component\\Console\\Output\\ConsoleOutput))
#12 {main}
"} 
[2025-12-06 09:06:07] laravel.ERROR: Unclosed '(' does not match ']' {"exception":"[object] (ParseError(code: 0): Unclosed '(' does not match ']' at /Users/appkey/Desktop/agungappkey/tugas-akhir/routes/auth.php:49)
[stacktrace]
#0 /Users/appkey/Desktop/agungappkey/tugas-akhir/vendor/laravel/framework/src/Illuminate/Routing/RouteFileRegistrar.php(35): require()
#1 /Users/appkey/Desktop/agungappkey/tugas-akhir/vendor/laravel/framework/src/Illuminate/Routing/Router.php(511): Illuminate\\Routing\\RouteFileRegistrar->register('/Users/appkey/D...')
#2 /Users/appkey/Desktop/agungappkey/tugas-akhir/vendor/laravel/framework/src/Illuminate/Routing/Router.php(465): Illuminate\\Routing\\Router->loadRoutes('/Users/appkey/D...')
#3 /Users/appkey/Desktop/agungappkey/tugas-akhir/vendor/laravel/framework/src/Illuminate/Routing/RouteRegistrar.php(194): Illuminate\\Routing\\Router->group(Array, '/Users/appkey/D...')
#4 /Users/appkey/Desktop/agungappkey/tugas-akhir/app/Providers/RouteServiceProvider.php(42): Illuminate\\Routing\\RouteRegistrar->group('/Users/appkey/D...')
#5 /Users/appkey/Desktop/agungappkey/tugas-akhir/vendor/laravel/framework/src/Illuminate/Container/BoundMethod.php(36): App\\Providers\\RouteServiceProvider->App\\Providers\\{closure}()
#6 /Users/appkey/Desktop/agungappkey/tugas-akhir/vendor/laravel/framework/src/Illuminate/Container/Util.php(41): Illuminate\\Container\\BoundMethod::Illuminate\\Container\\{closure}()
#7 /Users/appkey/Desktop/agungappkey/tugas-akhir/vendor/laravel/framework/src/Illuminate/Container/BoundMethod.php(81): Illuminate\\Container\\Util::unwrapIfClosure(Object(Closure))
#8 /Users/appkey/Desktop/agungappkey/tugas-akhir/vendor/laravel/framework/src/Illuminate/Container/BoundMethod.php(35): Illuminate\\Container\\BoundMethod::callBoundMethod(Object(Illuminate\\Foundation\\Application), Object(Closure), Object(Closure))
#9 /Users/appkey/Desktop/agungappkey/tugas-akhir/vendor/laravel/framework/src/Illuminate/Container/Container.php(662): Illuminate\\Container\\BoundMethod::call(Object(Illuminate\\Foundation\\Application), Object(Closure), Array, NULL)
#10 /Users/appkey/Desktop/agungappkey/tugas-akhir/vendor/laravel/framework/src/Illuminate/Foundation/Support/Providers/RouteServiceProvider.php(120): Illuminate\\Container\\Container->call(Object(Closure))
#11 /Users/appkey/Desktop/agungappkey/tugas-akhir/vendor/laravel/framework/src/Illuminate/Foundation/Support/Providers/RouteServiceProvider.php(45): Illuminate\\Foundation\\Support\\Providers\\RouteServiceProvider->loadRoutes()
#12 /Users/appkey/Desktop/agungappkey/tugas-akhir/vendor/laravel/framework/src/Illuminate/Container/BoundMethod.php(36): Illuminate\\Foundation\\Support\\Providers\\RouteServiceProvider->Illuminate\\Foundation\\Support\\Providers\\{closure}()
#13 /Users/appkey/Desktop/agungappkey/tugas-akhir/vendor/laravel/framework/src/Illuminate/Container/Util.php(41): Illuminate\\Container\\BoundMethod::Illuminate\\Container\\{closure}()
#14 /Users/appkey/Desktop/agungappkey/tugas-akhir/vendor/laravel/framework/src/Illuminate/Container/BoundMethod.php(81): Illuminate\\Container\\Util::unwrapIfClosure(Object(Closure))
#15 /Users/appkey/Desktop/agungappkey/tugas-akhir/vendor/laravel/framework/src/Illuminate/Container/BoundMethod.php(35): Illuminate\\Container\\BoundMethod::callBoundMethod(Object(Illuminate\\Foundation\\Application), Object(Closure), Object(Closure))
#16 /Users/appkey/Desktop/agungappkey/tugas-akhir/vendor/laravel/framework/src/Illuminate/Container/Container.php(662): Illuminate\\Container\\BoundMethod::call(Object(Illuminate\\Foundation\\Application), Object(Closure), Array, NULL)
#17 /Users/appkey/Desktop/agungappkey/tugas-akhir/vendor/laravel/framework/src/Illuminate/Support/ServiceProvider.php(119): Illuminate\\Container\\Container->call(Object(Closure))
#18 /Users/appkey/Desktop/agungappkey/tugas-akhir/vendor/laravel/framework/src/Illuminate/Foundation/Application.php(1062): Illuminate\\Support\\ServiceProvider->callBootedCallbacks()
#19 /Users/appkey/Desktop/agungappkey/tugas-akhir/vendor/laravel/framework/src/Illuminate/Foundation/Application.php(1040): Illuminate\\Foundation\\Application->bootProvider(Object(App\\Providers\\RouteServiceProvider))
#20 [internal function]: Illuminate\\Foundation\\Application->Illuminate\\Foundation\\{closure}(Object(App\\Providers\\RouteServiceProvider), 32)
#21 /Users/appkey/Desktop/agungappkey/tugas-akhir/vendor/laravel/framework/src/Illuminate/Foundation/Application.php(1039): array_walk(Array, Object(Closure))
#22 /Users/appkey/Desktop/agungappkey/tugas-akhir/vendor/laravel/framework/src/Illuminate/Foundation/Bootstrap/BootProviders.php(17): Illuminate\\Foundation\\Application->boot()
#23 /Users/appkey/Desktop/agungappkey/tugas-akhir/vendor/laravel/framework/src/Illuminate/Foundation/Application.php(286): Illuminate\\Foundation\\Bootstrap\\BootProviders->bootstrap(Object(Illuminate\\Foundation\\Application))
#24 /Users/appkey/Desktop/agungappkey/tugas-akhir/vendor/laravel/framework/src/Illuminate/Foundation/Console/Kernel.php(447): Illuminate\\Foundation\\Application->bootstrapWith(Array)
#25 /Users/appkey/Desktop/agungappkey/tugas-akhir/vendor/laravel/framework/src/Illuminate/Foundation/Console/Kernel.php(199): Illuminate\\Foundation\\Console\\Kernel->bootstrap()
#26 Command line code(1): Illuminate\\Foundation\\Console\\Kernel->handle(Object(Symfony\\Component\\Console\\Input\\ArgvInput), Object(Symfony\\Component\\Console\\Output\\ConsoleOutput))
#27 {main}
"} 
[2025-12-06 09:06:07] laravel.EMERGENCY: Unable to create configured logger. Using emergency logger. {"exception":"[object] (ErrorException(code: 0): Undefined array key \"channels\" at /Users/appkey/Desktop/agungappkey/tugas-akhir/vendor/laravel/framework/src/Illuminate/Log/LogManager.php:260)
[stacktrace]
#0 /Users/appkey/Desktop/agungappkey/tugas-akhir/vendor/laravel/framework/src/Illuminate/Foundation/Bootstrap/HandleExceptions.php(255): Illuminate\\Foundation\\Bootstrap\\HandleExceptions->handleError(2, 'Undefined array...', '/Users/appkey/D...', 260)
#1 /Users/appkey/Desktop/agungappkey/tugas-akhir/vendor/laravel/framework/src/Illuminate/Log/LogManager.php(260): Illuminate\\Foundation\\Bootstrap\\HandleExceptions->Illuminate\\Foundation\\Bootstrap\\{closure}(2, 'Undefined array...', '/Users/appkey/D...', 260)
#2 /Users/appkey/Desktop/agungappkey/tugas-akhir/vendor/laravel/framework/src/Illuminate/Log/LogManager.php(222): Illuminate\\Log\\LogManager->createStackDriver(Array)
#3 /Users/appkey/Desktop/agungappkey/tugas-akhir/vendor/laravel/framework/src/Illuminate/Log/LogManager.php(137): Illuminate\\Log\\LogManager->resolve('stack', Array)
#4 /Users/appkey/Desktop/agungappkey/tugas-akhir/vendor/laravel/framework/src/Illuminate/Log/LogManager.php(124): Illuminate\\Log\\LogManager->get('stack')
#5 /Users/appkey/Desktop/agungappkey/tugas-akhir/vendor/laravel/framework/src/Illuminate/Log/LogManager.php(681): Illuminate\\Log\\LogManager->driver()
#6 /Users/appkey/Desktop/agungappkey/tugas-akhir/vendor/laravel/framework/src/Illuminate/Support/Facades/Facade.php(355): Illuminate\\Log\\LogManager->error('Unhandled excep...', Array)
#7 /Users/appkey/Desktop/agungappkey/tugas-akhir/app/Exceptions/Handler.php(73): Illuminate\\Support\\Facades\\Facade::__callStatic('error', Array)
#8 /Users/appkey/Desktop/agungappkey/tugas-akhir/app/Exceptions/Handler.php(32): App\\Exceptions\\Handler->logException(Object(ParseError))
#9 [internal function]: App\\Exceptions\\Handler->App\\Exceptions\\{closure}(Object(ParseError))
#10 /Users/appkey/Desktop/agungappkey/tugas-akhir/vendor/laravel/framework/src/Illuminate/Foundation/Exceptions/ReportableHandler.php(45): call_user_func(Object(Closure), Object(ParseError))
#11 /Users/appkey/Desktop/agungappkey/tugas-akhir/vendor/laravel/framework/src/Illuminate/Foundation/Exceptions/Handler.php(299): Illuminate\\Foundation\\Exceptions\\ReportableHandler->__invoke(Object(ParseError))
#12 /Users/appkey/Desktop/agungappkey/tugas-akhir/vendor/laravel/framework/src/Illuminate/Foundation/Exceptions/Handler.php(278): Illuminate\\Foundation\\Exceptions\\Handler->reportThrowable(Object(ParseError))
#13 /Users/appkey/Desktop/agungappkey/tugas-akhir/vendor/nunomaduro/collision/src/Adapters/Laravel/ExceptionHandler.php(46): Illuminate\\Foundation\\Exceptions\\Handler->report(Object(ParseError))
#14 /Users/appkey/Desktop/agungappkey/tugas-akhir/vendor/laravel/framework/src/Illuminate/Foundation/Console/Kernel.php(523): NunoMaduro\\Collision\\Adapters\\Laravel\\ExceptionHandler->report(Object(ParseError))
#15 /Users/appkey/Desktop/agungappkey/tugas-akhir/vendor/laravel/framework/src/Illuminate/Foundation/Console/Kernel.php(203): Illuminate\\Foundation\\Console\\Kernel->reportException(Object(ParseError))
#16 Command line code(1): Illuminate\\Foundation\\Console\\Kernel->handle(Object(Symfony\\Component\\Console\\Input\\ArgvInput), Object(Symfony\\Component\\Console\\Output\\ConsoleOutput))
#17 {main}
"} 
[2025-12-06 09:06:07] laravel.ERROR: Unhandled exception {"exception":"ParseError","message":"Unclosed '(' does not match ']'","file":"/Users/appkey/Desktop/agungappkey/tugas-akhir/routes/auth.php","line":49,"trace":"#0 /Users/appkey/Desktop/agungappkey/tugas-akhir/vendor/laravel/framework/src/Illuminate/Routing/RouteFileRegistrar.php(35): require()
#1 /Users/appkey/Desktop/agungappkey/tugas-akhir/vendor/laravel/framework/src/Illuminate/Routing/Router.php(511): Illuminate\\Routing\\RouteFileRegistrar->register('/Users/appkey/D...')
#2 /Users/appkey/Desktop/agungappkey/tugas-akhir/vendor/laravel/framework/src/Illuminate/Routing/Router.php(465): Illuminate\\Routing\\Router->loadRoutes('/Users/appkey/D...')
#3 /Users/appkey/Desktop/agungappkey/tugas-akhir/vendor/laravel/framework/src/Illuminate/Routing/RouteRegistrar.php(194): Illuminate\\Routing\\Router->group(Array, '/Users/appkey/D...')
#4 /Users/appkey/Desktop/agungappkey/tugas-akhir/app/Providers/RouteServiceProvider.php(42): Illuminate\\Routing\\RouteRegistrar->group('/Users/appkey/D...')
#5 /Users/appkey/Desktop/agungappkey/tugas-akhir/vendor/laravel/framework/src/Illuminate/Container/BoundMethod.php(36): App\\Providers\\RouteServiceProvider->App\\Providers\\{closure}()
#6 /Users/appkey/Desktop/agungappkey/tugas-akhir/vendor/laravel/framework/src/Illuminate/Container/Util.php(41): Illuminate\\Container\\BoundMethod::Illuminate\\Container\\{closure}()
#7 /Users/appkey/Desktop/agungappkey/tugas-akhir/vendor/laravel/framework/src/Illuminate/Container/BoundMethod.php(81): Illuminate\\Container\\Util::unwrapIfClosure(Object(Closure))
#8 /Users/appkey/Desktop/agungappkey/tugas-akhir/vendor/laravel/framework/src/Illuminate/Container/BoundMethod.php(35): Illuminate\\Container\\BoundMethod::callBoundMethod(Object(Illuminate\\Foundation\\Application), Object(Closure), Object(Closure))
#9 /Users/appkey/Desktop/agungappkey/tugas-akhir/vendor/laravel/framework/src/Illuminate/Container/Container.php(662): Illuminate\\Container\\BoundMethod::call(Object(Illuminate\\Foundation\\Application), Object(Closure), Array, NULL)
#10 /Users/appkey/Desktop/agungappkey/tugas-akhir/vendor/laravel/framework/src/Illuminate/Foundation/Support/Providers/RouteServiceProvider.php(120): Illuminate\\Container\\Container->call(Object(Closure))
#11 /Users/appkey/Desktop/agungappkey/tugas-akhir/vendor/laravel/framework/src/Illuminate/Foundation/Support/Providers/RouteServiceProvider.php(45): Illuminate\\Foundation\\Support\\Providers\\RouteServiceProvider->loadRoutes()
#12 /Users/appkey/Desktop/agungappkey/tugas-akhir/vendor/laravel/framework/src/Illuminate/Container/BoundMethod.php(36): Illuminate\\Foundation\\Support\\Providers\\RouteServiceProvider->Illuminate\\Foundation\\Support\\Providers\\{closure}()
#13 /Users/appkey/Desktop/agungappkey/tugas-akhir/vendor/laravel/framework/src/Illuminate/Container/Util.php(41): Illuminate\\Container\\BoundMethod::Illuminate\\Container\\{closure}()
#14 /Users/appkey/Desktop/agungappkey/tugas-akhir/vendor/laravel/framework/src/Illuminate/Container/BoundMethod.php(81): Illuminate\\Container\\Util::unwrapIfClosure(Object(Closure))
#15 /Users/appkey/Desktop/agungappkey/tugas-akhir/vendor/laravel/framework/src/Illuminate/Container/BoundMethod.php(35): Illuminate\\Container\\BoundMethod::callBoundMethod(Object(Illuminate\\Foundation\\Application), Object(Closure), Object(Closure))
#16 /Users/appkey/Desktop/agungappkey/tugas-akhir/vendor/laravel/framework/src/Illuminate/Container/Container.php(662): Illuminate\\Container\\BoundMethod::call(Object(Illuminate\\Foundation\\Application), Object(Closure), Array, NULL)
#17 /Users/appkey/Desktop/agungappkey/tugas-akhir/vendor/laravel/framework/src/Illuminate/Support/ServiceProvider.php(119): Illuminate\\Container\\Container->call(Object(Closure))
#18 /Users/appkey/Desktop/agungappkey/tugas-akhir/vendor/laravel/framework/src/Illuminate/Foundation/Application.php(1062): Illuminate\\Support\\ServiceProvider->callBootedCallbacks()
#19 /Users/appkey/Desktop/agungappkey/tugas-akhir/vendor/laravel/framework/src/Illuminate/Foundation/Application.php(1040): Illuminate\\Foundation\\Application->bootProvider(Object(App\\Providers\\RouteServiceProvider))
#20 [internal function]: Illuminate\\Foundation\\Application->Illuminate\\Foundation\\{closure}(Object(App\\Providers\\RouteServiceProvider), 32)
#21 /Users/appkey/Desktop/agungappkey/tugas-akhir/vendor/laravel/framework/src/Illuminate/Foundation/Application.php(1039): array_walk(Array, Object(Closure))
#22 /Users/appkey/Desktop/agungappkey/tugas-akhir/vendor/laravel/framework/src/Illuminate/Foundation/Bootstrap/BootProviders.php(17): Illuminate\\Foundation\\Application->boot()
#23 /Users/appkey/Desktop/agungappkey/tugas-akhir/vendor/laravel/framework/src/Illuminate/Foundation/Application.php(286): Illuminate\\Foundation\\Bootstrap\\BootProviders->bootstrap(Object(Illuminate\\Foundation\\Application))
#24 /Users/appkey/Desktop/agungappkey/tugas-akhir/vendor/laravel/framework/src/Illuminate/Foundation/Console/Kernel.php(447): Illuminate\\Foundation\\Application->bootstrapWith(Array)
#25 /Users/appkey/Desktop/agungappkey/tugas-akhir/vendor/laravel/framework/src/Illuminate/Foundation/Console/Kernel.php(199): Illuminate\\Foundation\\Console\\Kernel->bootstrap()
#26 Command line code(1): Illuminate\\Foundation\\Console\\Kernel->handle(Object(Symfony\\Component\\Console\\Input\\ArgvInput), Object(Symfony\\Component\\Console\\Output\\ConsoleOutput))
#27 {main}","url":"http://localhost","method":"GET","ip":"127.0.0.1","user_agent":"Symfony","user_id":null} 
[2025-12-06 09:06:07] laravel.EMERGENCY: Unable to create configured logger. Using emergency logger. {"exception":"[object] (ErrorException(code: 0): Undefined array key \"channels\" at /Users/appkey/Desktop/agungappkey/tugas-akhir/vendor/laravel/framework/src/Illuminate/Log/LogManager.php:260)
[stacktrace]
#0 /Users/appkey/Desktop/agungappkey/tugas-akhir/vendor/laravel/framework/src/Illuminate/Foundation/Bootstrap/HandleExceptions.php(255): Illuminate\\Foundation\\Bootstrap\\HandleExceptions->handleError(2, 'Undefined array...', '/Users/appkey/D...', 260)
#1 /Users/appkey/Desktop/agungappkey/tugas-akhir/vendor/laravel/framework/src/Illuminate/Log/LogManager.php(260): Illuminate\\Foundation\\Bootstrap\\HandleExceptions->Illuminate\\Foundation\\Bootstrap\\{closure}(2, 'Undefined array...', '/Users/appkey/D...', 260)
#2 /Users/appkey/Desktop/agungappkey/tugas-akhir/vendor/laravel/framework/src/Illuminate/Log/LogManager.php(222): Illuminate\\Log\\LogManager->createStackDriver(Array)
#3 /Users/appkey/Desktop/agungappkey/tugas-akhir/vendor/laravel/framework/src/Illuminate/Log/LogManager.php(137): Illuminate\\Log\\LogManager->resolve('stack', Array)
#4 /Users/appkey/Desktop/agungappkey/tugas-akhir/vendor/laravel/framework/src/Illuminate/Log/LogManager.php(124): Illuminate\\Log\\LogManager->get('stack')
#5 /Users/appkey/Desktop/agungappkey/tugas-akhir/vendor/laravel/framework/src/Illuminate/Log/LogManager.php(681): Illuminate\\Log\\LogManager->driver()
#6 /Users/appkey/Desktop/agungappkey/tugas-akhir/vendor/laravel/framework/src/Illuminate/Foundation/Exceptions/Handler.php(317): Illuminate\\Log\\LogManager->error('Unclosed '(' do...', Array)
#7 /Users/appkey/Desktop/agungappkey/tugas-akhir/vendor/laravel/framework/src/Illuminate/Foundation/Exceptions/Handler.php(278): Illuminate\\Foundation\\Exceptions\\Handler->reportThrowable(Object(ParseError))
#8 /Users/appkey/Desktop/agungappkey/tugas-akhir/vendor/nunomaduro/collision/src/Adapters/Laravel/ExceptionHandler.php(46): Illuminate\\Foundation\\Exceptions\\Handler->report(Object(ParseError))
#9 /Users/appkey/Desktop/agungappkey/tugas-akhir/vendor/laravel/framework/src/Illuminate/Foundation/Console/Kernel.php(523): NunoMaduro\\Collision\\Adapters\\Laravel\\ExceptionHandler->report(Object(ParseError))
#10 /Users/appkey/Desktop/agungappkey/tugas-akhir/vendor/laravel/framework/src/Illuminate/Foundation/Console/Kernel.php(203): Illuminate\\Foundation\\Console\\Kernel->reportException(Object(ParseError))
#11 Command line code(1): Illuminate\\Foundation\\Console\\Kernel->handle(Object(Symfony\\Component\\Console\\Input\\ArgvInput), Object(Symfony\\Component\\Console\\Output\\ConsoleOutput))
#12 {main}
"} 
[2025-12-06 09:06:07] laravel.ERROR: Unclosed '(' does not match ']' {"exception":"[object] (ParseError(code: 0): Unclosed '(' does not match ']' at /Users/appkey/Desktop/agungappkey/tugas-akhir/routes/auth.php:49)
[stacktrace]
#0 /Users/appkey/Desktop/agungappkey/tugas-akhir/vendor/laravel/framework/src/Illuminate/Routing/RouteFileRegistrar.php(35): require()
#1 /Users/appkey/Desktop/agungappkey/tugas-akhir/vendor/laravel/framework/src/Illuminate/Routing/Router.php(511): Illuminate\\Routing\\RouteFileRegistrar->register('/Users/appkey/D...')
#2 /Users/appkey/Desktop/agungappkey/tugas-akhir/vendor/laravel/framework/src/Illuminate/Routing/Router.php(465): Illuminate\\Routing\\Router->loadRoutes('/Users/appkey/D...')
#3 /Users/appkey/Desktop/agungappkey/tugas-akhir/vendor/laravel/framework/src/Illuminate/Routing/RouteRegistrar.php(194): Illuminate\\Routing\\Router->group(Array, '/Users/appkey/D...')
#4 /Users/appkey/Desktop/agungappkey/tugas-akhir/app/Providers/RouteServiceProvider.php(42): Illuminate\\Routing\\RouteRegistrar->group('/Users/appkey/D...')
#5 /Users/appkey/Desktop/agungappkey/tugas-akhir/vendor/laravel/framework/src/Illuminate/Container/BoundMethod.php(36): App\\Providers\\RouteServiceProvider->App\\Providers\\{closure}()
#6 /Users/appkey/Desktop/agungappkey/tugas-akhir/vendor/laravel/framework/src/Illuminate/Container/Util.php(41): Illuminate\\Container\\BoundMethod::Illuminate\\Container\\{closure}()
#7 /Users/appkey/Desktop/agungappkey/tugas-akhir/vendor/laravel/framework/src/Illuminate/Container/BoundMethod.php(81): Illuminate\\Container\\Util::unwrapIfClosure(Object(Closure))
#8 /Users/appkey/Desktop/agungappkey/tugas-akhir/vendor/laravel/framework/src/Illuminate/Container/BoundMethod.php(35): Illuminate\\Container\\BoundMethod::callBoundMethod(Object(Illuminate\\Foundation\\Application), Object(Closure), Object(Closure))
#9 /Users/appkey/Desktop/agungappkey/tugas-akhir/vendor/laravel/framework/src/Illuminate/Container/Container.php(662): Illuminate\\Container\\BoundMethod::call(Object(Illuminate\\Foundation\\Application), Object(Closure), Array, NULL)
#10 /Users/appkey/Desktop/agungappkey/tugas-akhir/vendor/laravel/framework/src/Illuminate/Foundation/Support/Providers/RouteServiceProvider.php(120): Illuminate\\Container\\Container->call(Object(Closure))
#11 /Users/appkey/Desktop/agungappkey/tugas-akhir/vendor/laravel/framework/src/Illuminate/Foundation/Support/Providers/RouteServiceProvider.php(45): Illuminate\\Foundation\\Support\\Providers\\RouteServiceProvider->loadRoutes()
#12 /Users/appkey/Desktop/agungappkey/tugas-akhir/vendor/laravel/framework/src/Illuminate/Container/BoundMethod.php(36): Illuminate\\Foundation\\Support\\Providers\\RouteServiceProvider->Illuminate\\Foundation\\Support\\Providers\\{closure}()
#13 /Users/appkey/Desktop/agungappkey/tugas-akhir/vendor/laravel/framework/src/Illuminate/Container/Util.php(41): Illuminate\\Container\\BoundMethod::Illuminate\\Container\\{closure}()
#14 /Users/appkey/Desktop/agungappkey/tugas-akhir/vendor/laravel/framework/src/Illuminate/Container/BoundMethod.php(81): Illuminate\\Container\\Util::unwrapIfClosure(Object(Closure))
#15 /Users/appkey/Desktop/agungappkey/tugas-akhir/vendor/laravel/framework/src/Illuminate/Container/BoundMethod.php(35): Illuminate\\Container\\BoundMethod::callBoundMethod(Object(Illuminate\\Foundation\\Application), Object(Closure), Object(Closure))
#16 /Users/appkey/Desktop/agungappkey/tugas-akhir/vendor/laravel/framework/src/Illuminate/Container/Container.php(662): Illuminate\\Container\\BoundMethod::call(Object(Illuminate\\Foundation\\Application), Object(Closure), Array, NULL)
#17 /Users/appkey/Desktop/agungappkey/tugas-akhir/vendor/laravel/framework/src/Illuminate/Support/ServiceProvider.php(119): Illuminate\\Container\\Container->call(Object(Closure))
#18 /Users/appkey/Desktop/agungappkey/tugas-akhir/vendor/laravel/framework/src/Illuminate/Foundation/Application.php(1062): Illuminate\\Support\\ServiceProvider->callBootedCallbacks()
#19 /Users/appkey/Desktop/agungappkey/tugas-akhir/vendor/laravel/framework/src/Illuminate/Foundation/Application.php(1040): Illuminate\\Foundation\\Application->bootProvider(Object(App\\Providers\\RouteServiceProvider))
#20 [internal function]: Illuminate\\Foundation\\Application->Illuminate\\Foundation\\{closure}(Object(App\\Providers\\RouteServiceProvider), 32)
#21 /Users/appkey/Desktop/agungappkey/tugas-akhir/vendor/laravel/framework/src/Illuminate/Foundation/Application.php(1039): array_walk(Array, Object(Closure))
#22 /Users/appkey/Desktop/agungappkey/tugas-akhir/vendor/laravel/framework/src/Illuminate/Foundation/Bootstrap/BootProviders.php(17): Illuminate\\Foundation\\Application->boot()
#23 /Users/appkey/Desktop/agungappkey/tugas-akhir/vendor/laravel/framework/src/Illuminate/Foundation/Application.php(286): Illuminate\\Foundation\\Bootstrap\\BootProviders->bootstrap(Object(Illuminate\\Foundation\\Application))
#24 /Users/appkey/Desktop/agungappkey/tugas-akhir/vendor/laravel/framework/src/Illuminate/Foundation/Console/Kernel.php(447): Illuminate\\Foundation\\Application->bootstrapWith(Array)
#25 /Users/appkey/Desktop/agungappkey/tugas-akhir/vendor/laravel/framework/src/Illuminate/Foundation/Console/Kernel.php(199): Illuminate\\Foundation\\Console\\Kernel->bootstrap()
#26 Command line code(1): Illuminate\\Foundation\\Console\\Kernel->handle(Object(Symfony\\Component\\Console\\Input\\ArgvInput), Object(Symfony\\Component\\Console\\Output\\ConsoleOutput))
#27 {main}
"} 
[2025-12-06 09:06:08] laravel.EMERGENCY: Unable to create configured logger. Using emergency logger. {"exception":"[object] (ErrorException(code: 0): Undefined array key \"channels\" at /Users/appkey/Desktop/agungappkey/tugas-akhir/vendor/laravel/framework/src/Illuminate/Log/LogManager.php:260)
[stacktrace]
#0 /Users/appkey/Desktop/agungappkey/tugas-akhir/vendor/laravel/framework/src/Illuminate/Foundation/Bootstrap/HandleExceptions.php(255): Illuminate\\Foundation\\Bootstrap\\HandleExceptions->handleError(2, 'Undefined array...', '/Users/appkey/D...', 260)
#1 /Users/appkey/Desktop/agungappkey/tugas-akhir/vendor/laravel/framework/src/Illuminate/Log/LogManager.php(260): Illuminate\\Foundation\\Bootstrap\\HandleExceptions->Illuminate\\Foundation\\Bootstrap\\{closure}(2, 'Undefined array...', '/Users/appkey/D...', 260)
#2 /Users/appkey/Desktop/agungappkey/tugas-akhir/vendor/laravel/framework/src/Illuminate/Log/LogManager.php(222): Illuminate\\Log\\LogManager->createStackDriver(Array)
#3 /Users/appkey/Desktop/agungappkey/tugas-akhir/vendor/laravel/framework/src/Illuminate/Log/LogManager.php(137): Illuminate\\Log\\LogManager->resolve('stack', Array)
#4 /Users/appkey/Desktop/agungappkey/tugas-akhir/vendor/laravel/framework/src/Illuminate/Log/LogManager.php(124): Illuminate\\Log\\LogManager->get('stack')
#5 /Users/appkey/Desktop/agungappkey/tugas-akhir/vendor/laravel/framework/src/Illuminate/Log/LogManager.php(681): Illuminate\\Log\\LogManager->driver()
#6 /Users/appkey/Desktop/agungappkey/tugas-akhir/vendor/laravel/framework/src/Illuminate/Support/Facades/Facade.php(355): Illuminate\\Log\\LogManager->error('Unhandled excep...', Array)
#7 /Users/appkey/Desktop/agungappkey/tugas-akhir/app/Exceptions/Handler.php(73): Illuminate\\Support\\Facades\\Facade::__callStatic('error', Array)
#8 /Users/appkey/Desktop/agungappkey/tugas-akhir/app/Exceptions/Handler.php(32): App\\Exceptions\\Handler->logException(Object(ParseError))
#9 [internal function]: App\\Exceptions\\Handler->App\\Exceptions\\{closure}(Object(ParseError))
#10 /Users/appkey/Desktop/agungappkey/tugas-akhir/vendor/laravel/framework/src/Illuminate/Foundation/Exceptions/ReportableHandler.php(45): call_user_func(Object(Closure), Object(ParseError))
#11 /Users/appkey/Desktop/agungappkey/tugas-akhir/vendor/laravel/framework/src/Illuminate/Foundation/Exceptions/Handler.php(299): Illuminate\\Foundation\\Exceptions\\ReportableHandler->__invoke(Object(ParseError))
#12 /Users/appkey/Desktop/agungappkey/tugas-akhir/vendor/laravel/framework/src/Illuminate/Foundation/Exceptions/Handler.php(278): Illuminate\\Foundation\\Exceptions\\Handler->reportThrowable(Object(ParseError))
#13 /Users/appkey/Desktop/agungappkey/tugas-akhir/vendor/nunomaduro/collision/src/Adapters/Laravel/ExceptionHandler.php(46): Illuminate\\Foundation\\Exceptions\\Handler->report(Object(ParseError))
#14 /Users/appkey/Desktop/agungappkey/tugas-akhir/vendor/laravel/framework/src/Illuminate/Foundation/Console/Kernel.php(523): NunoMaduro\\Collision\\Adapters\\Laravel\\ExceptionHandler->report(Object(ParseError))
#15 /Users/appkey/Desktop/agungappkey/tugas-akhir/vendor/laravel/framework/src/Illuminate/Foundation/Console/Kernel.php(203): Illuminate\\Foundation\\Console\\Kernel->reportException(Object(ParseError))
#16 Command line code(1): Illuminate\\Foundation\\Console\\Kernel->handle(Object(Symfony\\Component\\Console\\Input\\ArgvInput), Object(Symfony\\Component\\Console\\Output\\ConsoleOutput))
#17 {main}
"} 
[2025-12-06 09:06:08] laravel.EMERGENCY: Unable to create configured logger. Using emergency logger. {"exception":"[object] (ErrorException(code: 0): Undefined array key \"channels\" at /Users/appkey/Desktop/agungappkey/tugas-akhir/vendor/laravel/framework/src/Illuminate/Log/LogManager.php:260)
[stacktrace]
#0 /Users/appkey/Desktop/agungappkey/tugas-akhir/vendor/laravel/framework/src/Illuminate/Foundation/Bootstrap/HandleExceptions.php(255): Illuminate\\Foundation\\Bootstrap\\HandleExceptions->handleError(2, 'Undefined array...', '/Users/appkey/D...', 260)
#1 /Users/appkey/Desktop/agungappkey/tugas-akhir/vendor/laravel/framework/src/Illuminate/Log/LogManager.php(260): Illuminate\\Foundation\\Bootstrap\\HandleExceptions->Illuminate\\Foundation\\Bootstrap\\{closure}(2, 'Undefined array...', '/Users/appkey/D...', 260)
#2 /Users/appkey/Desktop/agungappkey/tugas-akhir/vendor/laravel/framework/src/Illuminate/Log/LogManager.php(222): Illuminate\\Log\\LogManager->createStackDriver(Array)
#3 /Users/appkey/Desktop/agungappkey/tugas-akhir/vendor/laravel/framework/src/Illuminate/Log/LogManager.php(137): Illuminate\\Log\\LogManager->resolve('stack', Array)
#4 /Users/appkey/Desktop/agungappkey/tugas-akhir/vendor/laravel/framework/src/Illuminate/Log/LogManager.php(124): Illuminate\\Log\\LogManager->get('stack')
#5 /Users/appkey/Desktop/agungappkey/tugas-akhir/vendor/laravel/framework/src/Illuminate/Log/LogManager.php(681): Illuminate\\Log\\LogManager->driver()
#6 /Users/appkey/Desktop/agungappkey/tugas-akhir/vendor/laravel/framework/src/Illuminate/Support/Facades/Facade.php(355): Illuminate\\Log\\LogManager->error('Unhandled excep...', Array)
#7 /Users/appkey/Desktop/agungappkey/tugas-akhir/app/Exceptions/Handler.php(73): Illuminate\\Support\\Facades\\Facade::__callStatic('error', Array)
#8 /Users/appkey/Desktop/agungappkey/tugas-akhir/app/Exceptions/Handler.php(32): App\\Exceptions\\Handler->logException(Object(ParseError))
#9 [internal function]: App\\Exceptions\\Handler->App\\Exceptions\\{closure}(Object(ParseError))
#10 /Users/appkey/Desktop/agungappkey/tugas-akhir/vendor/laravel/framework/src/Illuminate/Foundation/Exceptions/ReportableHandler.php(45): call_user_func(Object(Closure), Object(ParseError))
#11 /Users/appkey/Desktop/agungappkey/tugas-akhir/vendor/laravel/framework/src/Illuminate/Foundation/Exceptions/Handler.php(299): Illuminate\\Foundation\\Exceptions\\ReportableHandler->__invoke(Object(ParseError))
#12 /Users/appkey/Desktop/agungappkey/tugas-akhir/vendor/laravel/framework/src/Illuminate/Foundation/Exceptions/Handler.php(278): Illuminate\\Foundation\\Exceptions\\Handler->reportThrowable(Object(ParseError))
#13 /Users/appkey/Desktop/agungappkey/tugas-akhir/vendor/nunomaduro/collision/src/Adapters/Laravel/ExceptionHandler.php(46): Illuminate\\Foundation\\Exceptions\\Handler->report(Object(ParseError))
#14 /Users/appkey/Desktop/agungappkey/tugas-akhir/vendor/laravel/framework/src/Illuminate/Foundation/Console/Kernel.php(523): NunoMaduro\\Collision\\Adapters\\Laravel\\ExceptionHandler->report(Object(ParseError))
#15 /Users/appkey/Desktop/agungappkey/tugas-akhir/vendor/laravel/framework/src/Illuminate/Foundation/Console/Kernel.php(203): Illuminate\\Foundation\\Console\\Kernel->reportException(Object(ParseError))
#16 Command line code(1): Illuminate\\Foundation\\Console\\Kernel->handle(Object(Symfony\\Component\\Console\\Input\\ArgvInput), Object(Symfony\\Component\\Console\\Output\\ConsoleOutput))
#17 {main}
"} 
[2025-12-06 09:06:08] laravel.ERROR: Unhandled exception {"exception":"ParseError","message":"Unclosed '(' does not match ']'","file":"/Users/appkey/Desktop/agungappkey/tugas-akhir/routes/auth.php","line":49,"trace":"#0 /Users/appkey/Desktop/agungappkey/tugas-akhir/vendor/laravel/framework/src/Illuminate/Routing/RouteFileRegistrar.php(35): require()
#1 /Users/appkey/Desktop/agungappkey/tugas-akhir/vendor/laravel/framework/src/Illuminate/Routing/Router.php(511): Illuminate\\Routing\\RouteFileRegistrar->register('/Users/appkey/D...')
#2 /Users/appkey/Desktop/agungappkey/tugas-akhir/vendor/laravel/framework/src/Illuminate/Routing/Router.php(465): Illuminate\\Routing\\Router->loadRoutes('/Users/appkey/D...')
#3 /Users/appkey/Desktop/agungappkey/tugas-akhir/vendor/laravel/framework/src/Illuminate/Routing/RouteRegistrar.php(194): Illuminate\\Routing\\Router->group(Array, '/Users/appkey/D...')
#4 /Users/appkey/Desktop/agungappkey/tugas-akhir/app/Providers/RouteServiceProvider.php(42): Illuminate\\Routing\\RouteRegistrar->group('/Users/appkey/D...')
#5 /Users/appkey/Desktop/agungappkey/tugas-akhir/vendor/laravel/framework/src/Illuminate/Container/BoundMethod.php(36): App\\Providers\\RouteServiceProvider->App\\Providers\\{closure}()
#6 /Users/appkey/Desktop/agungappkey/tugas-akhir/vendor/laravel/framework/src/Illuminate/Container/Util.php(41): Illuminate\\Container\\BoundMethod::Illuminate\\Container\\{closure}()
#7 /Users/appkey/Desktop/agungappkey/tugas-akhir/vendor/laravel/framework/src/Illuminate/Container/BoundMethod.php(81): Illuminate\\Container\\Util::unwrapIfClosure(Object(Closure))
#8 /Users/appkey/Desktop/agungappkey/tugas-akhir/vendor/laravel/framework/src/Illuminate/Container/BoundMethod.php(35): Illuminate\\Container\\BoundMethod::callBoundMethod(Object(Illuminate\\Foundation\\Application), Object(Closure), Object(Closure))
#9 /Users/appkey/Desktop/agungappkey/tugas-akhir/vendor/laravel/framework/src/Illuminate/Container/Container.php(662): Illuminate\\Container\\BoundMethod::call(Object(Illuminate\\Foundation\\Application), Object(Closure), Array, NULL)
#10 /Users/appkey/Desktop/agungappkey/tugas-akhir/vendor/laravel/framework/src/Illuminate/Foundation/Support/Providers/RouteServiceProvider.php(120): Illuminate\\Container\\Container->call(Object(Closure))
#11 /Users/appkey/Desktop/agungappkey/tugas-akhir/vendor/laravel/framework/src/Illuminate/Foundation/Support/Providers/RouteServiceProvider.php(45): Illuminate\\Foundation\\Support\\Providers\\RouteServiceProvider->loadRoutes()
#12 /Users/appkey/Desktop/agungappkey/tugas-akhir/vendor/laravel/framework/src/Illuminate/Container/BoundMethod.php(36): Illuminate\\Foundation\\Support\\Providers\\RouteServiceProvider->Illuminate\\Foundation\\Support\\Providers\\{closure}()
#13 /Users/appkey/Desktop/agungappkey/tugas-akhir/vendor/laravel/framework/src/Illuminate/Container/Util.php(41): Illuminate\\Container\\BoundMethod::Illuminate\\Container\\{closure}()
#14 /Users/appkey/Desktop/agungappkey/tugas-akhir/vendor/laravel/framework/src/Illuminate/Container/BoundMethod.php(81): Illuminate\\Container\\Util::unwrapIfClosure(Object(Closure))
#15 /Users/appkey/Desktop/agungappkey/tugas-akhir/vendor/laravel/framework/src/Illuminate/Container/BoundMethod.php(35): Illuminate\\Container\\BoundMethod::callBoundMethod(Object(Illuminate\\Foundation\\Application), Object(Closure), Object(Closure))
#16 /Users/appkey/Desktop/agungappkey/tugas-akhir/vendor/laravel/framework/src/Illuminate/Container/Container.php(662): Illuminate\\Container\\BoundMethod::call(Object(Illuminate\\Foundation\\Application), Object(Closure), Array, NULL)
#17 /Users/appkey/Desktop/agungappkey/tugas-akhir/vendor/laravel/framework/src/Illuminate/Support/ServiceProvider.php(119): Illuminate\\Container\\Container->call(Object(Closure))
#18 /Users/appkey/Desktop/agungappkey/tugas-akhir/vendor/laravel/framework/src/Illuminate/Foundation/Application.php(1062): Illuminate\\Support\\ServiceProvider->callBootedCallbacks()
#19 /Users/appkey/Desktop/agungappkey/tugas-akhir/vendor/laravel/framework/src/Illuminate/Foundation/Application.php(1040): Illuminate\\Foundation\\Application->bootProvider(Object(App\\Providers\\RouteServiceProvider))
#20 [internal function]: Illuminate\\Foundation\\Application->Illuminate\\Foundation\\{closure}(Object(App\\Providers\\RouteServiceProvider), 32)
#21 /Users/appkey/Desktop/agungappkey/tugas-akhir/vendor/laravel/framework/src/Illuminate/Foundation/Application.php(1039): array_walk(Array, Object(Closure))
#22 /Users/appkey/Desktop/agungappkey/tugas-akhir/vendor/laravel/framework/src/Illuminate/Foundation/Bootstrap/BootProviders.php(17): Illuminate\\Foundation\\Application->boot()
#23 /Users/appkey/Desktop/agungappkey/tugas-akhir/vendor/laravel/framework/src/Illuminate/Foundation/Application.php(286): Illuminate\\Foundation\\Bootstrap\\BootProviders->bootstrap(Object(Illuminate\\Foundation\\Application))
#24 /Users/appkey/Desktop/agungappkey/tugas-akhir/vendor/laravel/framework/src/Illuminate/Foundation/Console/Kernel.php(447): Illuminate\\Foundation\\Application->bootstrapWith(Array)
#25 /Users/appkey/Desktop/agungappkey/tugas-akhir/vendor/laravel/framework/src/Illuminate/Foundation/Console/Kernel.php(199): Illuminate\\Foundation\\Console\\Kernel->bootstrap()
#26 Command line code(1): Illuminate\\Foundation\\Console\\Kernel->handle(Object(Symfony\\Component\\Console\\Input\\ArgvInput), Object(Symfony\\Component\\Console\\Output\\ConsoleOutput))
#27 {main}","url":"http://localhost","method":"GET","ip":"127.0.0.1","user_agent":"Symfony","user_id":null} 
[2025-12-06 09:06:08] laravel.ERROR: Unhandled exception {"exception":"ParseError","message":"Unclosed '(' does not match ']'","file":"/Users/appkey/Desktop/agungappkey/tugas-akhir/routes/auth.php","line":49,"trace":"#0 /Users/appkey/Desktop/agungappkey/tugas-akhir/vendor/laravel/framework/src/Illuminate/Routing/RouteFileRegistrar.php(35): require()
#1 /Users/appkey/Desktop/agungappkey/tugas-akhir/vendor/laravel/framework/src/Illuminate/Routing/Router.php(511): Illuminate\\Routing\\RouteFileRegistrar->register('/Users/appkey/D...')
#2 /Users/appkey/Desktop/agungappkey/tugas-akhir/vendor/laravel/framework/src/Illuminate/Routing/Router.php(465): Illuminate\\Routing\\Router->loadRoutes('/Users/appkey/D...')
#3 /Users/appkey/Desktop/agungappkey/tugas-akhir/vendor/laravel/framework/src/Illuminate/Routing/RouteRegistrar.php(194): Illuminate\\Routing\\Router->group(Array, '/Users/appkey/D...')
#4 /Users/appkey/Desktop/agungappkey/tugas-akhir/app/Providers/RouteServiceProvider.php(42): Illuminate\\Routing\\RouteRegistrar->group('/Users/appkey/D...')
#5 /Users/appkey/Desktop/agungappkey/tugas-akhir/vendor/laravel/framework/src/Illuminate/Container/BoundMethod.php(36): App\\Providers\\RouteServiceProvider->App\\Providers\\{closure}()
#6 /Users/appkey/Desktop/agungappkey/tugas-akhir/vendor/laravel/framework/src/Illuminate/Container/Util.php(41): Illuminate\\Container\\BoundMethod::Illuminate\\Container\\{closure}()
#7 /Users/appkey/Desktop/agungappkey/tugas-akhir/vendor/laravel/framework/src/Illuminate/Container/BoundMethod.php(81): Illuminate\\Container\\Util::unwrapIfClosure(Object(Closure))
#8 /Users/appkey/Desktop/agungappkey/tugas-akhir/vendor/laravel/framework/src/Illuminate/Container/BoundMethod.php(35): Illuminate\\Container\\BoundMethod::callBoundMethod(Object(Illuminate\\Foundation\\Application), Object(Closure), Object(Closure))
#9 /Users/appkey/Desktop/agungappkey/tugas-akhir/vendor/laravel/framework/src/Illuminate/Container/Container.php(662): Illuminate\\Container\\BoundMethod::call(Object(Illuminate\\Foundation\\Application), Object(Closure), Array, NULL)
#10 /Users/appkey/Desktop/agungappkey/tugas-akhir/vendor/laravel/framework/src/Illuminate/Foundation/Support/Providers/RouteServiceProvider.php(120): Illuminate\\Container\\Container->call(Object(Closure))
#11 /Users/appkey/Desktop/agungappkey/tugas-akhir/vendor/laravel/framework/src/Illuminate/Foundation/Support/Providers/RouteServiceProvider.php(45): Illuminate\\Foundation\\Support\\Providers\\RouteServiceProvider->loadRoutes()
#12 /Users/appkey/Desktop/agungappkey/tugas-akhir/vendor/laravel/framework/src/Illuminate/Container/BoundMethod.php(36): Illuminate\\Foundation\\Support\\Providers\\RouteServiceProvider->Illuminate\\Foundation\\Support\\Providers\\{closure}()
#13 /Users/appkey/Desktop/agungappkey/tugas-akhir/vendor/laravel/framework/src/Illuminate/Container/Util.php(41): Illuminate\\Container\\BoundMethod::Illuminate\\Container\\{closure}()
#14 /Users/appkey/Desktop/agungappkey/tugas-akhir/vendor/laravel/framework/src/Illuminate/Container/BoundMethod.php(81): Illuminate\\Container\\Util::unwrapIfClosure(Object(Closure))
#15 /Users/appkey/Desktop/agungappkey/tugas-akhir/vendor/laravel/framework/src/Illuminate/Container/BoundMethod.php(35): Illuminate\\Container\\BoundMethod::callBoundMethod(Object(Illuminate\\Foundation\\Application), Object(Closure), Object(Closure))
#16 /Users/appkey/Desktop/agungappkey/tugas-akhir/vendor/laravel/framework/src/Illuminate/Container/Container.php(662): Illuminate\\Container\\BoundMethod::call(Object(Illuminate\\Foundation\\Application), Object(Closure), Array, NULL)
#17 /Users/appkey/Desktop/agungappkey/tugas-akhir/vendor/laravel/framework/src/Illuminate/Support/ServiceProvider.php(119): Illuminate\\Container\\Container->call(Object(Closure))
#18 /Users/appkey/Desktop/agungappkey/tugas-akhir/vendor/laravel/framework/src/Illuminate/Foundation/Application.php(1062): Illuminate\\Support\\ServiceProvider->callBootedCallbacks()
#19 /Users/appkey/Desktop/agungappkey/tugas-akhir/vendor/laravel/framework/src/Illuminate/Foundation/Application.php(1040): Illuminate\\Foundation\\Application->bootProvider(Object(App\\Providers\\RouteServiceProvider))
#20 [internal function]: Illuminate\\Foundation\\Application->Illuminate\\Foundation\\{closure}(Object(App\\Providers\\RouteServiceProvider), 32)
#21 /Users/appkey/Desktop/agungappkey/tugas-akhir/vendor/laravel/framework/src/Illuminate/Foundation/Application.php(1039): array_walk(Array, Object(Closure))
#22 /Users/appkey/Desktop/agungappkey/tugas-akhir/vendor/laravel/framework/src/Illuminate/Foundation/Bootstrap/BootProviders.php(17): Illuminate\\Foundation\\Application->boot()
#23 /Users/appkey/Desktop/agungappkey/tugas-akhir/vendor/laravel/framework/src/Illuminate/Foundation/Application.php(286): Illuminate\\Foundation\\Bootstrap\\BootProviders->bootstrap(Object(Illuminate\\Foundation\\Application))
#24 /Users/appkey/Desktop/agungappkey/tugas-akhir/vendor/laravel/framework/src/Illuminate/Foundation/Console/Kernel.php(447): Illuminate\\Foundation\\Application->bootstrapWith(Array)
#25 /Users/appkey/Desktop/agungappkey/tugas-akhir/vendor/laravel/framework/src/Illuminate/Foundation/Console/Kernel.php(199): Illuminate\\Foundation\\Console\\Kernel->bootstrap()
#26 Command line code(1): Illuminate\\Foundation\\Console\\Kernel->handle(Object(Symfony\\Component\\Console\\Input\\ArgvInput), Object(Symfony\\Component\\Console\\Output\\ConsoleOutput))
#27 {main}","url":"http://localhost","method":"GET","ip":"127.0.0.1","user_agent":"Symfony","user_id":null} 
[2025-12-06 09:06:08] laravel.EMERGENCY: Unable to create configured logger. Using emergency logger. {"exception":"[object] (ErrorException(code: 0): Undefined array key \"channels\" at /Users/appkey/Desktop/agungappkey/tugas-akhir/vendor/laravel/framework/src/Illuminate/Log/LogManager.php:260)
[stacktrace]
#0 /Users/appkey/Desktop/agungappkey/tugas-akhir/vendor/laravel/framework/src/Illuminate/Foundation/Bootstrap/HandleExceptions.php(255): Illuminate\\Foundation\\Bootstrap\\HandleExceptions->handleError(2, 'Undefined array...', '/Users/appkey/D...', 260)
#1 /Users/appkey/Desktop/agungappkey/tugas-akhir/vendor/laravel/framework/src/Illuminate/Log/LogManager.php(260): Illuminate\\Foundation\\Bootstrap\\HandleExceptions->Illuminate\\Foundation\\Bootstrap\\{closure}(2, 'Undefined array...', '/Users/appkey/D...', 260)
#2 /Users/appkey/Desktop/agungappkey/tugas-akhir/vendor/laravel/framework/src/Illuminate/Log/LogManager.php(222): Illuminate\\Log\\LogManager->createStackDriver(Array)
#3 /Users/appkey/Desktop/agungappkey/tugas-akhir/vendor/laravel/framework/src/Illuminate/Log/LogManager.php(137): Illuminate\\Log\\LogManager->resolve('stack', Array)
#4 /Users/appkey/Desktop/agungappkey/tugas-akhir/vendor/laravel/framework/src/Illuminate/Log/LogManager.php(124): Illuminate\\Log\\LogManager->get('stack')
#5 /Users/appkey/Desktop/agungappkey/tugas-akhir/vendor/laravel/framework/src/Illuminate/Log/LogManager.php(681): Illuminate\\Log\\LogManager->driver()
#6 /Users/appkey/Desktop/agungappkey/tugas-akhir/vendor/laravel/framework/src/Illuminate/Foundation/Exceptions/Handler.php(317): Illuminate\\Log\\LogManager->error('Unclosed '(' do...', Array)
#7 /Users/appkey/Desktop/agungappkey/tugas-akhir/vendor/laravel/framework/src/Illuminate/Foundation/Exceptions/Handler.php(278): Illuminate\\Foundation\\Exceptions\\Handler->reportThrowable(Object(ParseError))
#8 /Users/appkey/Desktop/agungappkey/tugas-akhir/vendor/nunomaduro/collision/src/Adapters/Laravel/ExceptionHandler.php(46): Illuminate\\Foundation\\Exceptions\\Handler->report(Object(ParseError))
#9 /Users/appkey/Desktop/agungappkey/tugas-akhir/vendor/laravel/framework/src/Illuminate/Foundation/Console/Kernel.php(523): NunoMaduro\\Collision\\Adapters\\Laravel\\ExceptionHandler->report(Object(ParseError))
#10 /Users/appkey/Desktop/agungappkey/tugas-akhir/vendor/laravel/framework/src/Illuminate/Foundation/Console/Kernel.php(203): Illuminate\\Foundation\\Console\\Kernel->reportException(Object(ParseError))
#11 Command line code(1): Illuminate\\Foundation\\Console\\Kernel->handle(Object(Symfony\\Component\\Console\\Input\\ArgvInput), Object(Symfony\\Component\\Console\\Output\\ConsoleOutput))
#12 {main}
"} 
[2025-12-06 09:06:08] laravel.ERROR: Unclosed '(' does not match ']' {"exception":"[object] (ParseError(code: 0): Unclosed '(' does not match ']' at /Users/appkey/Desktop/agungappkey/tugas-akhir/routes/auth.php:49)
[stacktrace]
#0 /Users/appkey/Desktop/agungappkey/tugas-akhir/vendor/laravel/framework/src/Illuminate/Routing/RouteFileRegistrar.php(35): require()
#1 /Users/appkey/Desktop/agungappkey/tugas-akhir/vendor/laravel/framework/src/Illuminate/Routing/Router.php(511): Illuminate\\Routing\\RouteFileRegistrar->register('/Users/appkey/D...')
#2 /Users/appkey/Desktop/agungappkey/tugas-akhir/vendor/laravel/framework/src/Illuminate/Routing/Router.php(465): Illuminate\\Routing\\Router->loadRoutes('/Users/appkey/D...')
#3 /Users/appkey/Desktop/agungappkey/tugas-akhir/vendor/laravel/framework/src/Illuminate/Routing/RouteRegistrar.php(194): Illuminate\\Routing\\Router->group(Array, '/Users/appkey/D...')
#4 /Users/appkey/Desktop/agungappkey/tugas-akhir/app/Providers/RouteServiceProvider.php(42): Illuminate\\Routing\\RouteRegistrar->group('/Users/appkey/D...')
#5 /Users/appkey/Desktop/agungappkey/tugas-akhir/vendor/laravel/framework/src/Illuminate/Container/BoundMethod.php(36): App\\Providers\\RouteServiceProvider->App\\Providers\\{closure}()
#6 /Users/appkey/Desktop/agungappkey/tugas-akhir/vendor/laravel/framework/src/Illuminate/Container/Util.php(41): Illuminate\\Container\\BoundMethod::Illuminate\\Container\\{closure}()
#7 /Users/appkey/Desktop/agungappkey/tugas-akhir/vendor/laravel/framework/src/Illuminate/Container/BoundMethod.php(81): Illuminate\\Container\\Util::unwrapIfClosure(Object(Closure))
#8 /Users/appkey/Desktop/agungappkey/tugas-akhir/vendor/laravel/framework/src/Illuminate/Container/BoundMethod.php(35): Illuminate\\Container\\BoundMethod::callBoundMethod(Object(Illuminate\\Foundation\\Application), Object(Closure), Object(Closure))
#9 /Users/appkey/Desktop/agungappkey/tugas-akhir/vendor/laravel/framework/src/Illuminate/Container/Container.php(662): Illuminate\\Container\\BoundMethod::call(Object(Illuminate\\Foundation\\Application), Object(Closure), Array, NULL)
#10 /Users/appkey/Desktop/agungappkey/tugas-akhir/vendor/laravel/framework/src/Illuminate/Foundation/Support/Providers/RouteServiceProvider.php(120): Illuminate\\Container\\Container->call(Object(Closure))
#11 /Users/appkey/Desktop/agungappkey/tugas-akhir/vendor/laravel/framework/src/Illuminate/Foundation/Support/Providers/RouteServiceProvider.php(45): Illuminate\\Foundation\\Support\\Providers\\RouteServiceProvider->loadRoutes()
#12 /Users/appkey/Desktop/agungappkey/tugas-akhir/vendor/laravel/framework/src/Illuminate/Container/BoundMethod.php(36): Illuminate\\Foundation\\Support\\Providers\\RouteServiceProvider->Illuminate\\Foundation\\Support\\Providers\\{closure}()
#13 /Users/appkey/Desktop/agungappkey/tugas-akhir/vendor/laravel/framework/src/Illuminate/Container/Util.php(41): Illuminate\\Container\\BoundMethod::Illuminate\\Container\\{closure}()
#14 /Users/appkey/Desktop/agungappkey/tugas-akhir/vendor/laravel/framework/src/Illuminate/Container/BoundMethod.php(81): Illuminate\\Container\\Util::unwrapIfClosure(Object(Closure))
#15 /Users/appkey/Desktop/agungappkey/tugas-akhir/vendor/laravel/framework/src/Illuminate/Container/BoundMethod.php(35): Illuminate\\Container\\BoundMethod::callBoundMethod(Object(Illuminate\\Foundation\\Application), Object(Closure), Object(Closure))
#16 /Users/appkey/Desktop/agungappkey/tugas-akhir/vendor/laravel/framework/src/Illuminate/Container/Container.php(662): Illuminate\\Container\\BoundMethod::call(Object(Illuminate\\Foundation\\Application), Object(Closure), Array, NULL)
#17 /Users/appkey/Desktop/agungappkey/tugas-akhir/vendor/laravel/framework/src/Illuminate/Support/ServiceProvider.php(119): Illuminate\\Container\\Container->call(Object(Closure))
#18 /Users/appkey/Desktop/agungappkey/tugas-akhir/vendor/laravel/framework/src/Illuminate/Foundation/Application.php(1062): Illuminate\\Support\\ServiceProvider->callBootedCallbacks()
#19 /Users/appkey/Desktop/agungappkey/tugas-akhir/vendor/laravel/framework/src/Illuminate/Foundation/Application.php(1040): Illuminate\\Foundation\\Application->bootProvider(Object(App\\Providers\\RouteServiceProvider))
#20 [internal function]: Illuminate\\Foundation\\Application->Illuminate\\Foundation\\{closure}(Object(App\\Providers\\RouteServiceProvider), 32)
#21 /Users/appkey/Desktop/agungappkey/tugas-akhir/vendor/laravel/framework/src/Illuminate/Foundation/Application.php(1039): array_walk(Array, Object(Closure))
#22 /Users/appkey/Desktop/agungappkey/tugas-akhir/vendor/laravel/framework/src/Illuminate/Foundation/Bootstrap/BootProviders.php(17): Illuminate\\Foundation\\Application->boot()
#23 /Users/appkey/Desktop/agungappkey/tugas-akhir/vendor/laravel/framework/src/Illuminate/Foundation/Application.php(286): Illuminate\\Foundation\\Bootstrap\\BootProviders->bootstrap(Object(Illuminate\\Foundation\\Application))
#24 /Users/appkey/Desktop/agungappkey/tugas-akhir/vendor/laravel/framework/src/Illuminate/Foundation/Console/Kernel.php(447): Illuminate\\Foundation\\Application->bootstrapWith(Array)
#25 /Users/appkey/Desktop/agungappkey/tugas-akhir/vendor/laravel/framework/src/Illuminate/Foundation/Console/Kernel.php(199): Illuminate\\Foundation\\Console\\Kernel->bootstrap()
#26 Command line code(1): Illuminate\\Foundation\\Console\\Kernel->handle(Object(Symfony\\Component\\Console\\Input\\ArgvInput), Object(Symfony\\Component\\Console\\Output\\ConsoleOutput))
#27 {main}
"} 
[2025-12-06 09:06:08] laravel.EMERGENCY: Unable to create configured logger. Using emergency logger. {"exception":"[object] (ErrorException(code: 0): Undefined array key \"channels\" at /Users/appkey/Desktop/agungappkey/tugas-akhir/vendor/laravel/framework/src/Illuminate/Log/LogManager.php:260)
[stacktrace]
#0 /Users/appkey/Desktop/agungappkey/tugas-akhir/vendor/laravel/framework/src/Illuminate/Foundation/Bootstrap/HandleExceptions.php(255): Illuminate\\Foundation\\Bootstrap\\HandleExceptions->handleError(2, 'Undefined array...', '/Users/appkey/D...', 260)
#1 /Users/appkey/Desktop/agungappkey/tugas-akhir/vendor/laravel/framework/src/Illuminate/Log/LogManager.php(260): Illuminate\\Foundation\\Bootstrap\\HandleExceptions->Illuminate\\Foundation\\Bootstrap\\{closure}(2, 'Undefined array...', '/Users/appkey/D...', 260)
#2 /Users/appkey/Desktop/agungappkey/tugas-akhir/vendor/laravel/framework/src/Illuminate/Log/LogManager.php(222): Illuminate\\Log\\LogManager->createStackDriver(Array)
#3 /Users/appkey/Desktop/agungappkey/tugas-akhir/vendor/laravel/framework/src/Illuminate/Log/LogManager.php(137): Illuminate\\Log\\LogManager->resolve('stack', Array)
#4 /Users/appkey/Desktop/agungappkey/tugas-akhir/vendor/laravel/framework/src/Illuminate/Log/LogManager.php(124): Illuminate\\Log\\LogManager->get('stack')
#5 /Users/appkey/Desktop/agungappkey/tugas-akhir/vendor/laravel/framework/src/Illuminate/Log/LogManager.php(681): Illuminate\\Log\\LogManager->driver()
#6 /Users/appkey/Desktop/agungappkey/tugas-akhir/vendor/laravel/framework/src/Illuminate/Foundation/Exceptions/Handler.php(317): Illuminate\\Log\\LogManager->error('Unclosed '(' do...', Array)
#7 /Users/appkey/Desktop/agungappkey/tugas-akhir/vendor/laravel/framework/src/Illuminate/Foundation/Exceptions/Handler.php(278): Illuminate\\Foundation\\Exceptions\\Handler->reportThrowable(Object(ParseError))
#8 /Users/appkey/Desktop/agungappkey/tugas-akhir/vendor/nunomaduro/collision/src/Adapters/Laravel/ExceptionHandler.php(46): Illuminate\\Foundation\\Exceptions\\Handler->report(Object(ParseError))
#9 /Users/appkey/Desktop/agungappkey/tugas-akhir/vendor/laravel/framework/src/Illuminate/Foundation/Console/Kernel.php(523): NunoMaduro\\Collision\\Adapters\\Laravel\\ExceptionHandler->report(Object(ParseError))
#10 /Users/appkey/Desktop/agungappkey/tugas-akhir/vendor/laravel/framework/src/Illuminate/Foundation/Console/Kernel.php(203): Illuminate\\Foundation\\Console\\Kernel->reportException(Object(ParseError))
#11 Command line code(1): Illuminate\\Foundation\\Console\\Kernel->handle(Object(Symfony\\Component\\Console\\Input\\ArgvInput), Object(Symfony\\Component\\Console\\Output\\ConsoleOutput))
#12 {main}
"} 
[2025-12-06 09:06:08] laravel.ERROR: Unclosed '(' does not match ']' {"exception":"[object] (ParseError(code: 0): Unclosed '(' does not match ']' at /Users/appkey/Desktop/agungappkey/tugas-akhir/routes/auth.php:49)
[stacktrace]
#0 /Users/appkey/Desktop/agungappkey/tugas-akhir/vendor/laravel/framework/src/Illuminate/Routing/RouteFileRegistrar.php(35): require()
#1 /Users/appkey/Desktop/agungappkey/tugas-akhir/vendor/laravel/framework/src/Illuminate/Routing/Router.php(511): Illuminate\\Routing\\RouteFileRegistrar->register('/Users/appkey/D...')
#2 /Users/appkey/Desktop/agungappkey/tugas-akhir/vendor/laravel/framework/src/Illuminate/Routing/Router.php(465): Illuminate\\Routing\\Router->loadRoutes('/Users/appkey/D...')
#3 /Users/appkey/Desktop/agungappkey/tugas-akhir/vendor/laravel/framework/src/Illuminate/Routing/RouteRegistrar.php(194): Illuminate\\Routing\\Router->group(Array, '/Users/appkey/D...')
#4 /Users/appkey/Desktop/agungappkey/tugas-akhir/app/Providers/RouteServiceProvider.php(42): Illuminate\\Routing\\RouteRegistrar->group('/Users/appkey/D...')
#5 /Users/appkey/Desktop/agungappkey/tugas-akhir/vendor/laravel/framework/src/Illuminate/Container/BoundMethod.php(36): App\\Providers\\RouteServiceProvider->App\\Providers\\{closure}()
#6 /Users/appkey/Desktop/agungappkey/tugas-akhir/vendor/laravel/framework/src/Illuminate/Container/Util.php(41): Illuminate\\Container\\BoundMethod::Illuminate\\Container\\{closure}()
#7 /Users/appkey/Desktop/agungappkey/tugas-akhir/vendor/laravel/framework/src/Illuminate/Container/BoundMethod.php(81): Illuminate\\Container\\Util::unwrapIfClosure(Object(Closure))
#8 /Users/appkey/Desktop/agungappkey/tugas-akhir/vendor/laravel/framework/src/Illuminate/Container/BoundMethod.php(35): Illuminate\\Container\\BoundMethod::callBoundMethod(Object(Illuminate\\Foundation\\Application), Object(Closure), Object(Closure))
#9 /Users/appkey/Desktop/agungappkey/tugas-akhir/vendor/laravel/framework/src/Illuminate/Container/Container.php(662): Illuminate\\Container\\BoundMethod::call(Object(Illuminate\\Foundation\\Application), Object(Closure), Array, NULL)
#10 /Users/appkey/Desktop/agungappkey/tugas-akhir/vendor/laravel/framework/src/Illuminate/Foundation/Support/Providers/RouteServiceProvider.php(120): Illuminate\\Container\\Container->call(Object(Closure))
#11 /Users/appkey/Desktop/agungappkey/tugas-akhir/vendor/laravel/framework/src/Illuminate/Foundation/Support/Providers/RouteServiceProvider.php(45): Illuminate\\Foundation\\Support\\Providers\\RouteServiceProvider->loadRoutes()
#12 /Users/appkey/Desktop/agungappkey/tugas-akhir/vendor/laravel/framework/src/Illuminate/Container/BoundMethod.php(36): Illuminate\\Foundation\\Support\\Providers\\RouteServiceProvider->Illuminate\\Foundation\\Support\\Providers\\{closure}()
#13 /Users/appkey/Desktop/agungappkey/tugas-akhir/vendor/laravel/framework/src/Illuminate/Container/Util.php(41): Illuminate\\Container\\BoundMethod::Illuminate\\Container\\{closure}()
#14 /Users/appkey/Desktop/agungappkey/tugas-akhir/vendor/laravel/framework/src/Illuminate/Container/BoundMethod.php(81): Illuminate\\Container\\Util::unwrapIfClosure(Object(Closure))
#15 /Users/appkey/Desktop/agungappkey/tugas-akhir/vendor/laravel/framework/src/Illuminate/Container/BoundMethod.php(35): Illuminate\\Container\\BoundMethod::callBoundMethod(Object(Illuminate\\Foundation\\Application), Object(Closure), Object(Closure))
#16 /Users/appkey/Desktop/agungappkey/tugas-akhir/vendor/laravel/framework/src/Illuminate/Container/Container.php(662): Illuminate\\Container\\BoundMethod::call(Object(Illuminate\\Foundation\\Application), Object(Closure), Array, NULL)
#17 /Users/appkey/Desktop/agungappkey/tugas-akhir/vendor/laravel/framework/src/Illuminate/Support/ServiceProvider.php(119): Illuminate\\Container\\Container->call(Object(Closure))
#18 /Users/appkey/Desktop/agungappkey/tugas-akhir/vendor/laravel/framework/src/Illuminate/Foundation/Application.php(1062): Illuminate\\Support\\ServiceProvider->callBootedCallbacks()
#19 /Users/appkey/Desktop/agungappkey/tugas-akhir/vendor/laravel/framework/src/Illuminate/Foundation/Application.php(1040): Illuminate\\Foundation\\Application->bootProvider(Object(App\\Providers\\RouteServiceProvider))
#20 [internal function]: Illuminate\\Foundation\\Application->Illuminate\\Foundation\\{closure}(Object(App\\Providers\\RouteServiceProvider), 32)
#21 /Users/appkey/Desktop/agungappkey/tugas-akhir/vendor/laravel/framework/src/Illuminate/Foundation/Application.php(1039): array_walk(Array, Object(Closure))
#22 /Users/appkey/Desktop/agungappkey/tugas-akhir/vendor/laravel/framework/src/Illuminate/Foundation/Bootstrap/BootProviders.php(17): Illuminate\\Foundation\\Application->boot()
#23 /Users/appkey/Desktop/agungappkey/tugas-akhir/vendor/laravel/framework/src/Illuminate/Foundation/Application.php(286): Illuminate\\Foundation\\Bootstrap\\BootProviders->bootstrap(Object(Illuminate\\Foundation\\Application))
#24 /Users/appkey/Desktop/agungappkey/tugas-akhir/vendor/laravel/framework/src/Illuminate/Foundation/Console/Kernel.php(447): Illuminate\\Foundation\\Application->bootstrapWith(Array)
#25 /Users/appkey/Desktop/agungappkey/tugas-akhir/vendor/laravel/framework/src/Illuminate/Foundation/Console/Kernel.php(199): Illuminate\\Foundation\\Console\\Kernel->bootstrap()
#26 Command line code(1): Illuminate\\Foundation\\Console\\Kernel->handle(Object(Symfony\\Component\\Console\\Input\\ArgvInput), Object(Symfony\\Component\\Console\\Output\\ConsoleOutput))
#27 {main}
"} 
[2025-12-06 09:06:09] laravel.EMERGENCY: Unable to create configured logger. Using emergency logger. {"exception":"[object] (ErrorException(code: 0): Undefined array key \"channels\" at /Users/appkey/Desktop/agungappkey/tugas-akhir/vendor/laravel/framework/src/Illuminate/Log/LogManager.php:260)
[stacktrace]
#0 /Users/appkey/Desktop/agungappkey/tugas-akhir/vendor/laravel/framework/src/Illuminate/Foundation/Bootstrap/HandleExceptions.php(255): Illuminate\\Foundation\\Bootstrap\\HandleExceptions->handleError(2, 'Undefined array...', '/Users/appkey/D...', 260)
#1 /Users/appkey/Desktop/agungappkey/tugas-akhir/vendor/laravel/framework/src/Illuminate/Log/LogManager.php(260): Illuminate\\Foundation\\Bootstrap\\HandleExceptions->Illuminate\\Foundation\\Bootstrap\\{closure}(2, 'Undefined array...', '/Users/appkey/D...', 260)
#2 /Users/appkey/Desktop/agungappkey/tugas-akhir/vendor/laravel/framework/src/Illuminate/Log/LogManager.php(222): Illuminate\\Log\\LogManager->createStackDriver(Array)
#3 /Users/appkey/Desktop/agungappkey/tugas-akhir/vendor/laravel/framework/src/Illuminate/Log/LogManager.php(137): Illuminate\\Log\\LogManager->resolve('stack', Array)
#4 /Users/appkey/Desktop/agungappkey/tugas-akhir/vendor/laravel/framework/src/Illuminate/Log/LogManager.php(124): Illuminate\\Log\\LogManager->get('stack')
#5 /Users/appkey/Desktop/agungappkey/tugas-akhir/vendor/laravel/framework/src/Illuminate/Log/LogManager.php(681): Illuminate\\Log\\LogManager->driver()
#6 /Users/appkey/Desktop/agungappkey/tugas-akhir/vendor/laravel/framework/src/Illuminate/Support/Facades/Facade.php(355): Illuminate\\Log\\LogManager->error('Unhandled excep...', Array)
#7 /Users/appkey/Desktop/agungappkey/tugas-akhir/app/Exceptions/Handler.php(73): Illuminate\\Support\\Facades\\Facade::__callStatic('error', Array)
#8 /Users/appkey/Desktop/agungappkey/tugas-akhir/app/Exceptions/Handler.php(32): App\\Exceptions\\Handler->logException(Object(ParseError))
#9 [internal function]: App\\Exceptions\\Handler->App\\Exceptions\\{closure}(Object(ParseError))
#10 /Users/appkey/Desktop/agungappkey/tugas-akhir/vendor/laravel/framework/src/Illuminate/Foundation/Exceptions/ReportableHandler.php(45): call_user_func(Object(Closure), Object(ParseError))
#11 /Users/appkey/Desktop/agungappkey/tugas-akhir/vendor/laravel/framework/src/Illuminate/Foundation/Exceptions/Handler.php(299): Illuminate\\Foundation\\Exceptions\\ReportableHandler->__invoke(Object(ParseError))
#12 /Users/appkey/Desktop/agungappkey/tugas-akhir/vendor/laravel/framework/src/Illuminate/Foundation/Exceptions/Handler.php(278): Illuminate\\Foundation\\Exceptions\\Handler->reportThrowable(Object(ParseError))
#13 /Users/appkey/Desktop/agungappkey/tugas-akhir/vendor/nunomaduro/collision/src/Adapters/Laravel/ExceptionHandler.php(46): Illuminate\\Foundation\\Exceptions\\Handler->report(Object(ParseError))
#14 /Users/appkey/Desktop/agungappkey/tugas-akhir/vendor/laravel/framework/src/Illuminate/Foundation/Console/Kernel.php(523): NunoMaduro\\Collision\\Adapters\\Laravel\\ExceptionHandler->report(Object(ParseError))
#15 /Users/appkey/Desktop/agungappkey/tugas-akhir/vendor/laravel/framework/src/Illuminate/Foundation/Console/Kernel.php(203): Illuminate\\Foundation\\Console\\Kernel->reportException(Object(ParseError))
#16 Command line code(1): Illuminate\\Foundation\\Console\\Kernel->handle(Object(Symfony\\Component\\Console\\Input\\ArgvInput), Object(Symfony\\Component\\Console\\Output\\ConsoleOutput))
#17 {main}
"} 
[2025-12-06 09:06:09] laravel.ERROR: Unhandled exception {"exception":"ParseError","message":"Unclosed '(' does not match ']'","file":"/Users/appkey/Desktop/agungappkey/tugas-akhir/routes/auth.php","line":49,"trace":"#0 /Users/appkey/Desktop/agungappkey/tugas-akhir/vendor/laravel/framework/src/Illuminate/Routing/RouteFileRegistrar.php(35): require()
#1 /Users/appkey/Desktop/agungappkey/tugas-akhir/vendor/laravel/framework/src/Illuminate/Routing/Router.php(511): Illuminate\\Routing\\RouteFileRegistrar->register('/Users/appkey/D...')
#2 /Users/appkey/Desktop/agungappkey/tugas-akhir/vendor/laravel/framework/src/Illuminate/Routing/Router.php(465): Illuminate\\Routing\\Router->loadRoutes('/Users/appkey/D...')
#3 /Users/appkey/Desktop/agungappkey/tugas-akhir/vendor/laravel/framework/src/Illuminate/Routing/RouteRegistrar.php(194): Illuminate\\Routing\\Router->group(Array, '/Users/appkey/D...')
#4 /Users/appkey/Desktop/agungappkey/tugas-akhir/app/Providers/RouteServiceProvider.php(42): Illuminate\\Routing\\RouteRegistrar->group('/Users/appkey/D...')
#5 /Users/appkey/Desktop/agungappkey/tugas-akhir/vendor/laravel/framework/src/Illuminate/Container/BoundMethod.php(36): App\\Providers\\RouteServiceProvider->App\\Providers\\{closure}()
#6 /Users/appkey/Desktop/agungappkey/tugas-akhir/vendor/laravel/framework/src/Illuminate/Container/Util.php(41): Illuminate\\Container\\BoundMethod::Illuminate\\Container\\{closure}()
#7 /Users/appkey/Desktop/agungappkey/tugas-akhir/vendor/laravel/framework/src/Illuminate/Container/BoundMethod.php(81): Illuminate\\Container\\Util::unwrapIfClosure(Object(Closure))
#8 /Users/appkey/Desktop/agungappkey/tugas-akhir/vendor/laravel/framework/src/Illuminate/Container/BoundMethod.php(35): Illuminate\\Container\\BoundMethod::callBoundMethod(Object(Illuminate\\Foundation\\Application), Object(Closure), Object(Closure))
#9 /Users/appkey/Desktop/agungappkey/tugas-akhir/vendor/laravel/framework/src/Illuminate/Container/Container.php(662): Illuminate\\Container\\BoundMethod::call(Object(Illuminate\\Foundation\\Application), Object(Closure), Array, NULL)
#10 /Users/appkey/Desktop/agungappkey/tugas-akhir/vendor/laravel/framework/src/Illuminate/Foundation/Support/Providers/RouteServiceProvider.php(120): Illuminate\\Container\\Container->call(Object(Closure))
#11 /Users/appkey/Desktop/agungappkey/tugas-akhir/vendor/laravel/framework/src/Illuminate/Foundation/Support/Providers/RouteServiceProvider.php(45): Illuminate\\Foundation\\Support\\Providers\\RouteServiceProvider->loadRoutes()
#12 /Users/appkey/Desktop/agungappkey/tugas-akhir/vendor/laravel/framework/src/Illuminate/Container/BoundMethod.php(36): Illuminate\\Foundation\\Support\\Providers\\RouteServiceProvider->Illuminate\\Foundation\\Support\\Providers\\{closure}()
#13 /Users/appkey/Desktop/agungappkey/tugas-akhir/vendor/laravel/framework/src/Illuminate/Container/Util.php(41): Illuminate\\Container\\BoundMethod::Illuminate\\Container\\{closure}()
#14 /Users/appkey/Desktop/agungappkey/tugas-akhir/vendor/laravel/framework/src/Illuminate/Container/BoundMethod.php(81): Illuminate\\Container\\Util::unwrapIfClosure(Object(Closure))
#15 /Users/appkey/Desktop/agungappkey/tugas-akhir/vendor/laravel/framework/src/Illuminate/Container/BoundMethod.php(35): Illuminate\\Container\\BoundMethod::callBoundMethod(Object(Illuminate\\Foundation\\Application), Object(Closure), Object(Closure))
#16 /Users/appkey/Desktop/agungappkey/tugas-akhir/vendor/laravel/framework/src/Illuminate/Container/Container.php(662): Illuminate\\Container\\BoundMethod::call(Object(Illuminate\\Foundation\\Application), Object(Closure), Array, NULL)
#17 /Users/appkey/Desktop/agungappkey/tugas-akhir/vendor/laravel/framework/src/Illuminate/Support/ServiceProvider.php(119): Illuminate\\Container\\Container->call(Object(Closure))
#18 /Users/appkey/Desktop/agungappkey/tugas-akhir/vendor/laravel/framework/src/Illuminate/Foundation/Application.php(1062): Illuminate\\Support\\ServiceProvider->callBootedCallbacks()
#19 /Users/appkey/Desktop/agungappkey/tugas-akhir/vendor/laravel/framework/src/Illuminate/Foundation/Application.php(1040): Illuminate\\Foundation\\Application->bootProvider(Object(App\\Providers\\RouteServiceProvider))
#20 [internal function]: Illuminate\\Foundation\\Application->Illuminate\\Foundation\\{closure}(Object(App\\Providers\\RouteServiceProvider), 32)
#21 /Users/appkey/Desktop/agungappkey/tugas-akhir/vendor/laravel/framework/src/Illuminate/Foundation/Application.php(1039): array_walk(Array, Object(Closure))
#22 /Users/appkey/Desktop/agungappkey/tugas-akhir/vendor/laravel/framework/src/Illuminate/Foundation/Bootstrap/BootProviders.php(17): Illuminate\\Foundation\\Application->boot()
#23 /Users/appkey/Desktop/agungappkey/tugas-akhir/vendor/laravel/framework/src/Illuminate/Foundation/Application.php(286): Illuminate\\Foundation\\Bootstrap\\BootProviders->bootstrap(Object(Illuminate\\Foundation\\Application))
#24 /Users/appkey/Desktop/agungappkey/tugas-akhir/vendor/laravel/framework/src/Illuminate/Foundation/Console/Kernel.php(447): Illuminate\\Foundation\\Application->bootstrapWith(Array)
#25 /Users/appkey/Desktop/agungappkey/tugas-akhir/vendor/laravel/framework/src/Illuminate/Foundation/Console/Kernel.php(199): Illuminate\\Foundation\\Console\\Kernel->bootstrap()
#26 Command line code(1): Illuminate\\Foundation\\Console\\Kernel->handle(Object(Symfony\\Component\\Console\\Input\\ArgvInput), Object(Symfony\\Component\\Console\\Output\\ConsoleOutput))
#27 {main}","url":"http://localhost","method":"GET","ip":"127.0.0.1","user_agent":"Symfony","user_id":null} 
[2025-12-06 09:06:09] laravel.EMERGENCY: Unable to create configured logger. Using emergency logger. {"exception":"[object] (ErrorException(code: 0): Undefined array key \"channels\" at /Users/appkey/Desktop/agungappkey/tugas-akhir/vendor/laravel/framework/src/Illuminate/Log/LogManager.php:260)
[stacktrace]
#0 /Users/appkey/Desktop/agungappkey/tugas-akhir/vendor/laravel/framework/src/Illuminate/Foundation/Bootstrap/HandleExceptions.php(255): Illuminate\\Foundation\\Bootstrap\\HandleExceptions->handleError(2, 'Undefined array...', '/Users/appkey/D...', 260)
#1 /Users/appkey/Desktop/agungappkey/tugas-akhir/vendor/laravel/framework/src/Illuminate/Log/LogManager.php(260): Illuminate\\Foundation\\Bootstrap\\HandleExceptions->Illuminate\\Foundation\\Bootstrap\\{closure}(2, 'Undefined array...', '/Users/appkey/D...', 260)
#2 /Users/appkey/Desktop/agungappkey/tugas-akhir/vendor/laravel/framework/src/Illuminate/Log/LogManager.php(222): Illuminate\\Log\\LogManager->createStackDriver(Array)
#3 /Users/appkey/Desktop/agungappkey/tugas-akhir/vendor/laravel/framework/src/Illuminate/Log/LogManager.php(137): Illuminate\\Log\\LogManager->resolve('stack', Array)
#4 /Users/appkey/Desktop/agungappkey/tugas-akhir/vendor/laravel/framework/src/Illuminate/Log/LogManager.php(124): Illuminate\\Log\\LogManager->get('stack')
#5 /Users/appkey/Desktop/agungappkey/tugas-akhir/vendor/laravel/framework/src/Illuminate/Log/LogManager.php(681): Illuminate\\Log\\LogManager->driver()
#6 /Users/appkey/Desktop/agungappkey/tugas-akhir/vendor/laravel/framework/src/Illuminate/Foundation/Exceptions/Handler.php(317): Illuminate\\Log\\LogManager->error('Unclosed '(' do...', Array)
#7 /Users/appkey/Desktop/agungappkey/tugas-akhir/vendor/laravel/framework/src/Illuminate/Foundation/Exceptions/Handler.php(278): Illuminate\\Foundation\\Exceptions\\Handler->reportThrowable(Object(ParseError))
#8 /Users/appkey/Desktop/agungappkey/tugas-akhir/vendor/nunomaduro/collision/src/Adapters/Laravel/ExceptionHandler.php(46): Illuminate\\Foundation\\Exceptions\\Handler->report(Object(ParseError))
#9 /Users/appkey/Desktop/agungappkey/tugas-akhir/vendor/laravel/framework/src/Illuminate/Foundation/Console/Kernel.php(523): NunoMaduro\\Collision\\Adapters\\Laravel\\ExceptionHandler->report(Object(ParseError))
#10 /Users/appkey/Desktop/agungappkey/tugas-akhir/vendor/laravel/framework/src/Illuminate/Foundation/Console/Kernel.php(203): Illuminate\\Foundation\\Console\\Kernel->reportException(Object(ParseError))
#11 Command line code(1): Illuminate\\Foundation\\Console\\Kernel->handle(Object(Symfony\\Component\\Console\\Input\\ArgvInput), Object(Symfony\\Component\\Console\\Output\\ConsoleOutput))
#12 {main}
"} 
[2025-12-06 09:06:09] laravel.ERROR: Unclosed '(' does not match ']' {"exception":"[object] (ParseError(code: 0): Unclosed '(' does not match ']' at /Users/appkey/Desktop/agungappkey/tugas-akhir/routes/auth.php:49)
[stacktrace]
#0 /Users/appkey/Desktop/agungappkey/tugas-akhir/vendor/laravel/framework/src/Illuminate/Routing/RouteFileRegistrar.php(35): require()
#1 /Users/appkey/Desktop/agungappkey/tugas-akhir/vendor/laravel/framework/src/Illuminate/Routing/Router.php(511): Illuminate\\Routing\\RouteFileRegistrar->register('/Users/appkey/D...')
#2 /Users/appkey/Desktop/agungappkey/tugas-akhir/vendor/laravel/framework/src/Illuminate/Routing/Router.php(465): Illuminate\\Routing\\Router->loadRoutes('/Users/appkey/D...')
#3 /Users/appkey/Desktop/agungappkey/tugas-akhir/vendor/laravel/framework/src/Illuminate/Routing/RouteRegistrar.php(194): Illuminate\\Routing\\Router->group(Array, '/Users/appkey/D...')
#4 /Users/appkey/Desktop/agungappkey/tugas-akhir/app/Providers/RouteServiceProvider.php(42): Illuminate\\Routing\\RouteRegistrar->group('/Users/appkey/D...')
#5 /Users/appkey/Desktop/agungappkey/tugas-akhir/vendor/laravel/framework/src/Illuminate/Container/BoundMethod.php(36): App\\Providers\\RouteServiceProvider->App\\Providers\\{closure}()
#6 /Users/appkey/Desktop/agungappkey/tugas-akhir/vendor/laravel/framework/src/Illuminate/Container/Util.php(41): Illuminate\\Container\\BoundMethod::Illuminate\\Container\\{closure}()
#7 /Users/appkey/Desktop/agungappkey/tugas-akhir/vendor/laravel/framework/src/Illuminate/Container/BoundMethod.php(81): Illuminate\\Container\\Util::unwrapIfClosure(Object(Closure))
#8 /Users/appkey/Desktop/agungappkey/tugas-akhir/vendor/laravel/framework/src/Illuminate/Container/BoundMethod.php(35): Illuminate\\Container\\BoundMethod::callBoundMethod(Object(Illuminate\\Foundation\\Application), Object(Closure), Object(Closure))
#9 /Users/appkey/Desktop/agungappkey/tugas-akhir/vendor/laravel/framework/src/Illuminate/Container/Container.php(662): Illuminate\\Container\\BoundMethod::call(Object(Illuminate\\Foundation\\Application), Object(Closure), Array, NULL)
#10 /Users/appkey/Desktop/agungappkey/tugas-akhir/vendor/laravel/framework/src/Illuminate/Foundation/Support/Providers/RouteServiceProvider.php(120): Illuminate\\Container\\Container->call(Object(Closure))
#11 /Users/appkey/Desktop/agungappkey/tugas-akhir/vendor/laravel/framework/src/Illuminate/Foundation/Support/Providers/RouteServiceProvider.php(45): Illuminate\\Foundation\\Support\\Providers\\RouteServiceProvider->loadRoutes()
#12 /Users/appkey/Desktop/agungappkey/tugas-akhir/vendor/laravel/framework/src/Illuminate/Container/BoundMethod.php(36): Illuminate\\Foundation\\Support\\Providers\\RouteServiceProvider->Illuminate\\Foundation\\Support\\Providers\\{closure}()
#13 /Users/appkey/Desktop/agungappkey/tugas-akhir/vendor/laravel/framework/src/Illuminate/Container/Util.php(41): Illuminate\\Container\\BoundMethod::Illuminate\\Container\\{closure}()
#14 /Users/appkey/Desktop/agungappkey/tugas-akhir/vendor/laravel/framework/src/Illuminate/Container/BoundMethod.php(81): Illuminate\\Container\\Util::unwrapIfClosure(Object(Closure))
#15 /Users/appkey/Desktop/agungappkey/tugas-akhir/vendor/laravel/framework/src/Illuminate/Container/BoundMethod.php(35): Illuminate\\Container\\BoundMethod::callBoundMethod(Object(Illuminate\\Foundation\\Application), Object(Closure), Object(Closure))
#16 /Users/appkey/Desktop/agungappkey/tugas-akhir/vendor/laravel/framework/src/Illuminate/Container/Container.php(662): Illuminate\\Container\\BoundMethod::call(Object(Illuminate\\Foundation\\Application), Object(Closure), Array, NULL)
#17 /Users/appkey/Desktop/agungappkey/tugas-akhir/vendor/laravel/framework/src/Illuminate/Support/ServiceProvider.php(119): Illuminate\\Container\\Container->call(Object(Closure))
#18 /Users/appkey/Desktop/agungappkey/tugas-akhir/vendor/laravel/framework/src/Illuminate/Foundation/Application.php(1062): Illuminate\\Support\\ServiceProvider->callBootedCallbacks()
#19 /Users/appkey/Desktop/agungappkey/tugas-akhir/vendor/laravel/framework/src/Illuminate/Foundation/Application.php(1040): Illuminate\\Foundation\\Application->bootProvider(Object(App\\Providers\\RouteServiceProvider))
#20 [internal function]: Illuminate\\Foundation\\Application->Illuminate\\Foundation\\{closure}(Object(App\\Providers\\RouteServiceProvider), 32)
#21 /Users/appkey/Desktop/agungappkey/tugas-akhir/vendor/laravel/framework/src/Illuminate/Foundation/Application.php(1039): array_walk(Array, Object(Closure))
#22 /Users/appkey/Desktop/agungappkey/tugas-akhir/vendor/laravel/framework/src/Illuminate/Foundation/Bootstrap/BootProviders.php(17): Illuminate\\Foundation\\Application->boot()
#23 /Users/appkey/Desktop/agungappkey/tugas-akhir/vendor/laravel/framework/src/Illuminate/Foundation/Application.php(286): Illuminate\\Foundation\\Bootstrap\\BootProviders->bootstrap(Object(Illuminate\\Foundation\\Application))
#24 /Users/appkey/Desktop/agungappkey/tugas-akhir/vendor/laravel/framework/src/Illuminate/Foundation/Console/Kernel.php(447): Illuminate\\Foundation\\Application->bootstrapWith(Array)
#25 /Users/appkey/Desktop/agungappkey/tugas-akhir/vendor/laravel/framework/src/Illuminate/Foundation/Console/Kernel.php(199): Illuminate\\Foundation\\Console\\Kernel->bootstrap()
#26 Command line code(1): Illuminate\\Foundation\\Console\\Kernel->handle(Object(Symfony\\Component\\Console\\Input\\ArgvInput), Object(Symfony\\Component\\Console\\Output\\ConsoleOutput))
#27 {main}
"} 
[2025-12-06 09:06:36] laravel.EMERGENCY: Unable to create configured logger. Using emergency logger. {"exception":"[object] (ErrorException(code: 0): Undefined array key \"channels\" at /Users/appkey/Desktop/agungappkey/tugas-akhir/vendor/laravel/framework/src/Illuminate/Log/LogManager.php:260)
[stacktrace]
#0 /Users/appkey/Desktop/agungappkey/tugas-akhir/vendor/laravel/framework/src/Illuminate/Foundation/Bootstrap/HandleExceptions.php(255): Illuminate\\Foundation\\Bootstrap\\HandleExceptions->handleError(2, 'Undefined array...', '/Users/appkey/D...', 260)
#1 /Users/appkey/Desktop/agungappkey/tugas-akhir/vendor/laravel/framework/src/Illuminate/Log/LogManager.php(260): Illuminate\\Foundation\\Bootstrap\\HandleExceptions->Illuminate\\Foundation\\Bootstrap\\{closure}(2, 'Undefined array...', '/Users/appkey/D...', 260)
#2 /Users/appkey/Desktop/agungappkey/tugas-akhir/vendor/laravel/framework/src/Illuminate/Log/LogManager.php(222): Illuminate\\Log\\LogManager->createStackDriver(Array)
#3 /Users/appkey/Desktop/agungappkey/tugas-akhir/vendor/laravel/framework/src/Illuminate/Log/LogManager.php(137): Illuminate\\Log\\LogManager->resolve('stack', Array)
#4 /Users/appkey/Desktop/agungappkey/tugas-akhir/vendor/laravel/framework/src/Illuminate/Log/LogManager.php(124): Illuminate\\Log\\LogManager->get('stack')
#5 /Users/appkey/Desktop/agungappkey/tugas-akhir/vendor/laravel/framework/src/Illuminate/Log/LogManager.php(681): Illuminate\\Log\\LogManager->driver()
#6 /Users/appkey/Desktop/agungappkey/tugas-akhir/vendor/laravel/framework/src/Illuminate/Support/Facades/Facade.php(355): Illuminate\\Log\\LogManager->error('Unhandled excep...', Array)
#7 /Users/appkey/Desktop/agungappkey/tugas-akhir/app/Exceptions/Handler.php(73): Illuminate\\Support\\Facades\\Facade::__callStatic('error', Array)
#8 /Users/appkey/Desktop/agungappkey/tugas-akhir/app/Exceptions/Handler.php(32): App\\Exceptions\\Handler->logException(Object(ParseError))
#9 [internal function]: App\\Exceptions\\Handler->App\\Exceptions\\{closure}(Object(ParseError))
#10 /Users/appkey/Desktop/agungappkey/tugas-akhir/vendor/laravel/framework/src/Illuminate/Foundation/Exceptions/ReportableHandler.php(45): call_user_func(Object(Closure), Object(ParseError))
#11 /Users/appkey/Desktop/agungappkey/tugas-akhir/vendor/laravel/framework/src/Illuminate/Foundation/Exceptions/Handler.php(299): Illuminate\\Foundation\\Exceptions\\ReportableHandler->__invoke(Object(ParseError))
#12 /Users/appkey/Desktop/agungappkey/tugas-akhir/vendor/laravel/framework/src/Illuminate/Foundation/Exceptions/Handler.php(278): Illuminate\\Foundation\\Exceptions\\Handler->reportThrowable(Object(ParseError))
#13 /Users/appkey/Desktop/agungappkey/tugas-akhir/vendor/nunomaduro/collision/src/Adapters/Laravel/ExceptionHandler.php(46): Illuminate\\Foundation\\Exceptions\\Handler->report(Object(ParseError))
#14 /Users/appkey/Desktop/agungappkey/tugas-akhir/vendor/laravel/framework/src/Illuminate/Foundation/Console/Kernel.php(523): NunoMaduro\\Collision\\Adapters\\Laravel\\ExceptionHandler->report(Object(ParseError))
#15 /Users/appkey/Desktop/agungappkey/tugas-akhir/vendor/laravel/framework/src/Illuminate/Foundation/Console/Kernel.php(203): Illuminate\\Foundation\\Console\\Kernel->reportException(Object(ParseError))
#16 Command line code(1): Illuminate\\Foundation\\Console\\Kernel->handle(Object(Symfony\\Component\\Console\\Input\\ArgvInput), Object(Symfony\\Component\\Console\\Output\\ConsoleOutput))
#17 {main}
"} 
[2025-12-06 09:06:36] laravel.ERROR: Unhandled exception {"exception":"ParseError","message":"Unclosed '(' does not match ']'","file":"/Users/appkey/Desktop/agungappkey/tugas-akhir/routes/auth.php","line":49,"trace":"#0 /Users/appkey/Desktop/agungappkey/tugas-akhir/vendor/laravel/framework/src/Illuminate/Routing/RouteFileRegistrar.php(35): require()
#1 /Users/appkey/Desktop/agungappkey/tugas-akhir/vendor/laravel/framework/src/Illuminate/Routing/Router.php(511): Illuminate\\Routing\\RouteFileRegistrar->register('/Users/appkey/D...')
#2 /Users/appkey/Desktop/agungappkey/tugas-akhir/vendor/laravel/framework/src/Illuminate/Routing/Router.php(465): Illuminate\\Routing\\Router->loadRoutes('/Users/appkey/D...')
#3 /Users/appkey/Desktop/agungappkey/tugas-akhir/vendor/laravel/framework/src/Illuminate/Routing/RouteRegistrar.php(194): Illuminate\\Routing\\Router->group(Array, '/Users/appkey/D...')
#4 /Users/appkey/Desktop/agungappkey/tugas-akhir/app/Providers/RouteServiceProvider.php(42): Illuminate\\Routing\\RouteRegistrar->group('/Users/appkey/D...')
#5 /Users/appkey/Desktop/agungappkey/tugas-akhir/vendor/laravel/framework/src/Illuminate/Container/BoundMethod.php(36): App\\Providers\\RouteServiceProvider->App\\Providers\\{closure}()
#6 /Users/appkey/Desktop/agungappkey/tugas-akhir/vendor/laravel/framework/src/Illuminate/Container/Util.php(41): Illuminate\\Container\\BoundMethod::Illuminate\\Container\\{closure}()
#7 /Users/appkey/Desktop/agungappkey/tugas-akhir/vendor/laravel/framework/src/Illuminate/Container/BoundMethod.php(81): Illuminate\\Container\\Util::unwrapIfClosure(Object(Closure))
#8 /Users/appkey/Desktop/agungappkey/tugas-akhir/vendor/laravel/framework/src/Illuminate/Container/BoundMethod.php(35): Illuminate\\Container\\BoundMethod::callBoundMethod(Object(Illuminate\\Foundation\\Application), Object(Closure), Object(Closure))
#9 /Users/appkey/Desktop/agungappkey/tugas-akhir/vendor/laravel/framework/src/Illuminate/Container/Container.php(662): Illuminate\\Container\\BoundMethod::call(Object(Illuminate\\Foundation\\Application), Object(Closure), Array, NULL)
#10 /Users/appkey/Desktop/agungappkey/tugas-akhir/vendor/laravel/framework/src/Illuminate/Foundation/Support/Providers/RouteServiceProvider.php(120): Illuminate\\Container\\Container->call(Object(Closure))
#11 /Users/appkey/Desktop/agungappkey/tugas-akhir/vendor/laravel/framework/src/Illuminate/Foundation/Support/Providers/RouteServiceProvider.php(45): Illuminate\\Foundation\\Support\\Providers\\RouteServiceProvider->loadRoutes()
#12 /Users/appkey/Desktop/agungappkey/tugas-akhir/vendor/laravel/framework/src/Illuminate/Container/BoundMethod.php(36): Illuminate\\Foundation\\Support\\Providers\\RouteServiceProvider->Illuminate\\Foundation\\Support\\Providers\\{closure}()
#13 /Users/appkey/Desktop/agungappkey/tugas-akhir/vendor/laravel/framework/src/Illuminate/Container/Util.php(41): Illuminate\\Container\\BoundMethod::Illuminate\\Container\\{closure}()
#14 /Users/appkey/Desktop/agungappkey/tugas-akhir/vendor/laravel/framework/src/Illuminate/Container/BoundMethod.php(81): Illuminate\\Container\\Util::unwrapIfClosure(Object(Closure))
#15 /Users/appkey/Desktop/agungappkey/tugas-akhir/vendor/laravel/framework/src/Illuminate/Container/BoundMethod.php(35): Illuminate\\Container\\BoundMethod::callBoundMethod(Object(Illuminate\\Foundation\\Application), Object(Closure), Object(Closure))
#16 /Users/appkey/Desktop/agungappkey/tugas-akhir/vendor/laravel/framework/src/Illuminate/Container/Container.php(662): Illuminate\\Container\\BoundMethod::call(Object(Illuminate\\Foundation\\Application), Object(Closure), Array, NULL)
#17 /Users/appkey/Desktop/agungappkey/tugas-akhir/vendor/laravel/framework/src/Illuminate/Support/ServiceProvider.php(119): Illuminate\\Container\\Container->call(Object(Closure))
#18 /Users/appkey/Desktop/agungappkey/tugas-akhir/vendor/laravel/framework/src/Illuminate/Foundation/Application.php(1062): Illuminate\\Support\\ServiceProvider->callBootedCallbacks()
#19 /Users/appkey/Desktop/agungappkey/tugas-akhir/vendor/laravel/framework/src/Illuminate/Foundation/Application.php(1040): Illuminate\\Foundation\\Application->bootProvider(Object(App\\Providers\\RouteServiceProvider))
#20 [internal function]: Illuminate\\Foundation\\Application->Illuminate\\Foundation\\{closure}(Object(App\\Providers\\RouteServiceProvider), 32)
#21 /Users/appkey/Desktop/agungappkey/tugas-akhir/vendor/laravel/framework/src/Illuminate/Foundation/Application.php(1039): array_walk(Array, Object(Closure))
#22 /Users/appkey/Desktop/agungappkey/tugas-akhir/vendor/laravel/framework/src/Illuminate/Foundation/Bootstrap/BootProviders.php(17): Illuminate\\Foundation\\Application->boot()
#23 /Users/appkey/Desktop/agungappkey/tugas-akhir/vendor/laravel/framework/src/Illuminate/Foundation/Application.php(286): Illuminate\\Foundation\\Bootstrap\\BootProviders->bootstrap(Object(Illuminate\\Foundation\\Application))
#24 /Users/appkey/Desktop/agungappkey/tugas-akhir/vendor/laravel/framework/src/Illuminate/Foundation/Console/Kernel.php(447): Illuminate\\Foundation\\Application->bootstrapWith(Array)
#25 /Users/appkey/Desktop/agungappkey/tugas-akhir/vendor/laravel/framework/src/Illuminate/Foundation/Console/Kernel.php(199): Illuminate\\Foundation\\Console\\Kernel->bootstrap()
#26 Command line code(1): Illuminate\\Foundation\\Console\\Kernel->handle(Object(Symfony\\Component\\Console\\Input\\ArgvInput), Object(Symfony\\Component\\Console\\Output\\ConsoleOutput))
#27 {main}","url":"http://localhost","method":"GET","ip":"127.0.0.1","user_agent":"Symfony","user_id":null} 
[2025-12-06 09:06:36] laravel.EMERGENCY: Unable to create configured logger. Using emergency logger. {"exception":"[object] (ErrorException(code: 0): Undefined array key \"channels\" at /Users/appkey/Desktop/agungappkey/tugas-akhir/vendor/laravel/framework/src/Illuminate/Log/LogManager.php:260)
[stacktrace]
#0 /Users/appkey/Desktop/agungappkey/tugas-akhir/vendor/laravel/framework/src/Illuminate/Foundation/Bootstrap/HandleExceptions.php(255): Illuminate\\Foundation\\Bootstrap\\HandleExceptions->handleError(2, 'Undefined array...', '/Users/appkey/D...', 260)
#1 /Users/appkey/Desktop/agungappkey/tugas-akhir/vendor/laravel/framework/src/Illuminate/Log/LogManager.php(260): Illuminate\\Foundation\\Bootstrap\\HandleExceptions->Illuminate\\Foundation\\Bootstrap\\{closure}(2, 'Undefined array...', '/Users/appkey/D...', 260)
#2 /Users/appkey/Desktop/agungappkey/tugas-akhir/vendor/laravel/framework/src/Illuminate/Log/LogManager.php(222): Illuminate\\Log\\LogManager->createStackDriver(Array)
#3 /Users/appkey/Desktop/agungappkey/tugas-akhir/vendor/laravel/framework/src/Illuminate/Log/LogManager.php(137): Illuminate\\Log\\LogManager->resolve('stack', Array)
#4 /Users/appkey/Desktop/agungappkey/tugas-akhir/vendor/laravel/framework/src/Illuminate/Log/LogManager.php(124): Illuminate\\Log\\LogManager->get('stack')
#5 /Users/appkey/Desktop/agungappkey/tugas-akhir/vendor/laravel/framework/src/Illuminate/Log/LogManager.php(681): Illuminate\\Log\\LogManager->driver()
#6 /Users/appkey/Desktop/agungappkey/tugas-akhir/vendor/laravel/framework/src/Illuminate/Foundation/Exceptions/Handler.php(317): Illuminate\\Log\\LogManager->error('Unclosed '(' do...', Array)
#7 /Users/appkey/Desktop/agungappkey/tugas-akhir/vendor/laravel/framework/src/Illuminate/Foundation/Exceptions/Handler.php(278): Illuminate\\Foundation\\Exceptions\\Handler->reportThrowable(Object(ParseError))
#8 /Users/appkey/Desktop/agungappkey/tugas-akhir/vendor/nunomaduro/collision/src/Adapters/Laravel/ExceptionHandler.php(46): Illuminate\\Foundation\\Exceptions\\Handler->report(Object(ParseError))
#9 /Users/appkey/Desktop/agungappkey/tugas-akhir/vendor/laravel/framework/src/Illuminate/Foundation/Console/Kernel.php(523): NunoMaduro\\Collision\\Adapters\\Laravel\\ExceptionHandler->report(Object(ParseError))
#10 /Users/appkey/Desktop/agungappkey/tugas-akhir/vendor/laravel/framework/src/Illuminate/Foundation/Console/Kernel.php(203): Illuminate\\Foundation\\Console\\Kernel->reportException(Object(ParseError))
#11 Command line code(1): Illuminate\\Foundation\\Console\\Kernel->handle(Object(Symfony\\Component\\Console\\Input\\ArgvInput), Object(Symfony\\Component\\Console\\Output\\ConsoleOutput))
#12 {main}
"} 
[2025-12-06 09:06:36] laravel.ERROR: Unclosed '(' does not match ']' {"exception":"[object] (ParseError(code: 0): Unclosed '(' does not match ']' at /Users/appkey/Desktop/agungappkey/tugas-akhir/routes/auth.php:49)
[stacktrace]
#0 /Users/appkey/Desktop/agungappkey/tugas-akhir/vendor/laravel/framework/src/Illuminate/Routing/RouteFileRegistrar.php(35): require()
#1 /Users/appkey/Desktop/agungappkey/tugas-akhir/vendor/laravel/framework/src/Illuminate/Routing/Router.php(511): Illuminate\\Routing\\RouteFileRegistrar->register('/Users/appkey/D...')
#2 /Users/appkey/Desktop/agungappkey/tugas-akhir/vendor/laravel/framework/src/Illuminate/Routing/Router.php(465): Illuminate\\Routing\\Router->loadRoutes('/Users/appkey/D...')
#3 /Users/appkey/Desktop/agungappkey/tugas-akhir/vendor/laravel/framework/src/Illuminate/Routing/RouteRegistrar.php(194): Illuminate\\Routing\\Router->group(Array, '/Users/appkey/D...')
#4 /Users/appkey/Desktop/agungappkey/tugas-akhir/app/Providers/RouteServiceProvider.php(42): Illuminate\\Routing\\RouteRegistrar->group('/Users/appkey/D...')
#5 /Users/appkey/Desktop/agungappkey/tugas-akhir/vendor/laravel/framework/src/Illuminate/Container/BoundMethod.php(36): App\\Providers\\RouteServiceProvider->App\\Providers\\{closure}()
#6 /Users/appkey/Desktop/agungappkey/tugas-akhir/vendor/laravel/framework/src/Illuminate/Container/Util.php(41): Illuminate\\Container\\BoundMethod::Illuminate\\Container\\{closure}()
#7 /Users/appkey/Desktop/agungappkey/tugas-akhir/vendor/laravel/framework/src/Illuminate/Container/BoundMethod.php(81): Illuminate\\Container\\Util::unwrapIfClosure(Object(Closure))
#8 /Users/appkey/Desktop/agungappkey/tugas-akhir/vendor/laravel/framework/src/Illuminate/Container/BoundMethod.php(35): Illuminate\\Container\\BoundMethod::callBoundMethod(Object(Illuminate\\Foundation\\Application), Object(Closure), Object(Closure))
#9 /Users/appkey/Desktop/agungappkey/tugas-akhir/vendor/laravel/framework/src/Illuminate/Container/Container.php(662): Illuminate\\Container\\BoundMethod::call(Object(Illuminate\\Foundation\\Application), Object(Closure), Array, NULL)
#10 /Users/appkey/Desktop/agungappkey/tugas-akhir/vendor/laravel/framework/src/Illuminate/Foundation/Support/Providers/RouteServiceProvider.php(120): Illuminate\\Container\\Container->call(Object(Closure))
#11 /Users/appkey/Desktop/agungappkey/tugas-akhir/vendor/laravel/framework/src/Illuminate/Foundation/Support/Providers/RouteServiceProvider.php(45): Illuminate\\Foundation\\Support\\Providers\\RouteServiceProvider->loadRoutes()
#12 /Users/appkey/Desktop/agungappkey/tugas-akhir/vendor/laravel/framework/src/Illuminate/Container/BoundMethod.php(36): Illuminate\\Foundation\\Support\\Providers\\RouteServiceProvider->Illuminate\\Foundation\\Support\\Providers\\{closure}()
#13 /Users/appkey/Desktop/agungappkey/tugas-akhir/vendor/laravel/framework/src/Illuminate/Container/Util.php(41): Illuminate\\Container\\BoundMethod::Illuminate\\Container\\{closure}()
#14 /Users/appkey/Desktop/agungappkey/tugas-akhir/vendor/laravel/framework/src/Illuminate/Container/BoundMethod.php(81): Illuminate\\Container\\Util::unwrapIfClosure(Object(Closure))
#15 /Users/appkey/Desktop/agungappkey/tugas-akhir/vendor/laravel/framework/src/Illuminate/Container/BoundMethod.php(35): Illuminate\\Container\\BoundMethod::callBoundMethod(Object(Illuminate\\Foundation\\Application), Object(Closure), Object(Closure))
#16 /Users/appkey/Desktop/agungappkey/tugas-akhir/vendor/laravel/framework/src/Illuminate/Container/Container.php(662): Illuminate\\Container\\BoundMethod::call(Object(Illuminate\\Foundation\\Application), Object(Closure), Array, NULL)
#17 /Users/appkey/Desktop/agungappkey/tugas-akhir/vendor/laravel/framework/src/Illuminate/Support/ServiceProvider.php(119): Illuminate\\Container\\Container->call(Object(Closure))
#18 /Users/appkey/Desktop/agungappkey/tugas-akhir/vendor/laravel/framework/src/Illuminate/Foundation/Application.php(1062): Illuminate\\Support\\ServiceProvider->callBootedCallbacks()
#19 /Users/appkey/Desktop/agungappkey/tugas-akhir/vendor/laravel/framework/src/Illuminate/Foundation/Application.php(1040): Illuminate\\Foundation\\Application->bootProvider(Object(App\\Providers\\RouteServiceProvider))
#20 [internal function]: Illuminate\\Foundation\\Application->Illuminate\\Foundation\\{closure}(Object(App\\Providers\\RouteServiceProvider), 32)
#21 /Users/appkey/Desktop/agungappkey/tugas-akhir/vendor/laravel/framework/src/Illuminate/Foundation/Application.php(1039): array_walk(Array, Object(Closure))
#22 /Users/appkey/Desktop/agungappkey/tugas-akhir/vendor/laravel/framework/src/Illuminate/Foundation/Bootstrap/BootProviders.php(17): Illuminate\\Foundation\\Application->boot()
#23 /Users/appkey/Desktop/agungappkey/tugas-akhir/vendor/laravel/framework/src/Illuminate/Foundation/Application.php(286): Illuminate\\Foundation\\Bootstrap\\BootProviders->bootstrap(Object(Illuminate\\Foundation\\Application))
#24 /Users/appkey/Desktop/agungappkey/tugas-akhir/vendor/laravel/framework/src/Illuminate/Foundation/Console/Kernel.php(447): Illuminate\\Foundation\\Application->bootstrapWith(Array)
#25 /Users/appkey/Desktop/agungappkey/tugas-akhir/vendor/laravel/framework/src/Illuminate/Foundation/Console/Kernel.php(199): Illuminate\\Foundation\\Console\\Kernel->bootstrap()
#26 Command line code(1): Illuminate\\Foundation\\Console\\Kernel->handle(Object(Symfony\\Component\\Console\\Input\\ArgvInput), Object(Symfony\\Component\\Console\\Output\\ConsoleOutput))
#27 {main}
"} 
[2025-12-06 09:06:45] laravel.EMERGENCY: Unable to create configured logger. Using emergency logger. {"exception":"[object] (ErrorException(code: 0): Undefined array key \"channels\" at /Users/appkey/Desktop/agungappkey/tugas-akhir/vendor/laravel/framework/src/Illuminate/Log/LogManager.php:260)
[stacktrace]
#0 /Users/appkey/Desktop/agungappkey/tugas-akhir/vendor/laravel/framework/src/Illuminate/Foundation/Bootstrap/HandleExceptions.php(255): Illuminate\\Foundation\\Bootstrap\\HandleExceptions->handleError(2, 'Undefined array...', '/Users/appkey/D...', 260)
#1 /Users/appkey/Desktop/agungappkey/tugas-akhir/vendor/laravel/framework/src/Illuminate/Log/LogManager.php(260): Illuminate\\Foundation\\Bootstrap\\HandleExceptions->Illuminate\\Foundation\\Bootstrap\\{closure}(2, 'Undefined array...', '/Users/appkey/D...', 260)
#2 /Users/appkey/Desktop/agungappkey/tugas-akhir/vendor/laravel/framework/src/Illuminate/Log/LogManager.php(222): Illuminate\\Log\\LogManager->createStackDriver(Array)
#3 /Users/appkey/Desktop/agungappkey/tugas-akhir/vendor/laravel/framework/src/Illuminate/Log/LogManager.php(137): Illuminate\\Log\\LogManager->resolve('stack', Array)
#4 /Users/appkey/Desktop/agungappkey/tugas-akhir/vendor/laravel/framework/src/Illuminate/Log/LogManager.php(124): Illuminate\\Log\\LogManager->get('stack')
#5 /Users/appkey/Desktop/agungappkey/tugas-akhir/vendor/laravel/framework/src/Illuminate/Log/LogManager.php(681): Illuminate\\Log\\LogManager->driver()
#6 /Users/appkey/Desktop/agungappkey/tugas-akhir/vendor/laravel/framework/src/Illuminate/Support/Facades/Facade.php(355): Illuminate\\Log\\LogManager->error('Unhandled excep...', Array)
#7 /Users/appkey/Desktop/agungappkey/tugas-akhir/app/Exceptions/Handler.php(73): Illuminate\\Support\\Facades\\Facade::__callStatic('error', Array)
#8 /Users/appkey/Desktop/agungappkey/tugas-akhir/app/Exceptions/Handler.php(32): App\\Exceptions\\Handler->logException(Object(ParseError))
#9 [internal function]: App\\Exceptions\\Handler->App\\Exceptions\\{closure}(Object(ParseError))
#10 /Users/appkey/Desktop/agungappkey/tugas-akhir/vendor/laravel/framework/src/Illuminate/Foundation/Exceptions/ReportableHandler.php(45): call_user_func(Object(Closure), Object(ParseError))
#11 /Users/appkey/Desktop/agungappkey/tugas-akhir/vendor/laravel/framework/src/Illuminate/Foundation/Exceptions/Handler.php(299): Illuminate\\Foundation\\Exceptions\\ReportableHandler->__invoke(Object(ParseError))
#12 /Users/appkey/Desktop/agungappkey/tugas-akhir/vendor/laravel/framework/src/Illuminate/Foundation/Exceptions/Handler.php(278): Illuminate\\Foundation\\Exceptions\\Handler->reportThrowable(Object(ParseError))
#13 /Users/appkey/Desktop/agungappkey/tugas-akhir/vendor/nunomaduro/collision/src/Adapters/Laravel/ExceptionHandler.php(46): Illuminate\\Foundation\\Exceptions\\Handler->report(Object(ParseError))
#14 /Users/appkey/Desktop/agungappkey/tugas-akhir/vendor/laravel/framework/src/Illuminate/Foundation/Console/Kernel.php(523): NunoMaduro\\Collision\\Adapters\\Laravel\\ExceptionHandler->report(Object(ParseError))
#15 /Users/appkey/Desktop/agungappkey/tugas-akhir/vendor/laravel/framework/src/Illuminate/Foundation/Console/Kernel.php(203): Illuminate\\Foundation\\Console\\Kernel->reportException(Object(ParseError))
#16 /Users/appkey/Desktop/agungappkey/tugas-akhir/artisan(35): Illuminate\\Foundation\\Console\\Kernel->handle(Object(Symfony\\Component\\Console\\Input\\ArgvInput), Object(Symfony\\Component\\Console\\Output\\ConsoleOutput))
#17 {main}
"} 
[2025-12-06 09:06:45] laravel.ERROR: Unhandled exception {"exception":"ParseError","message":"Unclosed '(' does not match ']'","file":"/Users/appkey/Desktop/agungappkey/tugas-akhir/routes/auth.php","line":49,"trace":"#0 /Users/appkey/Desktop/agungappkey/tugas-akhir/vendor/laravel/framework/src/Illuminate/Routing/RouteFileRegistrar.php(35): require()
#1 /Users/appkey/Desktop/agungappkey/tugas-akhir/vendor/laravel/framework/src/Illuminate/Routing/Router.php(511): Illuminate\\Routing\\RouteFileRegistrar->register('/Users/appkey/D...')
#2 /Users/appkey/Desktop/agungappkey/tugas-akhir/vendor/laravel/framework/src/Illuminate/Routing/Router.php(465): Illuminate\\Routing\\Router->loadRoutes('/Users/appkey/D...')
#3 /Users/appkey/Desktop/agungappkey/tugas-akhir/vendor/laravel/framework/src/Illuminate/Routing/RouteRegistrar.php(194): Illuminate\\Routing\\Router->group(Array, '/Users/appkey/D...')
#4 /Users/appkey/Desktop/agungappkey/tugas-akhir/app/Providers/RouteServiceProvider.php(42): Illuminate\\Routing\\RouteRegistrar->group('/Users/appkey/D...')
#5 /Users/appkey/Desktop/agungappkey/tugas-akhir/vendor/laravel/framework/src/Illuminate/Container/BoundMethod.php(36): App\\Providers\\RouteServiceProvider->App\\Providers\\{closure}()
#6 /Users/appkey/Desktop/agungappkey/tugas-akhir/vendor/laravel/framework/src/Illuminate/Container/Util.php(41): Illuminate\\Container\\BoundMethod::Illuminate\\Container\\{closure}()
#7 /Users/appkey/Desktop/agungappkey/tugas-akhir/vendor/laravel/framework/src/Illuminate/Container/BoundMethod.php(81): Illuminate\\Container\\Util::unwrapIfClosure(Object(Closure))
#8 /Users/appkey/Desktop/agungappkey/tugas-akhir/vendor/laravel/framework/src/Illuminate/Container/BoundMethod.php(35): Illuminate\\Container\\BoundMethod::callBoundMethod(Object(Illuminate\\Foundation\\Application), Object(Closure), Object(Closure))
#9 /Users/appkey/Desktop/agungappkey/tugas-akhir/vendor/laravel/framework/src/Illuminate/Container/Container.php(662): Illuminate\\Container\\BoundMethod::call(Object(Illuminate\\Foundation\\Application), Object(Closure), Array, NULL)
#10 /Users/appkey/Desktop/agungappkey/tugas-akhir/vendor/laravel/framework/src/Illuminate/Foundation/Support/Providers/RouteServiceProvider.php(120): Illuminate\\Container\\Container->call(Object(Closure))
#11 /Users/appkey/Desktop/agungappkey/tugas-akhir/vendor/laravel/framework/src/Illuminate/Foundation/Support/Providers/RouteServiceProvider.php(45): Illuminate\\Foundation\\Support\\Providers\\RouteServiceProvider->loadRoutes()
#12 /Users/appkey/Desktop/agungappkey/tugas-akhir/vendor/laravel/framework/src/Illuminate/Container/BoundMethod.php(36): Illuminate\\Foundation\\Support\\Providers\\RouteServiceProvider->Illuminate\\Foundation\\Support\\Providers\\{closure}()
#13 /Users/appkey/Desktop/agungappkey/tugas-akhir/vendor/laravel/framework/src/Illuminate/Container/Util.php(41): Illuminate\\Container\\BoundMethod::Illuminate\\Container\\{closure}()
#14 /Users/appkey/Desktop/agungappkey/tugas-akhir/vendor/laravel/framework/src/Illuminate/Container/BoundMethod.php(81): Illuminate\\Container\\Util::unwrapIfClosure(Object(Closure))
#15 /Users/appkey/Desktop/agungappkey/tugas-akhir/vendor/laravel/framework/src/Illuminate/Container/BoundMethod.php(35): Illuminate\\Container\\BoundMethod::callBoundMethod(Object(Illuminate\\Foundation\\Application), Object(Closure), Object(Closure))
#16 /Users/appkey/Desktop/agungappkey/tugas-akhir/vendor/laravel/framework/src/Illuminate/Container/Container.php(662): Illuminate\\Container\\BoundMethod::call(Object(Illuminate\\Foundation\\Application), Object(Closure), Array, NULL)
#17 /Users/appkey/Desktop/agungappkey/tugas-akhir/vendor/laravel/framework/src/Illuminate/Support/ServiceProvider.php(119): Illuminate\\Container\\Container->call(Object(Closure))
#18 /Users/appkey/Desktop/agungappkey/tugas-akhir/vendor/laravel/framework/src/Illuminate/Foundation/Application.php(1062): Illuminate\\Support\\ServiceProvider->callBootedCallbacks()
#19 /Users/appkey/Desktop/agungappkey/tugas-akhir/vendor/laravel/framework/src/Illuminate/Foundation/Application.php(1040): Illuminate\\Foundation\\Application->bootProvider(Object(App\\Providers\\RouteServiceProvider))
#20 [internal function]: Illuminate\\Foundation\\Application->Illuminate\\Foundation\\{closure}(Object(App\\Providers\\RouteServiceProvider), 31)
#21 /Users/appkey/Desktop/agungappkey/tugas-akhir/vendor/laravel/framework/src/Illuminate/Foundation/Application.php(1039): array_walk(Array, Object(Closure))
#22 /Users/appkey/Desktop/agungappkey/tugas-akhir/vendor/laravel/framework/src/Illuminate/Foundation/Bootstrap/BootProviders.php(17): Illuminate\\Foundation\\Application->boot()
#23 /Users/appkey/Desktop/agungappkey/tugas-akhir/vendor/laravel/framework/src/Illuminate/Foundation/Application.php(286): Illuminate\\Foundation\\Bootstrap\\BootProviders->bootstrap(Object(Illuminate\\Foundation\\Application))
#24 /Users/appkey/Desktop/agungappkey/tugas-akhir/vendor/laravel/framework/src/Illuminate/Foundation/Console/Kernel.php(447): Illuminate\\Foundation\\Application->bootstrapWith(Array)
#25 /Users/appkey/Desktop/agungappkey/tugas-akhir/vendor/laravel/framework/src/Illuminate/Foundation/Console/Kernel.php(199): Illuminate\\Foundation\\Console\\Kernel->bootstrap()
#26 /Users/appkey/Desktop/agungappkey/tugas-akhir/artisan(35): Illuminate\\Foundation\\Console\\Kernel->handle(Object(Symfony\\Component\\Console\\Input\\ArgvInput), Object(Symfony\\Component\\Console\\Output\\ConsoleOutput))
#27 {main}","url":"http://localhost","method":"GET","ip":"127.0.0.1","user_agent":"Symfony","user_id":null} 
[2025-12-06 09:06:45] laravel.EMERGENCY: Unable to create configured logger. Using emergency logger. {"exception":"[object] (ErrorException(code: 0): Undefined array key \"channels\" at /Users/appkey/Desktop/agungappkey/tugas-akhir/vendor/laravel/framework/src/Illuminate/Log/LogManager.php:260)
[stacktrace]
#0 /Users/appkey/Desktop/agungappkey/tugas-akhir/vendor/laravel/framework/src/Illuminate/Foundation/Bootstrap/HandleExceptions.php(255): Illuminate\\Foundation\\Bootstrap\\HandleExceptions->handleError(2, 'Undefined array...', '/Users/appkey/D...', 260)
#1 /Users/appkey/Desktop/agungappkey/tugas-akhir/vendor/laravel/framework/src/Illuminate/Log/LogManager.php(260): Illuminate\\Foundation\\Bootstrap\\HandleExceptions->Illuminate\\Foundation\\Bootstrap\\{closure}(2, 'Undefined array...', '/Users/appkey/D...', 260)
#2 /Users/appkey/Desktop/agungappkey/tugas-akhir/vendor/laravel/framework/src/Illuminate/Log/LogManager.php(222): Illuminate\\Log\\LogManager->createStackDriver(Array)
#3 /Users/appkey/Desktop/agungappkey/tugas-akhir/vendor/laravel/framework/src/Illuminate/Log/LogManager.php(137): Illuminate\\Log\\LogManager->resolve('stack', Array)
#4 /Users/appkey/Desktop/agungappkey/tugas-akhir/vendor/laravel/framework/src/Illuminate/Log/LogManager.php(124): Illuminate\\Log\\LogManager->get('stack')
#5 /Users/appkey/Desktop/agungappkey/tugas-akhir/vendor/laravel/framework/src/Illuminate/Log/LogManager.php(681): Illuminate\\Log\\LogManager->driver()
#6 /Users/appkey/Desktop/agungappkey/tugas-akhir/vendor/laravel/framework/src/Illuminate/Foundation/Exceptions/Handler.php(317): Illuminate\\Log\\LogManager->error('Unclosed '(' do...', Array)
#7 /Users/appkey/Desktop/agungappkey/tugas-akhir/vendor/laravel/framework/src/Illuminate/Foundation/Exceptions/Handler.php(278): Illuminate\\Foundation\\Exceptions\\Handler->reportThrowable(Object(ParseError))
#8 /Users/appkey/Desktop/agungappkey/tugas-akhir/vendor/nunomaduro/collision/src/Adapters/Laravel/ExceptionHandler.php(46): Illuminate\\Foundation\\Exceptions\\Handler->report(Object(ParseError))
#9 /Users/appkey/Desktop/agungappkey/tugas-akhir/vendor/laravel/framework/src/Illuminate/Foundation/Console/Kernel.php(523): NunoMaduro\\Collision\\Adapters\\Laravel\\ExceptionHandler->report(Object(ParseError))
#10 /Users/appkey/Desktop/agungappkey/tugas-akhir/vendor/laravel/framework/src/Illuminate/Foundation/Console/Kernel.php(203): Illuminate\\Foundation\\Console\\Kernel->reportException(Object(ParseError))
#11 /Users/appkey/Desktop/agungappkey/tugas-akhir/artisan(35): Illuminate\\Foundation\\Console\\Kernel->handle(Object(Symfony\\Component\\Console\\Input\\ArgvInput), Object(Symfony\\Component\\Console\\Output\\ConsoleOutput))
#12 {main}
"} 
[2025-12-06 09:06:45] laravel.ERROR: Unclosed '(' does not match ']' {"exception":"[object] (ParseError(code: 0): Unclosed '(' does not match ']' at /Users/appkey/Desktop/agungappkey/tugas-akhir/routes/auth.php:49)
[stacktrace]
#0 /Users/appkey/Desktop/agungappkey/tugas-akhir/vendor/laravel/framework/src/Illuminate/Routing/RouteFileRegistrar.php(35): require()
#1 /Users/appkey/Desktop/agungappkey/tugas-akhir/vendor/laravel/framework/src/Illuminate/Routing/Router.php(511): Illuminate\\Routing\\RouteFileRegistrar->register('/Users/appkey/D...')
#2 /Users/appkey/Desktop/agungappkey/tugas-akhir/vendor/laravel/framework/src/Illuminate/Routing/Router.php(465): Illuminate\\Routing\\Router->loadRoutes('/Users/appkey/D...')
#3 /Users/appkey/Desktop/agungappkey/tugas-akhir/vendor/laravel/framework/src/Illuminate/Routing/RouteRegistrar.php(194): Illuminate\\Routing\\Router->group(Array, '/Users/appkey/D...')
#4 /Users/appkey/Desktop/agungappkey/tugas-akhir/app/Providers/RouteServiceProvider.php(42): Illuminate\\Routing\\RouteRegistrar->group('/Users/appkey/D...')
#5 /Users/appkey/Desktop/agungappkey/tugas-akhir/vendor/laravel/framework/src/Illuminate/Container/BoundMethod.php(36): App\\Providers\\RouteServiceProvider->App\\Providers\\{closure}()
#6 /Users/appkey/Desktop/agungappkey/tugas-akhir/vendor/laravel/framework/src/Illuminate/Container/Util.php(41): Illuminate\\Container\\BoundMethod::Illuminate\\Container\\{closure}()
#7 /Users/appkey/Desktop/agungappkey/tugas-akhir/vendor/laravel/framework/src/Illuminate/Container/BoundMethod.php(81): Illuminate\\Container\\Util::unwrapIfClosure(Object(Closure))
#8 /Users/appkey/Desktop/agungappkey/tugas-akhir/vendor/laravel/framework/src/Illuminate/Container/BoundMethod.php(35): Illuminate\\Container\\BoundMethod::callBoundMethod(Object(Illuminate\\Foundation\\Application), Object(Closure), Object(Closure))
#9 /Users/appkey/Desktop/agungappkey/tugas-akhir/vendor/laravel/framework/src/Illuminate/Container/Container.php(662): Illuminate\\Container\\BoundMethod::call(Object(Illuminate\\Foundation\\Application), Object(Closure), Array, NULL)
#10 /Users/appkey/Desktop/agungappkey/tugas-akhir/vendor/laravel/framework/src/Illuminate/Foundation/Support/Providers/RouteServiceProvider.php(120): Illuminate\\Container\\Container->call(Object(Closure))
#11 /Users/appkey/Desktop/agungappkey/tugas-akhir/vendor/laravel/framework/src/Illuminate/Foundation/Support/Providers/RouteServiceProvider.php(45): Illuminate\\Foundation\\Support\\Providers\\RouteServiceProvider->loadRoutes()
#12 /Users/appkey/Desktop/agungappkey/tugas-akhir/vendor/laravel/framework/src/Illuminate/Container/BoundMethod.php(36): Illuminate\\Foundation\\Support\\Providers\\RouteServiceProvider->Illuminate\\Foundation\\Support\\Providers\\{closure}()
#13 /Users/appkey/Desktop/agungappkey/tugas-akhir/vendor/laravel/framework/src/Illuminate/Container/Util.php(41): Illuminate\\Container\\BoundMethod::Illuminate\\Container\\{closure}()
#14 /Users/appkey/Desktop/agungappkey/tugas-akhir/vendor/laravel/framework/src/Illuminate/Container/BoundMethod.php(81): Illuminate\\Container\\Util::unwrapIfClosure(Object(Closure))
#15 /Users/appkey/Desktop/agungappkey/tugas-akhir/vendor/laravel/framework/src/Illuminate/Container/BoundMethod.php(35): Illuminate\\Container\\BoundMethod::callBoundMethod(Object(Illuminate\\Foundation\\Application), Object(Closure), Object(Closure))
#16 /Users/appkey/Desktop/agungappkey/tugas-akhir/vendor/laravel/framework/src/Illuminate/Container/Container.php(662): Illuminate\\Container\\BoundMethod::call(Object(Illuminate\\Foundation\\Application), Object(Closure), Array, NULL)
#17 /Users/appkey/Desktop/agungappkey/tugas-akhir/vendor/laravel/framework/src/Illuminate/Support/ServiceProvider.php(119): Illuminate\\Container\\Container->call(Object(Closure))
#18 /Users/appkey/Desktop/agungappkey/tugas-akhir/vendor/laravel/framework/src/Illuminate/Foundation/Application.php(1062): Illuminate\\Support\\ServiceProvider->callBootedCallbacks()
#19 /Users/appkey/Desktop/agungappkey/tugas-akhir/vendor/laravel/framework/src/Illuminate/Foundation/Application.php(1040): Illuminate\\Foundation\\Application->bootProvider(Object(App\\Providers\\RouteServiceProvider))
#20 [internal function]: Illuminate\\Foundation\\Application->Illuminate\\Foundation\\{closure}(Object(App\\Providers\\RouteServiceProvider), 31)
#21 /Users/appkey/Desktop/agungappkey/tugas-akhir/vendor/laravel/framework/src/Illuminate/Foundation/Application.php(1039): array_walk(Array, Object(Closure))
#22 /Users/appkey/Desktop/agungappkey/tugas-akhir/vendor/laravel/framework/src/Illuminate/Foundation/Bootstrap/BootProviders.php(17): Illuminate\\Foundation\\Application->boot()
#23 /Users/appkey/Desktop/agungappkey/tugas-akhir/vendor/laravel/framework/src/Illuminate/Foundation/Application.php(286): Illuminate\\Foundation\\Bootstrap\\BootProviders->bootstrap(Object(Illuminate\\Foundation\\Application))
#24 /Users/appkey/Desktop/agungappkey/tugas-akhir/vendor/laravel/framework/src/Illuminate/Foundation/Console/Kernel.php(447): Illuminate\\Foundation\\Application->bootstrapWith(Array)
#25 /Users/appkey/Desktop/agungappkey/tugas-akhir/vendor/laravel/framework/src/Illuminate/Foundation/Console/Kernel.php(199): Illuminate\\Foundation\\Console\\Kernel->bootstrap()
#26 /Users/appkey/Desktop/agungappkey/tugas-akhir/artisan(35): Illuminate\\Foundation\\Console\\Kernel->handle(Object(Symfony\\Component\\Console\\Input\\ArgvInput), Object(Symfony\\Component\\Console\\Output\\ConsoleOutput))
#27 {main}
"} 
